Tarih,Yemek Adi,Fiyat,Maliyet,Hazirlanma Suresi,Garson
2025-12-11 17:18:38,Künefe,80,35,5,Garson Ali
2025-12-11 22:33:38,Mercimek,40,12,3,Garson Mehmet
2025-12-11 23:25:38,Kola,25,15,1,Garson Ali
2025-12-11 11:14:38,Beyti,160,70,9,Garson Mehmet
2025-12-11 23:07:38,İskender,150,65,8,Garson Ali
2025-12-11 22:01:38,Kola,25,15,1,Garson Ali
2025-12-11 23:57:38,Su,10,2,1,Garson Ali
2025-12-11 19:14:38,İskender,150,65,8,Garson Zeynep
2025-12-11 18:43:38,Beyti,160,70,9,Garson Ali
2025-12-11 16:58:38,Su,10,2,1,Garson Mehmet
2025-12-11 23:51:38,Beyti,160,70,9,Garson Ali
2025-12-11 15:46:38,Beyti,160,70,9,Garson Ayşe
2025-12-11 14:03:38,Adana,140,60,7,Garson Ali
2025-12-11 16:03:38,Beyti,160,70,9,Garson Mehmet
2025-12-11 15:31:38,İskender,150,65,8,Garson Ayşe
2025-12-11 15:12:38,Mercimek,40,12,3,Garson Ali
2025-12-11 14:24:38,Su,10,2,1,Garson Ayşe
2025-12-11 18:01:38,Su,10,2,1,Garson Ayşe
2025-12-11 21:53:38,Mercimek,40,12,3,Garson Ayşe
2025-12-11 20:35:38,Su,10,2,1,Garson Ali
2025-12-11 21:20:38,Kola,25,15,1,Garson Ali
2025-12-11 22:00:38,Mercimek,40,12,3,Garson Ali
2025-12-11 23:57:38,Beyti,160,70,9,Garson Ayşe
2025-12-11 23:44:38,Kola,25,15,1,Garson Ali
2025-12-11 23:43:38,Ezogelin,40,12,3,Garson Mehmet
2025-12-11 16:43:38,Beyti,160,70,9,Garson Ali
2025-12-11 14:36:38,İskender,150,65,8,Garson Ayşe
2025-12-11 20:32:38,Künefe,80,35,5,Garson Ali
2025-12-11 16:15:38,İskender,150,65,8,Garson Ali
2025-12-11 12:44:38,Beyti,160,70,9,Garson Ali
2025-12-11 23:14:38,Künefe,80,35,5,Garson Ali
2025-12-11 13:17:38,Beyti,160,70,9,Garson Ali
2025-12-11 18:33:38,Mercimek,40,12,3,Garson Ali
2025-12-11 15:55:38,Adana,140,60,7,Garson Mehmet
2025-12-11 22:47:38,İskender,150,65,8,Garson Ali
2025-12-11 18:26:38,Künefe,80,35,5,Garson Ali
2025-12-10 18:18:38,Su,10,2,1,Garson Ayşe
2025-12-10 15:56:38,Kola,25,15,1,Garson Ayşe
2025-12-10 18:10:38,Su,10,2,1,Garson Mehmet
2025-12-10 13:57:38,Adana,140,60,7,Garson Ali
2025-12-10 17:25:38,Ayran,15,4,1,Garson Ayşe
2025-12-10 13:56:38,Kola,25,15,1,Garson Ali
2025-12-10 14:13:38,Kola,25,15,1,Garson Ali
2025-12-10 12:47:38,Mercimek,40,12,3,Garson Ali
2025-12-10 21:21:38,Su,10,2,1,Garson Ali
2025-12-10 14:24:38,Künefe,80,35,5,Garson Ali
2025-12-10 17:51:38,İskender,150,65,8,Garson Ali
2025-12-10 11:09:38,İskender,150,65,8,Garson Ayşe
2025-12-10 22:30:38,Su,10,2,1,Garson Ali
2025-12-10 18:57:38,İskender,150,65,8,Garson Mehmet
2025-12-10 18:45:38,Beyti,160,70,9,Garson Ali
2025-12-10 13:18:38,Ayran,15,4,1,Garson Ali
2025-12-10 13:07:38,İskender,150,65,8,Garson Ali
2025-12-10 19:13:38,İskender,150,65,8,Garson Ayşe
2025-12-10 13:46:38,Ayran,15,4,1,Garson Ayşe
2025-12-10 20:23:38,Beyti,160,70,9,Garson Mehmet
2025-12-10 16:01:38,Künefe,80,35,5,Garson Ali
2025-12-10 11:38:38,Mercimek,40,12,3,Garson Ali
2025-12-10 15:39:38,Su,10,2,1,Garson Ali
2025-12-10 16:12:38,İskender,150,65,8,Garson Ali
2025-12-10 13:33:38,Su,10,2,1,Garson Ali
2025-12-10 20:36:38,Su,10,2,1,Garson Ali
2025-12-10 23:14:38,Su,10,2,1,Garson Ayşe
2025-12-10 15:05:38,Mercimek,40,12,3,Garson Ali
2025-12-10 17:27:38,Adana,140,60,7,Garson Ali
2025-12-10 16:19:38,Su,10,2,1,Garson Ali
2025-12-10 23:59:38,Su,10,2,1,Garson Mehmet
2025-12-10 14:58:38,İskender,150,65,8,Garson Ali
2025-12-10 13:21:38,Künefe,80,35,5,Garson Ayşe
2025-12-10 14:26:38,Ayran,15,4,1,Garson Ali
2025-12-10 21:41:38,Adana,140,60,7,Garson Ayşe
2025-12-10 22:24:38,Su,10,2,1,Garson Ayşe
2025-12-10 22:14:38,Beyti,160,70,9,Garson Ali
2025-12-10 21:01:38,Adana,140,60,7,Garson Ali
2025-12-09 15:44:38,Beyti,160,70,9,Garson Ayşe
2025-12-09 11:23:38,Beyti,160,70,9,Garson Ayşe
2025-12-09 14:13:38,İskender,150,65,8,Garson Ayşe
2025-12-09 20:57:38,İskender,150,65,8,Garson Ali
2025-12-09 12:56:38,Beyti,160,70,9,Garson Ayşe
2025-12-09 17:39:38,Su,10,2,1,Garson Ali
2025-12-09 14:36:38,Beyti,160,70,9,Garson Ayşe
2025-12-09 21:56:38,Beyti,160,70,9,Garson Ali
2025-12-09 14:04:38,Beyti,160,70,9,Garson Ali
2025-12-09 23:28:38,Künefe,80,35,5,Garson Ali
2025-12-09 12:27:38,Beyti,160,70,9,Garson Ali
2025-12-09 22:31:38,Su,10,2,1,Garson Ayşe
2025-12-09 19:41:38,Adana,140,60,7,Garson Ali
2025-12-09 18:07:38,Beyti,160,70,9,Garson Ali
2025-12-09 11:32:38,Beyti,160,70,9,Garson Ali
2025-12-09 14:28:38,İskender,150,65,8,Garson Ali
2025-12-09 15:00:38,Künefe,80,35,5,Garson Ali
2025-12-09 21:48:38,Kola,25,15,1,Garson Mehmet
2025-12-09 21:26:38,Beyti,160,70,9,Garson Ali
2025-12-09 20:09:38,Su,10,2,1,Garson Zeynep
2025-12-09 16:56:38,Su,10,2,1,Garson Ayşe
2025-12-09 12:43:38,Su,10,2,1,Garson Ali
2025-12-09 22:23:38,İskender,150,65,8,Garson Ayşe
2025-12-09 16:20:38,Ayran,15,4,1,Garson Ayşe
2025-12-09 18:42:38,Ezogelin,40,12,3,Garson Ali
2025-12-08 20:10:38,Künefe,80,35,5,Garson Zeynep
2025-12-08 22:59:38,Beyti,160,70,9,Garson Ayşe
2025-12-08 23:23:38,Su,10,2,1,Garson Ali
2025-12-08 22:34:38,Beyti,160,70,9,Garson Ayşe
2025-12-08 17:31:38,Su,10,2,1,Garson Ayşe
2025-12-08 21:01:38,Su,10,2,1,Garson Ali
2025-12-08 12:49:38,Beyti,160,70,9,Garson Ayşe
2025-12-08 12:45:38,Beyti,160,70,9,Garson Ayşe
2025-12-08 17:13:38,Ezogelin,40,12,3,Garson Ayşe
2025-12-08 17:20:38,İskender,150,65,8,Garson Ali
2025-12-08 21:45:38,İskender,150,65,8,Garson Ali
2025-12-08 23:28:38,Ezogelin,40,12,3,Garson Ayşe
2025-12-08 13:24:38,Beyti,160,70,9,Garson Mehmet
2025-12-08 17:02:38,İskender,150,65,8,Garson Ali
2025-12-08 14:31:38,Künefe,80,35,5,Garson Zeynep
2025-12-08 16:08:38,Ezogelin,40,12,3,Garson Ali
2025-12-08 14:14:38,Su,10,2,1,Garson Ayşe
2025-12-08 16:34:38,Su,10,2,1,Garson Ali
2025-12-08 15:08:38,Mercimek,40,12,3,Garson Mehmet
2025-12-08 12:20:38,Su,10,2,1,Garson Ali
2025-12-08 22:36:38,İskender,150,65,8,Garson Ali
2025-12-08 20:56:38,Beyti,160,70,9,Garson Ali
2025-12-08 17:56:38,Beyti,160,70,9,Garson Mehmet
2025-12-08 16:09:38,İskender,150,65,8,Garson Ali
2025-12-08 16:42:38,Beyti,160,70,9,Garson Mehmet
2025-12-08 13:45:38,Beyti,160,70,9,Garson Ali
2025-12-08 22:08:38,Kola,25,15,1,Garson Ali
2025-12-08 20:06:38,Beyti,160,70,9,Garson Mehmet
2025-12-08 12:00:38,Ayran,15,4,1,Garson Ali
2025-12-08 22:46:38,Beyti,160,70,9,Garson Ali
2025-12-08 18:37:38,Su,10,2,1,Garson Ayşe
2025-12-08 11:57:38,Adana,140,60,7,Garson Ali
2025-12-07 14:14:38,Künefe,80,35,5,Garson Ayşe
2025-12-07 11:49:38,Su,10,2,1,Garson Ali
2025-12-07 12:12:38,İskender,150,65,8,Garson Ali
2025-12-07 16:38:38,İskender,150,65,8,Garson Zeynep
2025-12-07 23:36:38,Beyti,160,70,9,Garson Ali
2025-12-07 18:16:38,Su,10,2,1,Garson Ayşe
2025-12-07 16:12:38,İskender,150,65,8,Garson Mehmet
2025-12-07 16:52:38,Beyti,160,70,9,Garson Ayşe
2025-12-07 12:00:38,İskender,150,65,8,Garson Ali
2025-12-07 22:06:38,Mercimek,40,12,3,Garson Ayşe
2025-12-07 21:11:38,İskender,150,65,8,Garson Ayşe
2025-12-07 20:09:38,İskender,150,65,8,Garson Ayşe
2025-12-07 18:20:38,Beyti,160,70,9,Garson Ayşe
2025-12-07 21:24:38,Künefe,80,35,5,Garson Ayşe
2025-12-07 11:44:38,Mercimek,40,12,3,Garson Ali
2025-12-07 14:59:38,İskender,150,65,8,Garson Ayşe
2025-12-07 17:53:38,İskender,150,65,8,Garson Ayşe
2025-12-07 15:26:38,Su,10,2,1,Garson Ayşe
2025-12-07 13:00:38,İskender,150,65,8,Garson Ayşe
2025-12-07 20:26:38,Adana,140,60,7,Garson Ali
2025-12-07 20:43:38,Su,10,2,1,Garson Ali
2025-12-07 17:07:38,Kola,25,15,1,Garson Ali
2025-12-07 20:42:38,Beyti,160,70,9,Garson Ayşe
2025-12-07 20:27:38,Künefe,80,35,5,Garson Ayşe
2025-12-07 11:38:38,Su,10,2,1,Garson Ayşe
2025-12-07 22:53:38,İskender,150,65,8,Garson Ali
2025-12-07 17:14:38,Beyti,160,70,9,Garson Ali
2025-12-07 18:45:38,Ezogelin,40,12,3,Garson Ali
2025-12-07 17:15:38,İskender,150,65,8,Garson Ayşe
2025-12-07 12:49:38,Beyti,160,70,9,Garson Ali
2025-12-07 14:27:38,Su,10,2,1,Garson Ayşe
2025-12-07 17:09:38,Beyti,160,70,9,Garson Ayşe
2025-12-07 12:25:38,İskender,150,65,8,Garson Zeynep
2025-12-07 15:11:38,Beyti,160,70,9,Garson Mehmet
2025-12-07 14:16:38,Su,10,2,1,Garson Ali
2025-12-07 18:21:38,Beyti,160,70,9,Garson Ali
2025-12-07 13:10:38,Mercimek,40,12,3,Garson Ali
2025-12-07 23:14:38,Su,10,2,1,Garson Ali
2025-12-07 11:26:38,İskender,150,65,8,Garson Ali
2025-12-07 19:58:38,Ezogelin,40,12,3,Garson Ali
2025-12-07 23:39:38,İskender,150,65,8,Garson Ali
2025-12-07 13:07:38,Kola,25,15,1,Garson Ali
2025-12-07 18:00:38,Su,10,2,1,Garson Ayşe
2025-12-07 21:56:38,Beyti,160,70,9,Garson Ali
2025-12-07 23:05:38,Su,10,2,1,Garson Ali
2025-12-07 17:03:38,İskender,150,65,8,Garson Mehmet
2025-12-07 11:04:38,Beyti,160,70,9,Garson Ayşe
2025-12-07 17:17:38,Su,10,2,1,Garson Ali
2025-12-07 12:40:38,Su,10,2,1,Garson Ayşe
2025-12-07 14:00:38,Beyti,160,70,9,Garson Ali
2025-12-07 13:13:38,Beyti,160,70,9,Garson Ali
2025-12-07 22:19:38,Künefe,80,35,5,Garson Ayşe
2025-12-07 19:41:38,Adana,140,60,7,Garson Mehmet
2025-12-07 17:20:38,Ayran,15,4,1,Garson Ayşe
2025-12-07 22:43:38,İskender,150,65,8,Garson Ayşe
2025-12-07 17:33:38,Su,10,2,1,Garson Ali
2025-12-07 15:56:38,Künefe,80,35,5,Garson Mehmet
2025-12-07 18:25:38,Kola,25,15,1,Garson Ali
2025-12-07 18:59:38,İskender,150,65,8,Garson Ali
2025-12-07 15:57:38,Kola,25,15,1,Garson Ayşe
2025-12-07 17:57:38,Ayran,15,4,1,Garson Ayşe
2025-12-07 15:39:38,Ayran,15,4,1,Garson Ayşe
2025-12-07 20:03:38,Beyti,160,70,9,Garson Ali
2025-12-07 11:48:38,Su,10,2,1,Garson Zeynep
2025-12-07 20:57:38,Adana,140,60,7,Garson Ayşe
2025-12-07 12:10:38,Beyti,160,70,9,Garson Ayşe
2025-12-07 22:46:38,Beyti,160,70,9,Garson Ayşe
2025-12-07 19:04:38,Su,10,2,1,Garson Ali
2025-12-07 11:08:38,Ezogelin,40,12,3,Garson Ayşe
2025-12-07 12:19:38,Beyti,160,70,9,Garson Zeynep
2025-12-07 23:30:38,Su,10,2,1,Garson Ali
2025-12-07 23:20:38,Su,10,2,1,Garson Ayşe
2025-12-07 21:55:38,Ayran,15,4,1,Garson Ayşe
2025-12-07 12:50:38,Kola,25,15,1,Garson Ayşe
2025-12-07 22:25:38,İskender,150,65,8,Garson Ali
2025-12-07 20:02:38,İskender,150,65,8,Garson Mehmet
2025-12-07 19:47:38,Beyti,160,70,9,Garson Ali
2025-12-07 12:17:38,Su,10,2,1,Garson Ali
2025-12-07 18:03:38,Ayran,15,4,1,Garson Ali
2025-12-07 19:58:38,Beyti,160,70,9,Garson Ayşe
2025-12-07 18:42:38,Kola,25,15,1,Garson Zeynep
2025-12-07 12:28:38,Adana,140,60,7,Garson Mehmet
2025-12-07 16:22:38,İskender,150,65,8,Garson Ayşe
2025-12-07 21:52:38,Ezogelin,40,12,3,Garson Ali
2025-12-07 12:27:38,Künefe,80,35,5,Garson Ali
2025-12-06 21:02:38,Su,10,2,1,Garson Ali
2025-12-06 14:47:38,Künefe,80,35,5,Garson Ali
2025-12-06 17:21:38,Beyti,160,70,9,Garson Ali
2025-12-06 14:06:38,Su,10,2,1,Garson Ali
2025-12-06 13:02:38,İskender,150,65,8,Garson Ali
2025-12-06 14:05:38,Beyti,160,70,9,Garson Ayşe
2025-12-06 17:48:38,Adana,140,60,7,Garson Ayşe
2025-12-06 23:36:38,Su,10,2,1,Garson Mehmet
2025-12-06 11:15:38,Beyti,160,70,9,Garson Ali
2025-12-06 11:18:38,Ayran,15,4,1,Garson Ali
2025-12-06 14:15:38,Ezogelin,40,12,3,Garson Ayşe
2025-12-06 20:48:38,Adana,140,60,7,Garson Ayşe
2025-12-06 21:04:38,Beyti,160,70,9,Garson Ali
2025-12-06 18:39:38,Künefe,80,35,5,Garson Ali
2025-12-06 16:32:38,İskender,150,65,8,Garson Ali
2025-12-06 15:25:38,İskender,150,65,8,Garson Ayşe
2025-12-06 19:36:38,Adana,140,60,7,Garson Zeynep
2025-12-06 11:47:38,Su,10,2,1,Garson Mehmet
2025-12-06 12:40:38,Beyti,160,70,9,Garson Ayşe
2025-12-06 12:37:38,İskender,150,65,8,Garson Ali
2025-12-06 21:25:38,Beyti,160,70,9,Garson Ayşe
2025-12-06 17:17:38,İskender,150,65,8,Garson Mehmet
2025-12-06 20:22:38,Künefe,80,35,5,Garson Ali
2025-12-06 18:23:38,Ezogelin,40,12,3,Garson Ali
2025-12-06 12:44:38,Beyti,160,70,9,Garson Ali
2025-12-06 19:21:38,Beyti,160,70,9,Garson Ali
2025-12-06 12:13:38,Su,10,2,1,Garson Zeynep
2025-12-06 23:36:38,Beyti,160,70,9,Garson Ayşe
2025-12-06 14:29:38,Su,10,2,1,Garson Ali
2025-12-06 15:06:38,Su,10,2,1,Garson Ali
2025-12-06 15:14:38,Beyti,160,70,9,Garson Ayşe
2025-12-06 21:23:38,Ayran,15,4,1,Garson Ali
2025-12-06 11:11:38,Kola,25,15,1,Garson Ayşe
2025-12-06 23:19:38,Su,10,2,1,Garson Ali
2025-12-06 11:49:38,Ayran,15,4,1,Garson Ali
2025-12-06 16:34:38,İskender,150,65,8,Garson Ali
2025-12-06 13:02:38,İskender,150,65,8,Garson Mehmet
2025-12-06 12:17:38,Adana,140,60,7,Garson Ali
2025-12-06 19:45:38,İskender,150,65,8,Garson Ali
2025-12-06 19:18:38,İskender,150,65,8,Garson Ali
2025-12-06 14:11:38,Adana,140,60,7,Garson Ali
2025-12-06 22:46:38,Su,10,2,1,Garson Ayşe
2025-12-06 11:37:38,Su,10,2,1,Garson Mehmet
2025-12-06 11:00:38,Su,10,2,1,Garson Ali
2025-12-06 15:28:38,İskender,150,65,8,Garson Ayşe
2025-12-06 12:10:38,Kola,25,15,1,Garson Mehmet
2025-12-06 17:48:38,Beyti,160,70,9,Garson Ayşe
2025-12-06 19:14:38,İskender,150,65,8,Garson Ayşe
2025-12-06 23:00:38,Beyti,160,70,9,Garson Ali
2025-12-06 12:29:38,Künefe,80,35,5,Garson Ali
2025-12-06 17:15:38,Ezogelin,40,12,3,Garson Ayşe
2025-12-06 17:55:38,Su,10,2,1,Garson Ayşe
2025-12-06 12:03:38,Ayran,15,4,1,Garson Ali
2025-12-06 14:22:38,Su,10,2,1,Garson Ali
2025-12-06 21:22:38,Kola,25,15,1,Garson Ali
2025-12-06 22:28:38,Kola,25,15,1,Garson Ayşe
2025-12-06 21:56:38,İskender,150,65,8,Garson Ali
2025-12-06 12:52:38,İskender,150,65,8,Garson Ayşe
2025-12-06 21:27:38,İskender,150,65,8,Garson Ayşe
2025-12-06 20:41:38,Beyti,160,70,9,Garson Ali
2025-12-06 17:58:38,Su,10,2,1,Garson Ali
2025-12-06 11:44:38,Kola,25,15,1,Garson Ali
2025-12-06 21:05:38,İskender,150,65,8,Garson Ali
2025-12-06 15:56:38,Su,10,2,1,Garson Ali
2025-12-06 23:50:38,Kola,25,15,1,Garson Ayşe
2025-12-06 18:15:38,Su,10,2,1,Garson Ali
2025-12-06 20:35:38,Su,10,2,1,Garson Ali
2025-12-06 16:07:38,Kola,25,15,1,Garson Ayşe
2025-12-05 19:43:38,Beyti,160,70,9,Garson Mehmet
2025-12-05 14:02:38,Künefe,80,35,5,Garson Ali
2025-12-05 16:51:38,İskender,150,65,8,Garson Ali
2025-12-05 18:19:38,Ezogelin,40,12,3,Garson Zeynep
2025-12-05 20:23:38,Beyti,160,70,9,Garson Ali
2025-12-05 11:23:38,Ayran,15,4,1,Garson Ali
2025-12-05 19:50:38,Adana,140,60,7,Garson Ali
2025-12-05 16:15:38,İskender,150,65,8,Garson Ali
2025-12-05 15:04:38,Künefe,80,35,5,Garson Ali
2025-12-05 13:21:38,Kola,25,15,1,Garson Mehmet
2025-12-05 15:18:38,Beyti,160,70,9,Garson Ali
2025-12-05 12:56:38,İskender,150,65,8,Garson Ayşe
2025-12-05 15:22:38,Kola,25,15,1,Garson Ali
2025-12-05 23:33:38,İskender,150,65,8,Garson Ayşe
2025-12-05 17:38:38,Su,10,2,1,Garson Ali
2025-12-05 21:19:38,İskender,150,65,8,Garson Ali
2025-12-05 16:18:38,İskender,150,65,8,Garson Ayşe
2025-12-05 18:31:38,Beyti,160,70,9,Garson Ali
2025-12-05 12:06:38,Kola,25,15,1,Garson Ali
2025-12-05 16:59:38,İskender,150,65,8,Garson Ali
2025-12-05 21:24:38,İskender,150,65,8,Garson Ali
2025-12-05 22:41:38,Beyti,160,70,9,Garson Ali
2025-12-05 20:59:38,Kola,25,15,1,Garson Ayşe
2025-12-05 23:09:38,İskender,150,65,8,Garson Zeynep
2025-12-05 21:34:38,Beyti,160,70,9,Garson Ali
2025-12-05 23:59:38,Kola,25,15,1,Garson Mehmet
2025-12-05 16:53:38,Beyti,160,70,9,Garson Ayşe
2025-12-05 12:02:38,Su,10,2,1,Garson Ali
2025-12-05 20:10:38,İskender,150,65,8,Garson Ali
2025-12-05 22:27:38,Beyti,160,70,9,Garson Ali
2025-12-05 16:46:38,Su,10,2,1,Garson Ali
2025-12-05 17:34:38,Su,10,2,1,Garson Ayşe
2025-12-05 19:56:38,Adana,140,60,7,Garson Ali
2025-12-05 12:05:38,Kola,25,15,1,Garson Ayşe
2025-12-04 15:15:38,İskender,150,65,8,Garson Ali
2025-12-04 21:08:38,Su,10,2,1,Garson Ayşe
2025-12-04 23:10:38,Su,10,2,1,Garson Ayşe
2025-12-04 21:50:38,Kola,25,15,1,Garson Mehmet
2025-12-04 21:23:38,Beyti,160,70,9,Garson Ali
2025-12-04 20:35:38,Su,10,2,1,Garson Ayşe
2025-12-04 22:26:38,Mercimek,40,12,3,Garson Ali
2025-12-04 17:58:38,Adana,140,60,7,Garson Ali
2025-12-04 16:59:38,İskender,150,65,8,Garson Zeynep
2025-12-04 20:39:38,İskender,150,65,8,Garson Ayşe
2025-12-04 12:36:38,Beyti,160,70,9,Garson Ali
2025-12-04 17:18:38,Adana,140,60,7,Garson Ayşe
2025-12-04 19:03:38,İskender,150,65,8,Garson Ayşe
2025-12-04 11:08:38,Beyti,160,70,9,Garson Ali
2025-12-04 21:35:38,Beyti,160,70,9,Garson Ali
2025-12-04 18:35:38,Su,10,2,1,Garson Ali
2025-12-04 17:25:38,Su,10,2,1,Garson Ayşe
2025-12-04 12:49:38,Su,10,2,1,Garson Ayşe
2025-12-04 20:56:38,Adana,140,60,7,Garson Ayşe
2025-12-04 18:46:38,Beyti,160,70,9,Garson Ali
2025-12-04 14:31:38,Kola,25,15,1,Garson Ayşe
2025-12-03 14:16:38,Su,10,2,1,Garson Mehmet
2025-12-03 19:56:38,İskender,150,65,8,Garson Ali
2025-12-03 20:07:38,İskender,150,65,8,Garson Mehmet
2025-12-03 18:21:38,Beyti,160,70,9,Garson Ali
2025-12-03 13:37:38,Beyti,160,70,9,Garson Ali
2025-12-03 12:05:38,Beyti,160,70,9,Garson Ayşe
2025-12-03 23:46:38,Su,10,2,1,Garson Ali
2025-12-03 21:04:38,Beyti,160,70,9,Garson Ayşe
2025-12-03 19:45:38,İskender,150,65,8,Garson Mehmet
2025-12-03 12:47:38,Adana,140,60,7,Garson Ali
2025-12-03 17:18:38,İskender,150,65,8,Garson Ali
2025-12-03 21:42:38,İskender,150,65,8,Garson Mehmet
2025-12-03 18:36:38,Ayran,15,4,1,Garson Ayşe
2025-12-03 18:54:38,İskender,150,65,8,Garson Mehmet
2025-12-03 16:58:38,Ayran,15,4,1,Garson Mehmet
2025-12-03 12:23:38,Adana,140,60,7,Garson Ali
2025-12-03 12:49:38,Beyti,160,70,9,Garson Ali
2025-12-03 22:26:38,Su,10,2,1,Garson Ali
2025-12-03 23:57:38,Adana,140,60,7,Garson Ali
2025-12-03 18:34:38,Su,10,2,1,Garson Ali
2025-12-03 14:33:38,Ezogelin,40,12,3,Garson Ayşe
2025-12-03 13:07:38,İskender,150,65,8,Garson Ayşe
2025-12-03 11:10:38,Su,10,2,1,Garson Ali
2025-12-03 16:33:38,Kola,25,15,1,Garson Ali
2025-12-03 20:47:38,Su,10,2,1,Garson Ayşe
2025-12-03 13:27:38,İskender,150,65,8,Garson Ayşe
2025-12-03 22:48:38,Su,10,2,1,Garson Ayşe
2025-12-03 21:34:38,Mercimek,40,12,3,Garson Ali
2025-12-03 22:19:38,Künefe,80,35,5,Garson Mehmet
2025-12-03 13:31:38,Su,10,2,1,Garson Ali
2025-12-03 21:36:38,İskender,150,65,8,Garson Ali
2025-12-03 21:54:38,Adana,140,60,7,Garson Ali
2025-12-03 23:48:38,Su,10,2,1,Garson Ayşe
2025-12-03 20:26:38,İskender,150,65,8,Garson Ali
2025-12-02 11:17:38,Beyti,160,70,9,Garson Mehmet
2025-12-02 18:32:38,Adana,140,60,7,Garson Ayşe
2025-12-02 22:00:38,Beyti,160,70,9,Garson Ayşe
2025-12-02 19:35:38,İskender,150,65,8,Garson Ali
2025-12-02 11:03:38,İskender,150,65,8,Garson Ayşe
2025-12-02 18:24:38,Adana,140,60,7,Garson Ali
2025-12-02 15:46:38,Beyti,160,70,9,Garson Zeynep
2025-12-02 21:49:38,Su,10,2,1,Garson Ayşe
2025-12-02 16:03:38,Mercimek,40,12,3,Garson Ali
2025-12-02 18:18:38,Su,10,2,1,Garson Ali
2025-12-02 16:27:38,İskender,150,65,8,Garson Ali
2025-12-02 11:11:38,Su,10,2,1,Garson Ali
2025-12-02 19:01:38,Su,10,2,1,Garson Ali
2025-12-02 18:28:38,Su,10,2,1,Garson Ali
2025-12-02 11:59:38,Kola,25,15,1,Garson Ali
2025-12-02 20:44:38,İskender,150,65,8,Garson Ali
2025-12-02 20:02:38,İskender,150,65,8,Garson Ayşe
2025-12-02 23:29:38,Beyti,160,70,9,Garson Ayşe
2025-12-02 23:29:38,Su,10,2,1,Garson Ayşe
2025-12-02 18:07:38,Beyti,160,70,9,Garson Ayşe
2025-12-02 20:32:38,Beyti,160,70,9,Garson Ali
2025-12-02 12:28:38,Beyti,160,70,9,Garson Ali
2025-12-02 23:50:38,Beyti,160,70,9,Garson Zeynep
2025-12-02 12:27:38,Kola,25,15,1,Garson Ali
2025-12-02 21:49:38,Beyti,160,70,9,Garson Ali
2025-12-02 12:34:38,Kola,25,15,1,Garson Zeynep
2025-12-01 21:32:38,Mercimek,40,12,3,Garson Ayşe
2025-12-01 23:30:38,İskender,150,65,8,Garson Ali
2025-12-01 15:05:38,Künefe,80,35,5,Garson Mehmet
2025-12-01 20:59:38,Su,10,2,1,Garson Ayşe
2025-12-01 17:09:38,Ayran,15,4,1,Garson Ali
2025-12-01 12:13:38,Mercimek,40,12,3,Garson Ali
2025-12-01 23:30:38,Adana,140,60,7,Garson Ayşe
2025-12-01 17:00:38,Su,10,2,1,Garson Ayşe
2025-12-01 13:39:38,Su,10,2,1,Garson Ayşe
2025-12-01 11:53:38,Su,10,2,1,Garson Ayşe
2025-12-01 18:05:38,Su,10,2,1,Garson Ali
2025-12-01 15:24:38,İskender,150,65,8,Garson Ali
2025-12-01 19:42:38,Su,10,2,1,Garson Ayşe
2025-12-01 17:41:38,Su,10,2,1,Garson Ali
2025-12-01 17:45:38,Su,10,2,1,Garson Ali
2025-12-01 14:30:38,Beyti,160,70,9,Garson Ali
2025-12-01 23:01:38,Künefe,80,35,5,Garson Zeynep
2025-12-01 23:27:38,Su,10,2,1,Garson Ali
2025-12-01 19:48:38,Adana,140,60,7,Garson Ayşe
2025-12-01 22:09:38,Beyti,160,70,9,Garson Mehmet
2025-12-01 19:10:38,Beyti,160,70,9,Garson Ali
2025-12-01 12:36:38,Ayran,15,4,1,Garson Ayşe
2025-12-01 22:26:38,Adana,140,60,7,Garson Ayşe
2025-12-01 19:00:38,Kola,25,15,1,Garson Mehmet
2025-12-01 14:42:38,Su,10,2,1,Garson Ali
2025-12-01 21:40:38,Ayran,15,4,1,Garson Ali
2025-12-01 21:23:38,Künefe,80,35,5,Garson Ali
2025-12-01 12:09:38,İskender,150,65,8,Garson Ayşe
2025-12-01 11:33:38,Beyti,160,70,9,Garson Ayşe
2025-12-01 12:57:38,İskender,150,65,8,Garson Ali
2025-12-01 13:06:38,Ezogelin,40,12,3,Garson Ali
2025-12-01 15:50:38,Künefe,80,35,5,Garson Zeynep
2025-12-01 19:31:38,Beyti,160,70,9,Garson Ali
2025-12-01 18:23:38,Beyti,160,70,9,Garson Mehmet
2025-12-01 21:41:38,Su,10,2,1,Garson Ali
2025-12-01 16:27:38,İskender,150,65,8,Garson Ayşe
2025-12-01 17:45:38,Ayran,15,4,1,Garson Ali
2025-12-01 22:26:38,Beyti,160,70,9,Garson Ali
2025-11-30 18:03:38,İskender,150,65,8,Garson Ali
2025-11-30 19:53:38,İskender,150,65,8,Garson Ali
2025-11-30 19:47:38,Beyti,160,70,9,Garson Ayşe
2025-11-30 14:25:38,İskender,150,65,8,Garson Ali
2025-11-30 22:01:38,Ezogelin,40,12,3,Garson Ali
2025-11-30 17:12:38,Beyti,160,70,9,Garson Ali
2025-11-30 22:35:38,İskender,150,65,8,Garson Ayşe
2025-11-30 14:26:38,Su,10,2,1,Garson Ali
2025-11-30 23:53:38,İskender,150,65,8,Garson Ali
2025-11-30 21:08:38,Künefe,80,35,5,Garson Mehmet
2025-11-30 17:14:38,İskender,150,65,8,Garson Ali
2025-11-30 21:42:38,Mercimek,40,12,3,Garson Ali
2025-11-30 20:47:38,Beyti,160,70,9,Garson Ayşe
2025-11-30 13:31:38,İskender,150,65,8,Garson Ali
2025-11-30 17:47:38,Mercimek,40,12,3,Garson Ayşe
2025-11-30 22:55:38,Su,10,2,1,Garson Ali
2025-11-30 18:18:38,Adana,140,60,7,Garson Ali
2025-11-30 14:12:38,İskender,150,65,8,Garson Ayşe
2025-11-30 15:07:38,İskender,150,65,8,Garson Ayşe
2025-11-30 19:03:38,Adana,140,60,7,Garson Ayşe
2025-11-30 14:13:38,Beyti,160,70,9,Garson Ayşe
2025-11-30 19:57:38,Adana,140,60,7,Garson Ali
2025-11-30 14:28:38,Kola,25,15,1,Garson Ali
2025-11-30 18:19:38,İskender,150,65,8,Garson Ali
2025-11-30 22:55:38,Adana,140,60,7,Garson Ali
2025-11-30 21:15:38,İskender,150,65,8,Garson Ali
2025-11-30 20:02:38,Beyti,160,70,9,Garson Mehmet
2025-11-30 12:38:38,İskender,150,65,8,Garson Ali
2025-11-30 12:18:38,İskender,150,65,8,Garson Ayşe
2025-11-30 17:09:38,Ezogelin,40,12,3,Garson Ali
2025-11-30 15:01:38,İskender,150,65,8,Garson Ali
2025-11-30 12:58:38,İskender,150,65,8,Garson Ali
2025-11-30 15:13:38,Ayran,15,4,1,Garson Ali
2025-11-30 20:22:38,Adana,140,60,7,Garson Ayşe
2025-11-30 15:23:38,Beyti,160,70,9,Garson Ali
2025-11-30 11:11:38,Beyti,160,70,9,Garson Ayşe
2025-11-30 13:22:38,Kola,25,15,1,Garson Ali
2025-11-30 17:06:38,Beyti,160,70,9,Garson Ali
2025-11-30 23:18:38,Künefe,80,35,5,Garson Ali
2025-11-30 11:01:38,Mercimek,40,12,3,Garson Ayşe
2025-11-30 22:55:38,Künefe,80,35,5,Garson Ali
2025-11-30 22:58:38,Su,10,2,1,Garson Ayşe
2025-11-30 22:46:38,Beyti,160,70,9,Garson Ayşe
2025-11-30 20:00:38,Ayran,15,4,1,Garson Ali
2025-11-30 19:18:38,İskender,150,65,8,Garson Ayşe
2025-11-30 21:11:38,Adana,140,60,7,Garson Ayşe
2025-11-30 13:42:38,Su,10,2,1,Garson Ali
2025-11-30 22:33:38,Beyti,160,70,9,Garson Ayşe
2025-11-30 21:07:38,Beyti,160,70,9,Garson Ayşe
2025-11-30 15:12:38,Beyti,160,70,9,Garson Zeynep
2025-11-30 16:38:38,Beyti,160,70,9,Garson Ayşe
2025-11-30 12:00:38,Beyti,160,70,9,Garson Ali
2025-11-30 12:31:38,Kola,25,15,1,Garson Ali
2025-11-30 23:33:38,Su,10,2,1,Garson Ali
2025-11-30 17:22:38,Su,10,2,1,Garson Ayşe
2025-11-30 19:13:38,İskender,150,65,8,Garson Ali
2025-11-30 15:39:38,Beyti,160,70,9,Garson Ali
2025-11-30 19:35:38,İskender,150,65,8,Garson Mehmet
2025-11-30 17:49:38,Su,10,2,1,Garson Ali
2025-11-30 23:15:38,Kola,25,15,1,Garson Ayşe
2025-11-30 14:07:38,İskender,150,65,8,Garson Ali
2025-11-30 18:02:38,Beyti,160,70,9,Garson Ali
2025-11-30 14:59:38,İskender,150,65,8,Garson Mehmet
2025-11-30 20:23:38,Beyti,160,70,9,Garson Ali
2025-11-30 14:40:38,Su,10,2,1,Garson Ali
2025-11-30 17:11:38,Beyti,160,70,9,Garson Ayşe
2025-11-30 12:23:38,Su,10,2,1,Garson Mehmet
2025-11-30 14:00:38,Su,10,2,1,Garson Ayşe
2025-11-30 16:18:38,Mercimek,40,12,3,Garson Ali
2025-11-30 13:18:38,İskender,150,65,8,Garson Ayşe
2025-11-30 12:23:38,Künefe,80,35,5,Garson Ali
2025-11-30 14:38:38,Su,10,2,1,Garson Ayşe
2025-11-30 23:22:38,İskender,150,65,8,Garson Mehmet
2025-11-30 21:46:38,Beyti,160,70,9,Garson Mehmet
2025-11-30 22:18:38,Beyti,160,70,9,Garson Ali
2025-11-30 16:24:38,Mercimek,40,12,3,Garson Ayşe
2025-11-30 19:28:38,İskender,150,65,8,Garson Ali
2025-11-30 18:02:38,Kola,25,15,1,Garson Ali
2025-11-30 20:09:38,Künefe,80,35,5,Garson Ayşe
2025-11-30 15:46:38,Beyti,160,70,9,Garson Ali
2025-11-30 16:59:38,Adana,140,60,7,Garson Ayşe
2025-11-30 16:58:38,Beyti,160,70,9,Garson Ayşe
2025-11-30 18:08:38,Su,10,2,1,Garson Ali
2025-11-29 12:20:38,Beyti,160,70,9,Garson Ayşe
2025-11-29 14:14:38,Kola,25,15,1,Garson Ali
2025-11-29 21:41:38,Su,10,2,1,Garson Ali
2025-11-29 19:26:38,İskender,150,65,8,Garson Ali
2025-11-29 14:08:38,Künefe,80,35,5,Garson Ali
2025-11-29 14:10:38,Su,10,2,1,Garson Ali
2025-11-29 16:10:38,Beyti,160,70,9,Garson Ali
2025-11-29 14:32:38,Beyti,160,70,9,Garson Ayşe
2025-11-29 18:59:38,Künefe,80,35,5,Garson Ayşe
2025-11-29 18:51:38,Mercimek,40,12,3,Garson Mehmet
2025-11-29 16:34:38,Su,10,2,1,Garson Ayşe
2025-11-29 16:33:38,Kola,25,15,1,Garson Ali
2025-11-29 11:53:38,Su,10,2,1,Garson Ali
2025-11-29 15:16:38,Beyti,160,70,9,Garson Ali
2025-11-29 12:43:38,Su,10,2,1,Garson Ali
2025-11-29 15:20:38,Künefe,80,35,5,Garson Ali
2025-11-29 19:51:38,Beyti,160,70,9,Garson Ayşe
2025-11-29 13:42:38,Ayran,15,4,1,Garson Ayşe
2025-11-29 19:35:38,Beyti,160,70,9,Garson Ayşe
2025-11-29 17:57:38,Ayran,15,4,1,Garson Ayşe
2025-11-29 11:03:38,Su,10,2,1,Garson Ali
2025-11-29 21:33:38,İskender,150,65,8,Garson Ali
2025-11-29 19:03:38,Su,10,2,1,Garson Ali
2025-11-29 17:43:38,Su,10,2,1,Garson Mehmet
2025-11-29 16:49:38,Kola,25,15,1,Garson Ayşe
2025-11-29 17:37:38,Su,10,2,1,Garson Ayşe
2025-11-29 23:11:38,Su,10,2,1,Garson Ali
2025-11-29 13:18:38,Su,10,2,1,Garson Ali
2025-11-29 15:29:38,Kola,25,15,1,Garson Ali
2025-11-29 21:29:38,Ayran,15,4,1,Garson Ayşe
2025-11-29 18:54:38,Beyti,160,70,9,Garson Ali
2025-11-29 21:12:38,Beyti,160,70,9,Garson Ayşe
2025-11-29 11:59:38,Adana,140,60,7,Garson Ayşe
2025-11-29 19:45:38,Beyti,160,70,9,Garson Ayşe
2025-11-29 17:40:38,Beyti,160,70,9,Garson Ali
2025-11-29 20:55:38,Beyti,160,70,9,Garson Ali
2025-11-29 12:32:38,Adana,140,60,7,Garson Zeynep
2025-11-29 13:42:38,Ezogelin,40,12,3,Garson Ali
2025-11-29 21:08:38,İskender,150,65,8,Garson Ali
2025-11-29 16:52:38,Kola,25,15,1,Garson Ali
2025-11-29 15:33:38,İskender,150,65,8,Garson Ali
2025-11-29 20:07:38,Su,10,2,1,Garson Ali
2025-11-29 13:51:38,Beyti,160,70,9,Garson Ali
2025-11-29 11:56:38,Beyti,160,70,9,Garson Ali
2025-11-29 19:19:38,Künefe,80,35,5,Garson Ali
2025-11-29 20:24:38,Adana,140,60,7,Garson Ali
2025-11-29 15:46:38,Künefe,80,35,5,Garson Ali
2025-11-29 23:55:38,Kola,25,15,1,Garson Ali
2025-11-29 17:29:38,Kola,25,15,1,Garson Ayşe
2025-11-29 20:31:38,Su,10,2,1,Garson Ali
2025-11-29 15:26:38,Mercimek,40,12,3,Garson Ayşe
2025-11-29 19:56:38,İskender,150,65,8,Garson Ali
2025-11-29 22:50:38,Gavurdağı,60,20,3,Garson Ali
2025-11-29 14:04:38,Su,10,2,1,Garson Ayşe
2025-11-29 18:43:38,Künefe,80,35,5,Garson Ali
2025-11-29 23:05:38,Adana,140,60,7,Garson Ali
2025-11-28 18:10:38,İskender,150,65,8,Garson Ali
2025-11-28 16:42:38,İskender,150,65,8,Garson Zeynep
2025-11-28 15:31:38,Beyti,160,70,9,Garson Ayşe
2025-11-28 20:13:38,Su,10,2,1,Garson Zeynep
2025-11-28 17:04:38,Su,10,2,1,Garson Ali
2025-11-28 20:23:38,Künefe,80,35,5,Garson Ali
2025-11-28 19:39:38,Ayran,15,4,1,Garson Ali
2025-11-28 11:41:38,Adana,140,60,7,Garson Ali
2025-11-28 21:50:38,Su,10,2,1,Garson Ali
2025-11-28 19:17:38,Ayran,15,4,1,Garson Ali
2025-11-28 12:03:38,Kola,25,15,1,Garson Ali
2025-11-28 12:50:38,Mercimek,40,12,3,Garson Ali
2025-11-28 14:31:38,İskender,150,65,8,Garson Ayşe
2025-11-28 18:16:38,Mercimek,40,12,3,Garson Ali
2025-11-28 17:54:38,Beyti,160,70,9,Garson Ali
2025-11-28 15:15:38,İskender,150,65,8,Garson Ayşe
2025-11-28 22:05:38,İskender,150,65,8,Garson Ali
2025-11-28 20:23:38,Su,10,2,1,Garson Ali
2025-11-28 13:48:38,Künefe,80,35,5,Garson Ayşe
2025-11-28 23:28:38,Beyti,160,70,9,Garson Ayşe
2025-11-28 18:14:38,Beyti,160,70,9,Garson Ali
2025-11-28 12:31:38,Su,10,2,1,Garson Ali
2025-11-28 18:11:38,Kola,25,15,1,Garson Ayşe
2025-11-28 13:32:38,Adana,140,60,7,Garson Ayşe
2025-11-28 15:53:38,İskender,150,65,8,Garson Ali
2025-11-28 23:53:38,Kola,25,15,1,Garson Ayşe
2025-11-28 20:17:38,Adana,140,60,7,Garson Ayşe
2025-11-28 17:24:38,Ayran,15,4,1,Garson Ayşe
2025-11-28 11:05:38,Su,10,2,1,Garson Ali
2025-11-28 18:22:38,Su,10,2,1,Garson Ali
2025-11-28 15:26:38,Su,10,2,1,Garson Ayşe
2025-11-28 13:47:38,Kola,25,15,1,Garson Mehmet
2025-11-28 14:27:38,Su,10,2,1,Garson Ayşe
2025-11-28 12:44:38,Su,10,2,1,Garson Zeynep
2025-11-28 21:51:38,Mercimek,40,12,3,Garson Ali
2025-11-28 19:52:38,Su,10,2,1,Garson Ali
2025-11-28 16:47:38,Su,10,2,1,Garson Ayşe
2025-11-28 21:59:38,Mercimek,40,12,3,Garson Ali
2025-11-28 19:07:38,Adana,140,60,7,Garson Ali
2025-11-28 14:59:38,Su,10,2,1,Garson Mehmet
2025-11-27 21:47:38,Beyti,160,70,9,Garson Ayşe
2025-11-27 18:45:38,Adana,140,60,7,Garson Ali
2025-11-27 15:06:38,Kola,25,15,1,Garson Ayşe
2025-11-27 19:18:38,İskender,150,65,8,Garson Ayşe
2025-11-27 17:11:38,Ayran,15,4,1,Garson Zeynep
2025-11-27 18:35:38,Beyti,160,70,9,Garson Ayşe
2025-11-27 12:14:38,Adana,140,60,7,Garson Mehmet
2025-11-27 21:40:38,Su,10,2,1,Garson Mehmet
2025-11-27 11:41:38,Beyti,160,70,9,Garson Ali
2025-11-27 22:03:38,Beyti,160,70,9,Garson Ali
2025-11-27 15:57:38,İskender,150,65,8,Garson Ali
2025-11-27 11:54:38,Beyti,160,70,9,Garson Ali
2025-11-27 22:55:38,Ezogelin,40,12,3,Garson Ali
2025-11-27 13:21:38,İskender,150,65,8,Garson Ayşe
2025-11-27 14:51:38,Su,10,2,1,Garson Mehmet
2025-11-27 16:07:38,Kola,25,15,1,Garson Ayşe
2025-11-27 16:45:38,Su,10,2,1,Garson Ali
2025-11-27 18:10:38,Beyti,160,70,9,Garson Ali
2025-11-27 11:03:38,Beyti,160,70,9,Garson Ayşe
2025-11-27 16:06:38,Ezogelin,40,12,3,Garson Ali
2025-11-27 23:07:38,Beyti,160,70,9,Garson Ali
2025-11-27 19:50:38,Kola,25,15,1,Garson Ayşe
2025-11-27 13:15:38,Beyti,160,70,9,Garson Ayşe
2025-11-27 15:02:38,Beyti,160,70,9,Garson Ayşe
2025-11-27 14:12:38,İskender,150,65,8,Garson Ali
2025-11-27 11:11:38,Su,10,2,1,Garson Ali
2025-11-27 16:31:38,Ezogelin,40,12,3,Garson Ayşe
2025-11-26 15:28:38,Beyti,160,70,9,Garson Ali
2025-11-26 16:41:38,Su,10,2,1,Garson Ayşe
2025-11-26 12:24:38,Beyti,160,70,9,Garson Ayşe
2025-11-26 15:41:38,Kola,25,15,1,Garson Ayşe
2025-11-26 12:28:38,Beyti,160,70,9,Garson Ali
2025-11-26 17:10:38,Beyti,160,70,9,Garson Zeynep
2025-11-26 15:25:38,İskender,150,65,8,Garson Ali
2025-11-26 19:57:38,Beyti,160,70,9,Garson Ali
2025-11-26 15:03:38,Beyti,160,70,9,Garson Mehmet
2025-11-26 15:42:38,Su,10,2,1,Garson Ayşe
2025-11-26 12:56:38,Su,10,2,1,Garson Ali
2025-11-26 18:51:38,Kola,25,15,1,Garson Ali
2025-11-26 23:42:38,İskender,150,65,8,Garson Ali
2025-11-26 19:57:38,İskender,150,65,8,Garson Ali
2025-11-26 17:44:38,İskender,150,65,8,Garson Ali
2025-11-26 21:44:38,Su,10,2,1,Garson Ayşe
2025-11-26 23:49:38,Beyti,160,70,9,Garson Ayşe
2025-11-26 15:53:38,Ayran,15,4,1,Garson Ayşe
2025-11-26 14:22:38,İskender,150,65,8,Garson Ali
2025-11-26 20:52:38,İskender,150,65,8,Garson Zeynep
2025-11-26 18:12:38,Ayran,15,4,1,Garson Ali
2025-11-26 19:06:38,Adana,140,60,7,Garson Ayşe
2025-11-26 22:34:38,Kola,25,15,1,Garson Ali
2025-11-26 19:32:38,Beyti,160,70,9,Garson Zeynep
2025-11-26 23:23:38,Ezogelin,40,12,3,Garson Ali
2025-11-26 19:55:38,Beyti,160,70,9,Garson Ali
2025-11-26 18:43:38,Künefe,80,35,5,Garson Ali
2025-11-25 13:43:38,Beyti,160,70,9,Garson Ayşe
2025-11-25 23:47:38,İskender,150,65,8,Garson Ali
2025-11-25 17:42:38,Beyti,160,70,9,Garson Ali
2025-11-25 19:34:38,Ayran,15,4,1,Garson Ali
2025-11-25 16:04:38,Su,10,2,1,Garson Ali
2025-11-25 22:22:38,Beyti,160,70,9,Garson Mehmet
2025-11-25 14:08:38,Künefe,80,35,5,Garson Ayşe
2025-11-25 14:15:38,Ezogelin,40,12,3,Garson Ayşe
2025-11-25 18:11:38,Ezogelin,40,12,3,Garson Ayşe
2025-11-25 17:14:38,Künefe,80,35,5,Garson Ali
2025-11-25 14:34:38,Su,10,2,1,Garson Ayşe
2025-11-25 17:16:38,Künefe,80,35,5,Garson Ali
2025-11-25 20:09:38,Su,10,2,1,Garson Ayşe
2025-11-25 19:11:38,Adana,140,60,7,Garson Ali
2025-11-25 14:47:38,Su,10,2,1,Garson Ali
2025-11-25 11:28:38,Su,10,2,1,Garson Ali
2025-11-25 23:48:38,İskender,150,65,8,Garson Ali
2025-11-25 19:42:38,Beyti,160,70,9,Garson Ayşe
2025-11-25 17:29:38,Ayran,15,4,1,Garson Ali
2025-11-25 15:58:38,İskender,150,65,8,Garson Ali
2025-11-25 23:54:38,Beyti,160,70,9,Garson Ayşe
2025-11-25 15:50:38,Adana,140,60,7,Garson Ali
2025-11-24 16:51:38,İskender,150,65,8,Garson Mehmet
2025-11-24 23:54:38,Su,10,2,1,Garson Ali
2025-11-24 19:28:38,Beyti,160,70,9,Garson Ayşe
2025-11-24 13:11:38,Su,10,2,1,Garson Ali
2025-11-24 23:38:38,Beyti,160,70,9,Garson Ayşe
2025-11-24 23:01:38,İskender,150,65,8,Garson Ayşe
2025-11-24 17:31:38,Beyti,160,70,9,Garson Ayşe
2025-11-24 23:50:38,Beyti,160,70,9,Garson Ali
2025-11-24 14:17:38,Kola,25,15,1,Garson Ali
2025-11-24 22:17:38,Beyti,160,70,9,Garson Mehmet
2025-11-24 16:02:38,İskender,150,65,8,Garson Ali
2025-11-24 17:37:38,Künefe,80,35,5,Garson Ali
2025-11-24 12:35:38,Künefe,80,35,5,Garson Ali
2025-11-24 14:36:38,Mercimek,40,12,3,Garson Ali
2025-11-24 23:07:38,İskender,150,65,8,Garson Ayşe
2025-11-24 17:44:38,Su,10,2,1,Garson Ali
2025-11-24 15:50:38,Beyti,160,70,9,Garson Ali
2025-11-24 14:54:38,İskender,150,65,8,Garson Ali
2025-11-24 19:24:38,Adana,140,60,7,Garson Ali
2025-11-24 13:46:38,Beyti,160,70,9,Garson Ali
2025-11-24 14:17:38,Su,10,2,1,Garson Ali
2025-11-23 11:20:38,İskender,150,65,8,Garson Ali
2025-11-23 18:16:38,Kola,25,15,1,Garson Ali
2025-11-23 14:37:38,Su,10,2,1,Garson Ali
2025-11-23 23:47:38,Kola,25,15,1,Garson Ayşe
2025-11-23 22:15:38,Beyti,160,70,9,Garson Ali
2025-11-23 19:09:38,Mercimek,40,12,3,Garson Ali
2025-11-23 22:02:38,Beyti,160,70,9,Garson Ali
2025-11-23 21:03:38,Kola,25,15,1,Garson Ayşe
2025-11-23 14:31:38,İskender,150,65,8,Garson Ali
2025-11-23 11:11:38,Su,10,2,1,Garson Zeynep
2025-11-23 15:59:38,İskender,150,65,8,Garson Ali
2025-11-23 12:32:38,Mercimek,40,12,3,Garson Ali
2025-11-23 19:31:38,Su,10,2,1,Garson Ali
2025-11-23 21:39:38,Beyti,160,70,9,Garson Ayşe
2025-11-23 21:30:38,Kola,25,15,1,Garson Ayşe
2025-11-23 13:22:38,Beyti,160,70,9,Garson Zeynep
2025-11-23 17:28:38,Su,10,2,1,Garson Ayşe
2025-11-23 13:06:38,Su,10,2,1,Garson Mehmet
2025-11-23 21:24:38,Beyti,160,70,9,Garson Ali
2025-11-23 17:26:38,Kola,25,15,1,Garson Ayşe
2025-11-23 14:04:38,Ayran,15,4,1,Garson Ali
2025-11-23 13:20:38,Beyti,160,70,9,Garson Ali
2025-11-23 16:26:38,Kola,25,15,1,Garson Mehmet
2025-11-23 23:34:38,Beyti,160,70,9,Garson Ali
2025-11-23 19:08:38,Beyti,160,70,9,Garson Zeynep
2025-11-23 13:59:38,İskender,150,65,8,Garson Mehmet
2025-11-23 11:53:38,Kola,25,15,1,Garson Ali
2025-11-23 11:38:38,Kola,25,15,1,Garson Ayşe
2025-11-23 18:41:38,Künefe,80,35,5,Garson Ali
2025-11-23 11:00:38,İskender,150,65,8,Garson Ali
2025-11-23 20:07:38,Beyti,160,70,9,Garson Ayşe
2025-11-23 18:54:38,Su,10,2,1,Garson Ali
2025-11-23 18:04:38,Su,10,2,1,Garson Ali
2025-11-23 13:14:38,Beyti,160,70,9,Garson Ali
2025-11-23 12:59:38,Beyti,160,70,9,Garson Ali
2025-11-23 13:15:38,Su,10,2,1,Garson Ali
2025-11-23 17:09:38,Su,10,2,1,Garson Ayşe
2025-11-23 15:40:38,Künefe,80,35,5,Garson Ali
2025-11-23 16:30:38,Su,10,2,1,Garson Ali
2025-11-23 22:52:38,İskender,150,65,8,Garson Ali
2025-11-23 18:24:38,İskender,150,65,8,Garson Ali
2025-11-23 21:53:38,İskender,150,65,8,Garson Ayşe
2025-11-23 22:51:38,Su,10,2,1,Garson Mehmet
2025-11-23 12:06:38,Beyti,160,70,9,Garson Ayşe
2025-11-23 14:28:38,Adana,140,60,7,Garson Ayşe
2025-11-23 22:40:38,Su,10,2,1,Garson Ayşe
2025-11-23 12:42:38,Beyti,160,70,9,Garson Ayşe
2025-11-23 21:00:38,Künefe,80,35,5,Garson Ayşe
2025-11-23 18:09:38,Su,10,2,1,Garson Ali
2025-11-23 19:06:38,Su,10,2,1,Garson Ali
2025-11-23 21:01:38,Su,10,2,1,Garson Ali
2025-11-23 21:12:38,İskender,150,65,8,Garson Ali
2025-11-23 14:17:38,Kola,25,15,1,Garson Ayşe
2025-11-23 17:39:38,Su,10,2,1,Garson Mehmet
2025-11-22 17:55:38,İskender,150,65,8,Garson Ali
2025-11-22 16:07:38,Adana,140,60,7,Garson Ayşe
2025-11-22 23:18:38,Kola,25,15,1,Garson Ali
2025-11-22 15:43:38,Beyti,160,70,9,Garson Ayşe
2025-11-22 15:41:38,İskender,150,65,8,Garson Ali
2025-11-22 14:38:38,Künefe,80,35,5,Garson Mehmet
2025-11-22 19:35:38,Mercimek,40,12,3,Garson Ali
2025-11-22 17:19:38,Su,10,2,1,Garson Mehmet
2025-11-22 15:28:38,Beyti,160,70,9,Garson Ayşe
2025-11-22 11:22:38,Beyti,160,70,9,Garson Ayşe
2025-11-22 15:56:38,Su,10,2,1,Garson Ayşe
2025-11-22 11:44:38,Su,10,2,1,Garson Ayşe
2025-11-22 21:56:38,Su,10,2,1,Garson Ali
2025-11-22 14:43:38,Künefe,80,35,5,Garson Ali
2025-11-22 23:47:38,Kola,25,15,1,Garson Ayşe
2025-11-22 17:43:38,Kola,25,15,1,Garson Ayşe
2025-11-22 14:55:38,Künefe,80,35,5,Garson Ali
2025-11-22 14:43:38,Su,10,2,1,Garson Mehmet
2025-11-22 15:51:38,Kola,25,15,1,Garson Ali
2025-11-22 21:36:38,Su,10,2,1,Garson Ayşe
2025-11-22 15:52:38,Beyti,160,70,9,Garson Ayşe
2025-11-22 22:37:38,Kola,25,15,1,Garson Ayşe
2025-11-22 13:28:38,Beyti,160,70,9,Garson Ayşe
2025-11-22 21:37:38,Kola,25,15,1,Garson Ali
2025-11-22 18:02:38,Su,10,2,1,Garson Ali
2025-11-22 23:44:38,Su,10,2,1,Garson Mehmet
2025-11-22 17:44:38,Beyti,160,70,9,Garson Ali
2025-11-22 22:57:38,Su,10,2,1,Garson Ali
2025-11-22 15:40:38,İskender,150,65,8,Garson Ali
2025-11-22 16:53:38,İskender,150,65,8,Garson Ayşe
2025-11-22 13:57:38,İskender,150,65,8,Garson Ayşe
2025-11-22 16:14:38,Ezogelin,40,12,3,Garson Mehmet
2025-11-22 23:16:38,Ayran,15,4,1,Garson Ali
2025-11-22 18:03:38,Beyti,160,70,9,Garson Ali
2025-11-22 12:03:38,Künefe,80,35,5,Garson Mehmet
2025-11-22 19:33:38,Künefe,80,35,5,Garson Ayşe
2025-11-22 23:03:38,Beyti,160,70,9,Garson Zeynep
2025-11-22 23:02:38,Beyti,160,70,9,Garson Ali
2025-11-22 19:42:38,Beyti,160,70,9,Garson Ali
2025-11-22 19:11:38,Su,10,2,1,Garson Ayşe
2025-11-22 21:26:38,İskender,150,65,8,Garson Ali
2025-11-22 23:03:38,İskender,150,65,8,Garson Ayşe
2025-11-22 20:13:38,Adana,140,60,7,Garson Ayşe
2025-11-22 17:59:38,Ayran,15,4,1,Garson Ali
2025-11-22 23:55:38,Ayran,15,4,1,Garson Mehmet
2025-11-22 20:49:38,Su,10,2,1,Garson Ali
2025-11-22 14:35:38,Ayran,15,4,1,Garson Mehmet
2025-11-22 14:52:38,Beyti,160,70,9,Garson Mehmet
2025-11-22 11:32:38,Beyti,160,70,9,Garson Ayşe
2025-11-22 17:27:38,Beyti,160,70,9,Garson Ali
2025-11-22 12:46:38,Ezogelin,40,12,3,Garson Ali
2025-11-22 20:15:38,Beyti,160,70,9,Garson Ayşe
2025-11-22 13:05:38,Adana,140,60,7,Garson Ali
2025-11-22 14:20:38,Su,10,2,1,Garson Ayşe
2025-11-22 18:25:38,Su,10,2,1,Garson Ali
2025-11-22 22:34:38,Ayran,15,4,1,Garson Mehmet
2025-11-22 12:43:38,Ezogelin,40,12,3,Garson Ayşe
2025-11-22 15:02:38,Su,10,2,1,Garson Ayşe
2025-11-22 14:08:38,Su,10,2,1,Garson Ali
2025-11-22 20:21:38,Su,10,2,1,Garson Ali
2025-11-22 11:49:38,Ayran,15,4,1,Garson Ayşe
2025-11-22 23:34:38,Beyti,160,70,9,Garson Ali
2025-11-22 19:00:38,Mercimek,40,12,3,Garson Ayşe
2025-11-22 14:51:38,Su,10,2,1,Garson Ayşe
2025-11-22 17:07:38,İskender,150,65,8,Garson Mehmet
2025-11-22 13:21:38,Adana,140,60,7,Garson Ali
2025-11-22 14:07:38,Su,10,2,1,Garson Ali
2025-11-22 23:23:38,Künefe,80,35,5,Garson Zeynep
2025-11-22 20:19:38,Su,10,2,1,Garson Zeynep
2025-11-22 15:28:38,Ezogelin,40,12,3,Garson Ali
2025-11-22 13:21:38,Su,10,2,1,Garson Ali
2025-11-22 11:50:38,Beyti,160,70,9,Garson Mehmet
2025-11-22 23:14:38,Su,10,2,1,Garson Ayşe
2025-11-22 11:47:38,Beyti,160,70,9,Garson Ali
2025-11-22 14:18:38,İskender,150,65,8,Garson Ayşe
2025-11-22 22:24:38,Adana,140,60,7,Garson Ali
2025-11-22 20:39:38,İskender,150,65,8,Garson Ali
2025-11-22 13:18:38,İskender,150,65,8,Garson Ali
2025-11-22 14:58:38,Künefe,80,35,5,Garson Ali
2025-11-22 15:46:38,Adana,140,60,7,Garson Ali
2025-11-22 20:33:38,Beyti,160,70,9,Garson Ali
2025-11-22 19:24:38,Ayran,15,4,1,Garson Ayşe
2025-11-22 15:34:38,Su,10,2,1,Garson Ali
2025-11-22 21:27:38,Beyti,160,70,9,Garson Ayşe
2025-11-21 18:46:38,Beyti,160,70,9,Garson Ali
2025-11-21 23:34:38,Adana,140,60,7,Garson Mehmet
2025-11-21 18:32:38,Su,10,2,1,Garson Ali
2025-11-21 11:58:38,Su,10,2,1,Garson Ali
2025-11-21 23:41:38,Su,10,2,1,Garson Ali
2025-11-21 16:25:38,İskender,150,65,8,Garson Ali
2025-11-21 16:27:38,Mercimek,40,12,3,Garson Ali
2025-11-21 13:02:38,İskender,150,65,8,Garson Ali
2025-11-21 17:50:38,İskender,150,65,8,Garson Ayşe
2025-11-21 19:33:38,Su,10,2,1,Garson Ali
2025-11-21 20:31:38,İskender,150,65,8,Garson Ali
2025-11-21 12:02:38,Ayran,15,4,1,Garson Ali
2025-11-21 20:37:38,Beyti,160,70,9,Garson Ali
2025-11-21 20:10:38,Beyti,160,70,9,Garson Ali
2025-11-21 23:42:38,Su,10,2,1,Garson Ayşe
2025-11-21 16:09:38,İskender,150,65,8,Garson Ali
2025-11-21 18:26:38,Beyti,160,70,9,Garson Ayşe
2025-11-21 20:09:38,Su,10,2,1,Garson Ayşe
2025-11-21 20:45:38,Ayran,15,4,1,Garson Ali
2025-11-21 20:46:38,İskender,150,65,8,Garson Ali
2025-11-21 23:23:38,İskender,150,65,8,Garson Ayşe
2025-11-21 11:21:38,Su,10,2,1,Garson Ali
2025-11-20 14:41:38,İskender,150,65,8,Garson Ayşe
2025-11-20 16:12:38,Su,10,2,1,Garson Ali
2025-11-20 17:31:38,Beyti,160,70,9,Garson Ali
2025-11-20 11:31:38,Mercimek,40,12,3,Garson Mehmet
2025-11-20 17:32:38,Su,10,2,1,Garson Ali
2025-11-20 19:32:38,Beyti,160,70,9,Garson Ali
2025-11-20 11:32:38,Mercimek,40,12,3,Garson Ali
2025-11-20 23:56:38,Su,10,2,1,Garson Ali
2025-11-20 13:08:38,İskender,150,65,8,Garson Ayşe
2025-11-20 15:55:38,Su,10,2,1,Garson Ali
2025-11-20 11:19:38,Adana,140,60,7,Garson Ali
2025-11-20 11:14:38,İskender,150,65,8,Garson Ayşe
2025-11-20 21:26:38,Kola,25,15,1,Garson Ayşe
2025-11-20 13:21:38,Su,10,2,1,Garson Ali
2025-11-20 21:14:38,Su,10,2,1,Garson Ali
2025-11-20 18:32:38,Kola,25,15,1,Garson Ayşe
2025-11-20 13:52:38,İskender,150,65,8,Garson Ayşe
2025-11-20 20:14:38,Su,10,2,1,Garson Mehmet
2025-11-20 21:55:38,Su,10,2,1,Garson Mehmet
2025-11-20 17:35:38,Beyti,160,70,9,Garson Mehmet
2025-11-20 17:10:38,Beyti,160,70,9,Garson Ayşe
2025-11-20 21:08:38,İskender,150,65,8,Garson Ayşe
2025-11-20 18:05:38,Su,10,2,1,Garson Zeynep
2025-11-20 14:27:38,Künefe,80,35,5,Garson Ayşe
2025-11-20 12:21:38,Su,10,2,1,Garson Ayşe
2025-11-20 14:37:38,Su,10,2,1,Garson Ali
2025-11-20 15:26:38,Mercimek,40,12,3,Garson Ali
2025-11-20 11:57:38,Beyti,160,70,9,Garson Ali
2025-11-20 13:20:38,Mercimek,40,12,3,Garson Ali
2025-11-20 14:23:38,Su,10,2,1,Garson Ali
2025-11-20 21:43:38,Beyti,160,70,9,Garson Ali
2025-11-20 12:19:38,Su,10,2,1,Garson Ayşe
2025-11-20 18:42:38,Kola,25,15,1,Garson Ali
2025-11-20 21:11:38,Beyti,160,70,9,Garson Ali
2025-11-20 18:28:38,Su,10,2,1,Garson Ayşe
2025-11-20 19:27:38,Beyti,160,70,9,Garson Ali
2025-11-20 20:39:38,Beyti,160,70,9,Garson Mehmet
2025-11-19 13:54:38,Ayran,15,4,1,Garson Ayşe
2025-11-19 17:22:38,İskender,150,65,8,Garson Ali
2025-11-19 13:51:38,Su,10,2,1,Garson Zeynep
2025-11-19 21:56:38,Beyti,160,70,9,Garson Ali
2025-11-19 13:26:38,Mercimek,40,12,3,Garson Mehmet
2025-11-19 21:05:38,Beyti,160,70,9,Garson Ali
2025-11-19 21:48:38,Su,10,2,1,Garson Ali
2025-11-19 19:43:38,İskender,150,65,8,Garson Ali
2025-11-19 18:39:38,Beyti,160,70,9,Garson Ali
2025-11-19 11:16:38,Kola,25,15,1,Garson Ali
2025-11-19 15:29:38,Beyti,160,70,9,Garson Ali
2025-11-19 14:28:38,Ayran,15,4,1,Garson Mehmet
2025-11-19 12:11:38,Adana,140,60,7,Garson Ali
2025-11-19 23:58:38,Su,10,2,1,Garson Ayşe
2025-11-19 18:32:38,Mercimek,40,12,3,Garson Ali
2025-11-19 15:44:38,Künefe,80,35,5,Garson Ali
2025-11-19 19:23:38,Beyti,160,70,9,Garson Zeynep
2025-11-19 17:54:38,Su,10,2,1,Garson Mehmet
2025-11-19 23:14:38,Ezogelin,40,12,3,Garson Ali
2025-11-19 19:30:38,Kola,25,15,1,Garson Mehmet
2025-11-19 13:46:38,Su,10,2,1,Garson Ayşe
2025-11-19 22:29:38,Beyti,160,70,9,Garson Mehmet
2025-11-19 18:32:38,Ayran,15,4,1,Garson Ayşe
2025-11-19 19:30:38,Kola,25,15,1,Garson Ayşe
2025-11-19 22:06:38,Su,10,2,1,Garson Ayşe
2025-11-18 11:41:38,Su,10,2,1,Garson Ali
2025-11-18 15:33:38,Beyti,160,70,9,Garson Ali
2025-11-18 13:53:38,Ayran,15,4,1,Garson Mehmet
2025-11-18 11:25:38,Beyti,160,70,9,Garson Ali
2025-11-18 17:31:38,Su,10,2,1,Garson Ayşe
2025-11-18 11:57:38,Su,10,2,1,Garson Ali
2025-11-18 16:32:38,Beyti,160,70,9,Garson Ayşe
2025-11-18 11:30:38,Su,10,2,1,Garson Ali
2025-11-18 22:49:38,Beyti,160,70,9,Garson Ali
2025-11-18 22:18:38,İskender,150,65,8,Garson Ali
2025-11-18 14:37:38,Kola,25,15,1,Garson Ali
2025-11-18 12:02:38,İskender,150,65,8,Garson Ali
2025-11-18 17:00:38,Kola,25,15,1,Garson Ayşe
2025-11-18 21:15:38,Beyti,160,70,9,Garson Ali
2025-11-18 23:13:38,Beyti,160,70,9,Garson Mehmet
2025-11-18 23:49:38,Su,10,2,1,Garson Ayşe
2025-11-18 19:22:38,Beyti,160,70,9,Garson Ali
2025-11-18 22:40:38,Kola,25,15,1,Garson Ayşe
2025-11-18 20:23:38,Su,10,2,1,Garson Ayşe
2025-11-18 20:33:38,Ayran,15,4,1,Garson Ali
2025-11-18 19:16:38,Mercimek,40,12,3,Garson Ali
2025-11-18 14:30:38,Su,10,2,1,Garson Mehmet
2025-11-18 23:44:38,Kola,25,15,1,Garson Ayşe
2025-11-18 19:31:38,Beyti,160,70,9,Garson Ayşe
2025-11-18 18:56:38,Su,10,2,1,Garson Ayşe
2025-11-18 18:29:38,Ezogelin,40,12,3,Garson Ayşe
2025-11-18 22:41:38,Adana,140,60,7,Garson Ali
2025-11-18 22:17:38,Mercimek,40,12,3,Garson Ayşe
2025-11-18 23:33:38,Su,10,2,1,Garson Ayşe
2025-11-18 19:52:38,Su,10,2,1,Garson Ali
2025-11-18 22:57:38,Beyti,160,70,9,Garson Ali
2025-11-18 11:55:38,Ezogelin,40,12,3,Garson Ayşe
2025-11-18 16:26:38,Beyti,160,70,9,Garson Ayşe
2025-11-18 22:06:38,Ayran,15,4,1,Garson Mehmet
2025-11-18 13:23:38,Ezogelin,40,12,3,Garson Ayşe
2025-11-18 16:53:38,İskender,150,65,8,Garson Ali
2025-11-18 18:36:38,Beyti,160,70,9,Garson Ayşe
2025-11-18 19:18:38,Mercimek,40,12,3,Garson Ali
2025-11-18 20:00:38,Kola,25,15,1,Garson Ayşe
2025-11-17 13:34:38,Beyti,160,70,9,Garson Ali
2025-11-17 13:15:38,Künefe,80,35,5,Garson Ali
2025-11-17 20:32:38,Beyti,160,70,9,Garson Ali
2025-11-17 21:11:38,Adana,140,60,7,Garson Ayşe
2025-11-17 21:57:38,Su,10,2,1,Garson Ali
2025-11-17 13:07:38,Beyti,160,70,9,Garson Ali
2025-11-17 12:57:38,Adana,140,60,7,Garson Ali
2025-11-17 22:47:38,İskender,150,65,8,Garson Ayşe
2025-11-17 18:30:38,İskender,150,65,8,Garson Zeynep
2025-11-17 18:54:38,Künefe,80,35,5,Garson Ayşe
2025-11-17 17:04:38,Su,10,2,1,Garson Ayşe
2025-11-17 12:57:38,Su,10,2,1,Garson Ali
2025-11-17 21:07:38,İskender,150,65,8,Garson Ali
2025-11-17 20:33:38,İskender,150,65,8,Garson Ali
2025-11-17 15:49:38,Su,10,2,1,Garson Ali
2025-11-17 17:12:38,Künefe,80,35,5,Garson Ali
2025-11-17 22:31:38,Mercimek,40,12,3,Garson Ayşe
2025-11-17 19:15:38,Su,10,2,1,Garson Ali
2025-11-17 23:43:38,Ayran,15,4,1,Garson Mehmet
2025-11-17 18:19:38,Beyti,160,70,9,Garson Ali
2025-11-17 11:58:38,Adana,140,60,7,Garson Ali
2025-11-17 12:55:38,Beyti,160,70,9,Garson Ayşe
2025-11-17 15:58:38,İskender,150,65,8,Garson Ayşe
2025-11-17 17:12:38,İskender,150,65,8,Garson Ali
2025-11-17 11:22:38,İskender,150,65,8,Garson Ayşe
2025-11-17 16:12:38,İskender,150,65,8,Garson Ayşe
2025-11-17 22:28:38,İskender,150,65,8,Garson Ali
2025-11-17 23:49:38,Beyti,160,70,9,Garson Mehmet
2025-11-17 16:11:38,Beyti,160,70,9,Garson Ayşe
2025-11-17 20:53:38,Beyti,160,70,9,Garson Ali
2025-11-17 20:28:38,Su,10,2,1,Garson Mehmet
2025-11-17 15:37:38,Künefe,80,35,5,Garson Ali
2025-11-17 17:57:38,Mercimek,40,12,3,Garson Ayşe
2025-11-17 19:49:38,Su,10,2,1,Garson Ayşe
2025-11-17 23:55:38,Su,10,2,1,Garson Ali
2025-11-17 23:13:38,Adana,140,60,7,Garson Ayşe
2025-11-17 21:40:38,Beyti,160,70,9,Garson Ali
2025-11-17 21:24:38,Beyti,160,70,9,Garson Ali
2025-11-16 19:47:38,Beyti,160,70,9,Garson Ali
2025-11-16 15:49:38,İskender,150,65,8,Garson Ayşe
2025-11-16 15:14:38,İskender,150,65,8,Garson Ali
2025-11-16 17:22:38,Kola,25,15,1,Garson Ayşe
2025-11-16 11:42:38,İskender,150,65,8,Garson Ali
2025-11-16 17:49:38,Su,10,2,1,Garson Ali
2025-11-16 15:41:38,Mercimek,40,12,3,Garson Ali
2025-11-16 17:58:38,Su,10,2,1,Garson Ali
2025-11-16 16:29:38,Beyti,160,70,9,Garson Ayşe
2025-11-16 19:42:38,Su,10,2,1,Garson Ali
2025-11-16 17:56:38,Su,10,2,1,Garson Ayşe
2025-11-16 16:57:38,Su,10,2,1,Garson Ali
2025-11-16 16:34:38,İskender,150,65,8,Garson Ali
2025-11-16 22:10:38,Beyti,160,70,9,Garson Zeynep
2025-11-16 21:36:38,İskender,150,65,8,Garson Mehmet
2025-11-16 19:06:38,Ayran,15,4,1,Garson Mehmet
2025-11-16 13:27:38,Kola,25,15,1,Garson Ali
2025-11-16 18:20:38,Mercimek,40,12,3,Garson Ayşe
2025-11-16 13:02:38,Beyti,160,70,9,Garson Ali
2025-11-16 11:08:38,Beyti,160,70,9,Garson Ali
2025-11-16 18:33:38,İskender,150,65,8,Garson Ayşe
2025-11-16 20:15:38,Künefe,80,35,5,Garson Ali
2025-11-16 13:10:38,Beyti,160,70,9,Garson Ali
2025-11-16 12:45:38,Kola,25,15,1,Garson Ali
2025-11-16 14:43:38,Adana,140,60,7,Garson Ali
2025-11-16 21:48:38,Adana,140,60,7,Garson Mehmet
2025-11-16 15:59:38,Su,10,2,1,Garson Ayşe
2025-11-16 13:13:38,Su,10,2,1,Garson Ayşe
2025-11-16 17:41:38,Adana,140,60,7,Garson Zeynep
2025-11-16 19:44:38,İskender,150,65,8,Garson Ayşe
2025-11-16 20:27:38,Mercimek,40,12,3,Garson Ali
2025-11-16 23:21:38,Su,10,2,1,Garson Ayşe
2025-11-16 20:05:38,İskender,150,65,8,Garson Ayşe
2025-11-16 21:49:38,Beyti,160,70,9,Garson Ali
2025-11-16 23:07:38,Künefe,80,35,5,Garson Ali
2025-11-16 23:01:38,Beyti,160,70,9,Garson Ayşe
2025-11-16 17:06:38,Su,10,2,1,Garson Zeynep
2025-11-16 20:53:38,Beyti,160,70,9,Garson Ali
2025-11-16 15:47:38,Kola,25,15,1,Garson Zeynep
2025-11-16 23:49:38,Kola,25,15,1,Garson Ali
2025-11-16 20:21:38,Ezogelin,40,12,3,Garson Ali
2025-11-16 13:10:38,Kola,25,15,1,Garson Ali
2025-11-16 18:12:38,Künefe,80,35,5,Garson Ali
2025-11-16 15:05:38,Künefe,80,35,5,Garson Ali
2025-11-16 12:04:38,Beyti,160,70,9,Garson Mehmet
2025-11-16 14:31:38,Beyti,160,70,9,Garson Ali
2025-11-16 20:51:38,Beyti,160,70,9,Garson Ali
2025-11-16 17:44:38,İskender,150,65,8,Garson Ayşe
2025-11-16 14:04:38,Künefe,80,35,5,Garson Ali
2025-11-16 23:15:38,Su,10,2,1,Garson Ali
2025-11-16 18:18:38,Adana,140,60,7,Garson Ali
2025-11-16 18:27:38,İskender,150,65,8,Garson Ali
2025-11-16 15:43:38,İskender,150,65,8,Garson Mehmet
2025-11-16 23:50:38,Su,10,2,1,Garson Ali
2025-11-16 19:41:38,Ezogelin,40,12,3,Garson Ali
2025-11-16 12:11:38,Künefe,80,35,5,Garson Mehmet
2025-11-16 18:53:38,İskender,150,65,8,Garson Ali
2025-11-16 17:37:38,İskender,150,65,8,Garson Mehmet
2025-11-16 14:50:38,Kola,25,15,1,Garson Ayşe
2025-11-16 14:15:38,Su,10,2,1,Garson Ali
2025-11-16 16:20:38,Beyti,160,70,9,Garson Ali
2025-11-16 23:08:38,Beyti,160,70,9,Garson Ali
2025-11-16 14:02:38,Su,10,2,1,Garson Ali
2025-11-16 11:51:38,Adana,140,60,7,Garson Ali
2025-11-16 21:59:38,Su,10,2,1,Garson Ayşe
2025-11-16 13:11:38,Su,10,2,1,Garson Ayşe
2025-11-16 13:27:38,Künefe,80,35,5,Garson Ali
2025-11-16 19:05:38,Künefe,80,35,5,Garson Mehmet
2025-11-16 17:16:38,İskender,150,65,8,Garson Ali
2025-11-16 22:04:38,Künefe,80,35,5,Garson Zeynep
2025-11-16 16:34:38,Beyti,160,70,9,Garson Ayşe
2025-11-15 17:10:38,Beyti,160,70,9,Garson Ali
2025-11-15 12:50:38,İskender,150,65,8,Garson Ayşe
2025-11-15 16:09:38,İskender,150,65,8,Garson Ali
2025-11-15 21:34:38,İskender,150,65,8,Garson Ayşe
2025-11-15 22:58:38,Künefe,80,35,5,Garson Ali
2025-11-15 22:13:38,Su,10,2,1,Garson Zeynep
2025-11-15 20:44:38,İskender,150,65,8,Garson Ali
2025-11-15 17:57:38,İskender,150,65,8,Garson Ali
2025-11-15 15:44:38,Ayran,15,4,1,Garson Ali
2025-11-15 16:20:38,Ayran,15,4,1,Garson Ali
2025-11-15 11:08:38,Su,10,2,1,Garson Ali
2025-11-15 11:17:38,Beyti,160,70,9,Garson Ayşe
2025-11-15 23:43:38,İskender,150,65,8,Garson Ali
2025-11-15 22:07:38,İskender,150,65,8,Garson Ali
2025-11-15 20:00:38,Su,10,2,1,Garson Ayşe
2025-11-15 16:03:38,Su,10,2,1,Garson Ayşe
2025-11-15 21:25:38,Adana,140,60,7,Garson Ali
2025-11-15 22:06:38,İskender,150,65,8,Garson Ali
2025-11-15 21:58:38,İskender,150,65,8,Garson Ali
2025-11-15 12:00:38,Kola,25,15,1,Garson Mehmet
2025-11-15 22:27:38,Kola,25,15,1,Garson Ali
2025-11-15 12:13:38,Künefe,80,35,5,Garson Ayşe
2025-11-15 21:37:38,İskender,150,65,8,Garson Ali
2025-11-15 15:03:38,Kola,25,15,1,Garson Ayşe
2025-11-15 17:17:38,Su,10,2,1,Garson Mehmet
2025-11-15 13:58:38,İskender,150,65,8,Garson Zeynep
2025-11-15 19:45:38,Künefe,80,35,5,Garson Ali
2025-11-15 16:55:38,Kola,25,15,1,Garson Ayşe
2025-11-15 21:52:38,Su,10,2,1,Garson Ali
2025-11-15 22:34:38,Su,10,2,1,Garson Ali
2025-11-15 11:52:38,Su,10,2,1,Garson Mehmet
2025-11-15 23:09:38,Su,10,2,1,Garson Ali
2025-11-15 16:01:38,Kola,25,15,1,Garson Mehmet
2025-11-15 16:40:38,İskender,150,65,8,Garson Ayşe
2025-11-15 23:37:38,Su,10,2,1,Garson Ayşe
2025-11-15 13:30:38,Künefe,80,35,5,Garson Ali
2025-11-15 11:56:38,İskender,150,65,8,Garson Ali
2025-11-15 14:57:38,Beyti,160,70,9,Garson Ayşe
2025-11-15 11:59:38,Ezogelin,40,12,3,Garson Ayşe
2025-11-15 14:10:38,Mercimek,40,12,3,Garson Ali
2025-11-15 23:59:38,Su,10,2,1,Garson Ali
2025-11-15 18:07:38,İskender,150,65,8,Garson Ali
2025-11-15 22:03:38,Beyti,160,70,9,Garson Ali
2025-11-15 16:57:38,Ezogelin,40,12,3,Garson Ali
2025-11-15 14:45:38,Ezogelin,40,12,3,Garson Ayşe
2025-11-15 16:38:38,İskender,150,65,8,Garson Ayşe
2025-11-15 23:17:38,Adana,140,60,7,Garson Ali
2025-11-15 16:29:38,Mercimek,40,12,3,Garson Ayşe
2025-11-15 18:46:38,Su,10,2,1,Garson Ali
2025-11-15 14:45:38,Kola,25,15,1,Garson Ayşe
2025-11-15 23:46:38,Beyti,160,70,9,Garson Ayşe
2025-11-15 22:18:38,Su,10,2,1,Garson Ali
2025-11-15 16:15:38,Kola,25,15,1,Garson Mehmet
2025-11-15 11:03:38,Beyti,160,70,9,Garson Ayşe
2025-11-15 12:15:38,Beyti,160,70,9,Garson Ali
2025-11-15 17:33:38,Kola,25,15,1,Garson Ali
2025-11-14 19:57:38,Beyti,160,70,9,Garson Ali
2025-11-14 14:58:38,Beyti,160,70,9,Garson Ali
2025-11-14 15:19:38,Künefe,80,35,5,Garson Ayşe
2025-11-14 12:31:38,Kola,25,15,1,Garson Ayşe
2025-11-14 12:35:38,Ayran,15,4,1,Garson Ali
2025-11-14 12:57:38,Adana,140,60,7,Garson Ali
2025-11-14 22:53:38,Beyti,160,70,9,Garson Ali
2025-11-14 14:30:38,Adana,140,60,7,Garson Ali
2025-11-14 19:51:38,Künefe,80,35,5,Garson Ayşe
2025-11-14 12:48:38,Ayran,15,4,1,Garson Ali
2025-11-14 22:14:38,İskender,150,65,8,Garson Ayşe
2025-11-14 19:58:38,Beyti,160,70,9,Garson Ayşe
2025-11-14 20:58:38,İskender,150,65,8,Garson Zeynep
2025-11-14 14:48:38,Künefe,80,35,5,Garson Ali
2025-11-14 12:24:38,Su,10,2,1,Garson Zeynep
2025-11-14 23:23:38,İskender,150,65,8,Garson Ayşe
2025-11-14 11:04:38,Adana,140,60,7,Garson Ali
2025-11-14 17:37:38,Künefe,80,35,5,Garson Ali
2025-11-14 12:42:38,İskender,150,65,8,Garson Ali
2025-11-14 21:53:38,Beyti,160,70,9,Garson Ali
2025-11-14 15:24:38,İskender,150,65,8,Garson Ayşe
2025-11-14 23:44:38,Adana,140,60,7,Garson Ali
2025-11-13 11:41:38,Beyti,160,70,9,Garson Ali
2025-11-13 13:57:38,Beyti,160,70,9,Garson Ayşe
2025-11-13 18:48:38,Ayran,15,4,1,Garson Ayşe
2025-11-13 17:29:38,Su,10,2,1,Garson Ali
2025-11-13 18:21:38,Su,10,2,1,Garson Ali
2025-11-13 12:37:38,Ayran,15,4,1,Garson Ali
2025-11-13 17:11:38,Su,10,2,1,Garson Ayşe
2025-11-13 17:15:38,Mercimek,40,12,3,Garson Ayşe
2025-11-13 11:31:38,Beyti,160,70,9,Garson Mehmet
2025-11-13 15:35:38,Su,10,2,1,Garson Ali
2025-11-13 17:45:38,İskender,150,65,8,Garson Ayşe
2025-11-13 13:43:38,Beyti,160,70,9,Garson Ali
2025-11-13 17:58:38,Künefe,80,35,5,Garson Ali
2025-11-13 18:51:38,İskender,150,65,8,Garson Ali
2025-11-13 14:13:38,Su,10,2,1,Garson Ali
2025-11-13 17:11:38,Beyti,160,70,9,Garson Ali
2025-11-13 15:58:38,İskender,150,65,8,Garson Ayşe
2025-11-13 15:57:38,Su,10,2,1,Garson Ayşe
2025-11-13 20:55:38,Beyti,160,70,9,Garson Mehmet
2025-11-13 17:54:38,Su,10,2,1,Garson Ayşe
2025-11-13 14:03:38,Su,10,2,1,Garson Mehmet
2025-11-13 15:23:38,Beyti,160,70,9,Garson Mehmet
2025-11-13 17:37:38,Su,10,2,1,Garson Mehmet
2025-11-13 16:29:38,Ezogelin,40,12,3,Garson Ali
2025-11-13 12:35:38,Su,10,2,1,Garson Ayşe
2025-11-13 16:59:38,Beyti,160,70,9,Garson Ali
2025-11-13 20:31:38,Ayran,15,4,1,Garson Ali
2025-11-13 23:53:38,Beyti,160,70,9,Garson Ali
2025-11-13 11:44:38,Su,10,2,1,Garson Ayşe
2025-11-13 22:57:38,İskender,150,65,8,Garson Ali
2025-11-12 20:24:38,Kola,25,15,1,Garson Ali
2025-11-12 21:33:38,Beyti,160,70,9,Garson Ali
2025-11-12 22:12:38,Adana,140,60,7,Garson Ayşe
2025-11-12 22:54:38,Su,10,2,1,Garson Zeynep
2025-11-12 15:14:38,Adana,140,60,7,Garson Ali
2025-11-12 14:14:38,Adana,140,60,7,Garson Ayşe
2025-11-12 11:18:38,Künefe,80,35,5,Garson Ali
2025-11-12 11:26:38,Beyti,160,70,9,Garson Ali
2025-11-12 15:16:38,Su,10,2,1,Garson Ali
2025-11-12 19:01:38,Mercimek,40,12,3,Garson Zeynep
2025-11-12 16:09:38,Beyti,160,70,9,Garson Ali
2025-11-12 22:24:38,Beyti,160,70,9,Garson Ali
2025-11-12 15:29:38,Künefe,80,35,5,Garson Ayşe
2025-11-12 17:17:38,Beyti,160,70,9,Garson Mehmet
2025-11-12 11:49:38,Kola,25,15,1,Garson Ali
2025-11-12 20:56:38,İskender,150,65,8,Garson Ali
2025-11-12 18:55:38,Beyti,160,70,9,Garson Ali
2025-11-12 17:37:38,İskender,150,65,8,Garson Ali
2025-11-12 15:01:38,Künefe,80,35,5,Garson Ali
2025-11-12 20:38:38,Su,10,2,1,Garson Ali
2025-11-12 17:31:38,Beyti,160,70,9,Garson Ayşe
2025-11-12 21:09:38,Beyti,160,70,9,Garson Ayşe
2025-11-12 21:00:38,Kola,25,15,1,Garson Ayşe
2025-11-12 23:01:38,İskender,150,65,8,Garson Mehmet
2025-11-12 22:52:38,Su,10,2,1,Garson Ayşe
2025-11-12 20:50:38,Adana,140,60,7,Garson Ali
2025-11-12 20:01:38,Beyti,160,70,9,Garson Mehmet
2025-11-12 20:35:38,Beyti,160,70,9,Garson Ali
2025-11-12 22:21:38,İskender,150,65,8,Garson Ayşe
2025-11-12 16:39:38,Su,10,2,1,Garson Ali
2025-11-12 11:19:38,Adana,140,60,7,Garson Ayşe
2025-11-12 20:22:38,Su,10,2,1,Garson Ali
2025-11-12 21:14:38,Su,10,2,1,Garson Ali
2025-11-12 16:30:38,İskender,150,65,8,Garson Ali
2025-11-11 12:47:38,Ayran,15,4,1,Garson Ali
2025-11-11 18:04:38,Su,10,2,1,Garson Ayşe
2025-11-11 15:18:38,Beyti,160,70,9,Garson Ali
2025-11-11 18:08:38,Ezogelin,40,12,3,Garson Ali
2025-11-11 14:24:38,Adana,140,60,7,Garson Ali
2025-11-11 11:27:38,Ayran,15,4,1,Garson Ayşe
2025-11-11 22:09:38,İskender,150,65,8,Garson Ali
2025-11-11 11:27:38,Su,10,2,1,Garson Ayşe
2025-11-11 21:09:38,Beyti,160,70,9,Garson Ali
2025-11-11 16:21:38,Su,10,2,1,Garson Ayşe
2025-11-11 22:52:38,Kola,25,15,1,Garson Ali
2025-11-11 16:18:38,Adana,140,60,7,Garson Ali
2025-11-11 20:47:38,Su,10,2,1,Garson Ayşe
2025-11-11 16:59:38,İskender,150,65,8,Garson Zeynep
2025-11-11 19:14:38,Ezogelin,40,12,3,Garson Ali
2025-11-11 18:27:38,Su,10,2,1,Garson Mehmet
2025-11-11 16:56:38,Künefe,80,35,5,Garson Ayşe
2025-11-11 12:02:38,Su,10,2,1,Garson Ali
2025-11-11 13:23:38,Beyti,160,70,9,Garson Ayşe
2025-11-11 23:45:38,Su,10,2,1,Garson Ali
2025-11-11 16:37:38,Beyti,160,70,9,Garson Ali
2025-11-11 12:48:38,Beyti,160,70,9,Garson Ayşe
2025-11-11 12:30:38,Kola,25,15,1,Garson Mehmet
2025-11-11 21:00:38,Beyti,160,70,9,Garson Ali
2025-11-11 12:04:38,Beyti,160,70,9,Garson Ali
2025-11-11 17:31:38,Kola,25,15,1,Garson Ayşe
2025-11-11 13:29:38,Kola,25,15,1,Garson Mehmet
2025-11-11 12:37:38,Künefe,80,35,5,Garson Ali
2025-11-11 20:11:38,Ayran,15,4,1,Garson Ayşe
2025-11-11 11:52:38,Kola,25,15,1,Garson Mehmet
2025-11-10 11:42:38,Mercimek,40,12,3,Garson Ali
2025-11-10 20:49:38,Su,10,2,1,Garson Ali
2025-11-10 13:58:38,İskender,150,65,8,Garson Ali
2025-11-10 21:25:38,Su,10,2,1,Garson Ayşe
2025-11-10 18:31:38,Kola,25,15,1,Garson Ayşe
2025-11-10 21:54:38,Künefe,80,35,5,Garson Ali
2025-11-10 13:44:38,Mercimek,40,12,3,Garson Zeynep
2025-11-10 22:37:38,Su,10,2,1,Garson Ali
2025-11-10 12:24:38,İskender,150,65,8,Garson Ali
2025-11-10 22:44:38,Kola,25,15,1,Garson Ali
2025-11-10 22:49:38,İskender,150,65,8,Garson Ayşe
2025-11-10 16:27:38,Su,10,2,1,Garson Ayşe
2025-11-10 20:15:38,Kola,25,15,1,Garson Ali
2025-11-10 20:09:38,Künefe,80,35,5,Garson Mehmet
2025-11-10 17:45:38,Beyti,160,70,9,Garson Ayşe
2025-11-10 12:09:38,Beyti,160,70,9,Garson Ali
2025-11-10 13:32:38,Su,10,2,1,Garson Ayşe
2025-11-10 16:00:38,İskender,150,65,8,Garson Ayşe
2025-11-10 11:42:38,Adana,140,60,7,Garson Mehmet
2025-11-10 20:48:38,İskender,150,65,8,Garson Ali
2025-11-10 22:52:38,Beyti,160,70,9,Garson Ayşe
2025-11-10 20:39:38,Beyti,160,70,9,Garson Ali
2025-11-10 21:24:38,İskender,150,65,8,Garson Ali
2025-11-10 14:21:38,Su,10,2,1,Garson Ayşe
2025-11-10 12:44:38,Su,10,2,1,Garson Ali
2025-11-10 23:40:38,Künefe,80,35,5,Garson Ayşe
2025-11-10 21:36:38,Kola,25,15,1,Garson Ayşe
2025-11-10 13:32:38,Künefe,80,35,5,Garson Ayşe
2025-11-10 12:19:38,Kola,25,15,1,Garson Ali
2025-11-09 16:43:38,Su,10,2,1,Garson Ayşe
2025-11-09 15:40:38,Su,10,2,1,Garson Ali
2025-11-09 15:00:38,Künefe,80,35,5,Garson Ayşe
2025-11-09 17:09:38,Su,10,2,1,Garson Ali
2025-11-09 14:30:38,Beyti,160,70,9,Garson Ali
2025-11-09 22:15:38,Kola,25,15,1,Garson Ali
2025-11-09 14:55:38,Kola,25,15,1,Garson Zeynep
2025-11-09 16:33:38,İskender,150,65,8,Garson Ali
2025-11-09 17:37:38,Beyti,160,70,9,Garson Ayşe
2025-11-09 17:51:38,Su,10,2,1,Garson Mehmet
2025-11-09 12:22:38,Beyti,160,70,9,Garson Ali
2025-11-09 17:43:38,Beyti,160,70,9,Garson Ali
2025-11-09 22:49:38,Su,10,2,1,Garson Ayşe
2025-11-09 16:29:38,Su,10,2,1,Garson Ali
2025-11-09 17:51:38,Su,10,2,1,Garson Ali
2025-11-09 18:01:38,Su,10,2,1,Garson Ali
2025-11-09 18:22:38,Ayran,15,4,1,Garson Ali
2025-11-09 17:34:38,Beyti,160,70,9,Garson Ayşe
2025-11-09 18:44:38,Ayran,15,4,1,Garson Mehmet
2025-11-09 12:44:38,Beyti,160,70,9,Garson Mehmet
2025-11-09 12:53:38,Su,10,2,1,Garson Ali
2025-11-09 21:22:38,Beyti,160,70,9,Garson Ayşe
2025-11-09 17:42:38,İskender,150,65,8,Garson Mehmet
2025-11-09 21:11:38,Beyti,160,70,9,Garson Mehmet
2025-11-09 20:58:38,Su,10,2,1,Garson Ali
2025-11-09 20:26:38,Kola,25,15,1,Garson Ayşe
2025-11-09 11:07:38,İskender,150,65,8,Garson Ali
2025-11-09 21:22:38,İskender,150,65,8,Garson Ali
2025-11-09 16:46:38,İskender,150,65,8,Garson Ayşe
2025-11-09 13:50:38,Kola,25,15,1,Garson Ali
2025-11-09 13:10:38,Adana,140,60,7,Garson Ali
2025-11-09 22:54:38,Su,10,2,1,Garson Ayşe
2025-11-09 20:01:38,İskender,150,65,8,Garson Mehmet
2025-11-09 18:29:38,Ayran,15,4,1,Garson Ali
2025-11-09 20:18:38,Kola,25,15,1,Garson Ayşe
2025-11-09 15:15:38,Ayran,15,4,1,Garson Ali
2025-11-09 14:06:38,Beyti,160,70,9,Garson Ayşe
2025-11-09 21:57:38,Ayran,15,4,1,Garson Ali
2025-11-09 18:15:38,Mercimek,40,12,3,Garson Ali
2025-11-09 15:51:38,Beyti,160,70,9,Garson Ayşe
2025-11-09 13:09:38,İskender,150,65,8,Garson Ali
2025-11-09 19:06:38,Beyti,160,70,9,Garson Ali
2025-11-09 18:10:38,Ayran,15,4,1,Garson Ali
2025-11-09 15:23:38,Su,10,2,1,Garson Ayşe
2025-11-09 23:28:38,İskender,150,65,8,Garson Ali
2025-11-09 14:19:38,Ezogelin,40,12,3,Garson Ali
2025-11-09 23:21:38,Künefe,80,35,5,Garson Ali
2025-11-09 15:42:38,Beyti,160,70,9,Garson Mehmet
2025-11-09 15:05:38,Künefe,80,35,5,Garson Ayşe
2025-11-09 15:40:38,Adana,140,60,7,Garson Ayşe
2025-11-09 14:50:38,Adana,140,60,7,Garson Ayşe
2025-11-09 12:20:38,Beyti,160,70,9,Garson Ayşe
2025-11-09 22:38:38,İskender,150,65,8,Garson Ali
2025-11-09 16:24:38,Mercimek,40,12,3,Garson Ayşe
2025-11-09 17:39:38,Su,10,2,1,Garson Ali
2025-11-09 22:18:38,Su,10,2,1,Garson Ayşe
2025-11-09 11:31:38,Su,10,2,1,Garson Zeynep
2025-11-09 18:14:38,Beyti,160,70,9,Garson Zeynep
2025-11-09 19:07:38,Su,10,2,1,Garson Ayşe
2025-11-09 13:56:38,Su,10,2,1,Garson Ayşe
2025-11-09 15:47:38,Kola,25,15,1,Garson Ayşe
2025-11-09 12:46:38,Beyti,160,70,9,Garson Ali
2025-11-09 11:42:38,Beyti,160,70,9,Garson Zeynep
2025-11-09 22:09:38,Mercimek,40,12,3,Garson Ali
2025-11-09 22:48:38,Su,10,2,1,Garson Ali
2025-11-09 21:23:38,Kola,25,15,1,Garson Ali
2025-11-09 16:58:38,Beyti,160,70,9,Garson Ayşe
2025-11-09 14:39:38,Beyti,160,70,9,Garson Mehmet
2025-11-09 19:13:38,Beyti,160,70,9,Garson Ali
2025-11-09 15:04:38,Beyti,160,70,9,Garson Zeynep
2025-11-09 22:38:38,Kola,25,15,1,Garson Ali
2025-11-09 21:46:38,Beyti,160,70,9,Garson Ali
2025-11-09 14:39:38,Beyti,160,70,9,Garson Ali
2025-11-09 19:53:38,Künefe,80,35,5,Garson Ali
2025-11-09 22:43:38,İskender,150,65,8,Garson Ali
2025-11-09 17:43:38,Su,10,2,1,Garson Mehmet
2025-11-09 18:47:38,Adana,140,60,7,Garson Zeynep
2025-11-09 19:19:38,Su,10,2,1,Garson Ali
2025-11-09 22:36:38,İskender,150,65,8,Garson Ali
2025-11-09 11:42:38,İskender,150,65,8,Garson Ayşe
2025-11-09 22:27:38,Beyti,160,70,9,Garson Zeynep
2025-11-09 17:46:38,Su,10,2,1,Garson Ali
2025-11-09 12:52:38,İskender,150,65,8,Garson Ali
2025-11-09 21:00:38,Beyti,160,70,9,Garson Ali
2025-11-09 18:11:38,Su,10,2,1,Garson Ayşe
2025-11-08 16:14:38,Su,10,2,1,Garson Ayşe
2025-11-08 23:03:38,Künefe,80,35,5,Garson Ali
2025-11-08 11:52:38,İskender,150,65,8,Garson Ayşe
2025-11-08 11:46:38,İskender,150,65,8,Garson Ayşe
2025-11-08 11:21:38,Kola,25,15,1,Garson Ali
2025-11-08 15:01:38,Su,10,2,1,Garson Ali
2025-11-08 15:51:38,Ayran,15,4,1,Garson Ali
2025-11-08 16:42:38,İskender,150,65,8,Garson Ali
2025-11-08 11:08:38,Su,10,2,1,Garson Zeynep
2025-11-08 14:50:38,Mercimek,40,12,3,Garson Ali
2025-11-08 14:43:38,Ayran,15,4,1,Garson Mehmet
2025-11-08 23:40:38,Su,10,2,1,Garson Ali
2025-11-08 18:18:38,İskender,150,65,8,Garson Zeynep
2025-11-08 13:33:38,Su,10,2,1,Garson Ayşe
2025-11-08 20:58:38,Su,10,2,1,Garson Ali
2025-11-08 20:05:38,Su,10,2,1,Garson Ayşe
2025-11-08 13:22:38,Künefe,80,35,5,Garson Ayşe
2025-11-08 22:28:38,Adana,140,60,7,Garson Mehmet
2025-11-08 16:41:38,İskender,150,65,8,Garson Ali
2025-11-08 16:49:38,İskender,150,65,8,Garson Ali
2025-11-08 18:32:38,Kola,25,15,1,Garson Ali
2025-11-08 15:58:38,İskender,150,65,8,Garson Ali
2025-11-08 18:43:38,Künefe,80,35,5,Garson Ali
2025-11-08 15:57:38,Su,10,2,1,Garson Ali
2025-11-08 15:25:38,İskender,150,65,8,Garson Ali
2025-11-08 14:01:38,Beyti,160,70,9,Garson Ali
2025-11-08 12:01:38,Beyti,160,70,9,Garson Ali
2025-11-08 23:16:38,Beyti,160,70,9,Garson Ayşe
2025-11-08 17:00:38,Kola,25,15,1,Garson Ali
2025-11-08 20:42:38,Beyti,160,70,9,Garson Ali
2025-11-08 19:57:38,Künefe,80,35,5,Garson Ali
2025-11-08 12:13:38,İskender,150,65,8,Garson Ali
2025-11-08 23:36:38,İskender,150,65,8,Garson Ali
2025-11-08 15:18:38,Su,10,2,1,Garson Ali
2025-11-08 20:20:38,Beyti,160,70,9,Garson Ali
2025-11-08 14:11:38,Beyti,160,70,9,Garson Ali
2025-11-08 18:48:38,İskender,150,65,8,Garson Ali
2025-11-08 23:14:38,Ezogelin,40,12,3,Garson Mehmet
2025-11-08 12:03:38,Su,10,2,1,Garson Ali
2025-11-08 18:37:38,Beyti,160,70,9,Garson Ayşe
2025-11-08 16:48:38,Su,10,2,1,Garson Ayşe
2025-11-08 11:34:38,İskender,150,65,8,Garson Ali
2025-11-08 21:56:38,Beyti,160,70,9,Garson Ali
2025-11-08 21:17:38,Künefe,80,35,5,Garson Ali
2025-11-08 11:27:38,Mercimek,40,12,3,Garson Ali
2025-11-08 20:56:38,Beyti,160,70,9,Garson Ali
2025-11-08 15:27:38,Beyti,160,70,9,Garson Mehmet
2025-11-08 19:35:38,Beyti,160,70,9,Garson Ayşe
2025-11-08 17:43:38,Beyti,160,70,9,Garson Ali
2025-11-08 14:49:38,Su,10,2,1,Garson Ali
2025-11-08 22:05:38,Ayran,15,4,1,Garson Mehmet
2025-11-08 16:03:38,Su,10,2,1,Garson Ali
2025-11-08 14:52:38,Beyti,160,70,9,Garson Ali
2025-11-08 20:22:38,Beyti,160,70,9,Garson Ayşe
2025-11-08 11:23:38,Beyti,160,70,9,Garson Ali
2025-11-08 12:02:38,İskender,150,65,8,Garson Ali
2025-11-08 16:38:38,İskender,150,65,8,Garson Ayşe
2025-11-08 13:19:38,Beyti,160,70,9,Garson Ayşe
2025-11-08 17:42:38,Beyti,160,70,9,Garson Ali
2025-11-08 15:30:38,Beyti,160,70,9,Garson Ayşe
2025-11-08 14:05:38,Mercimek,40,12,3,Garson Ali
2025-11-08 15:16:38,İskender,150,65,8,Garson Ali
2025-11-08 20:21:38,İskender,150,65,8,Garson Ali
2025-11-08 17:25:38,Adana,140,60,7,Garson Ali
2025-11-08 22:36:38,Kola,25,15,1,Garson Ali
2025-11-08 15:57:38,İskender,150,65,8,Garson Ali
2025-11-08 23:31:38,Su,10,2,1,Garson Ali
2025-11-08 21:12:38,Adana,140,60,7,Garson Ayşe
2025-11-08 19:36:38,Su,10,2,1,Garson Mehmet
2025-11-08 20:17:38,Beyti,160,70,9,Garson Ayşe
2025-11-08 16:40:38,İskender,150,65,8,Garson Ayşe
2025-11-08 19:30:38,Ayran,15,4,1,Garson Ayşe
2025-11-08 14:21:38,Adana,140,60,7,Garson Ayşe
2025-11-08 12:05:38,Su,10,2,1,Garson Ali
2025-11-08 13:42:38,Beyti,160,70,9,Garson Ali
2025-11-08 19:47:38,Ezogelin,40,12,3,Garson Mehmet
2025-11-08 12:54:38,Beyti,160,70,9,Garson Ali
2025-11-08 19:48:38,Beyti,160,70,9,Garson Ali
2025-11-08 12:00:38,Su,10,2,1,Garson Ali
2025-11-08 13:52:38,Beyti,160,70,9,Garson Ali
2025-11-07 15:07:38,Kola,25,15,1,Garson Ayşe
2025-11-07 20:41:38,Su,10,2,1,Garson Ayşe
2025-11-07 22:19:38,Künefe,80,35,5,Garson Ali
2025-11-07 20:21:38,Kola,25,15,1,Garson Ali
2025-11-07 22:36:38,Künefe,80,35,5,Garson Ali
2025-11-07 20:43:38,Kola,25,15,1,Garson Ali
2025-11-07 20:18:38,İskender,150,65,8,Garson Ali
2025-11-07 22:16:38,Beyti,160,70,9,Garson Ayşe
2025-11-07 19:12:38,Künefe,80,35,5,Garson Ali
2025-11-07 18:23:38,Adana,140,60,7,Garson Ali
2025-11-07 16:56:38,Ayran,15,4,1,Garson Ali
2025-11-07 15:17:38,Su,10,2,1,Garson Ayşe
2025-11-07 22:31:38,Ayran,15,4,1,Garson Ayşe
2025-11-07 19:25:38,Mercimek,40,12,3,Garson Ali
2025-11-07 17:42:38,Beyti,160,70,9,Garson Ali
2025-11-07 14:46:38,Adana,140,60,7,Garson Ali
2025-11-07 15:10:38,İskender,150,65,8,Garson Ali
2025-11-07 13:40:38,İskender,150,65,8,Garson Ayşe
2025-11-07 13:51:38,Beyti,160,70,9,Garson Ali
2025-11-07 21:14:38,Kola,25,15,1,Garson Ayşe
2025-11-07 20:51:38,Adana,140,60,7,Garson Ali
2025-11-07 21:59:38,İskender,150,65,8,Garson Ayşe
2025-11-07 14:49:38,Su,10,2,1,Garson Ayşe
2025-11-07 17:24:38,Beyti,160,70,9,Garson Ali
2025-11-07 15:30:38,Gavurdağı,60,20,3,Garson Ali
2025-11-06 12:01:38,Mercimek,40,12,3,Garson Mehmet
2025-11-06 18:10:38,Su,10,2,1,Garson Ali
2025-11-06 20:02:38,Kola,25,15,1,Garson Ayşe
2025-11-06 14:20:38,Künefe,80,35,5,Garson Ali
2025-11-06 13:52:38,İskender,150,65,8,Garson Ayşe
2025-11-06 11:43:38,Su,10,2,1,Garson Ali
2025-11-06 18:02:38,Su,10,2,1,Garson Ayşe
2025-11-06 18:01:38,İskender,150,65,8,Garson Ayşe
2025-11-06 13:29:38,Beyti,160,70,9,Garson Ayşe
2025-11-06 13:52:38,Beyti,160,70,9,Garson Ali
2025-11-06 19:06:38,İskender,150,65,8,Garson Ayşe
2025-11-06 16:54:38,Beyti,160,70,9,Garson Ali
2025-11-06 12:03:38,Künefe,80,35,5,Garson Ali
2025-11-06 17:58:38,İskender,150,65,8,Garson Ali
2025-11-06 13:49:38,Su,10,2,1,Garson Ali
2025-11-06 17:22:38,İskender,150,65,8,Garson Ali
2025-11-06 19:59:38,Beyti,160,70,9,Garson Ayşe
2025-11-06 22:55:38,Kola,25,15,1,Garson Ali
2025-11-06 13:58:38,Adana,140,60,7,Garson Ayşe
2025-11-06 20:40:38,Su,10,2,1,Garson Ali
2025-11-06 16:51:38,Adana,140,60,7,Garson Mehmet
2025-11-06 17:33:38,Adana,140,60,7,Garson Ali
2025-11-06 20:21:38,Kola,25,15,1,Garson Ayşe
2025-11-06 19:14:38,İskender,150,65,8,Garson Ayşe
2025-11-06 14:48:38,Mercimek,40,12,3,Garson Ayşe
2025-11-06 14:41:38,Su,10,2,1,Garson Mehmet
2025-11-05 20:50:38,İskender,150,65,8,Garson Ali
2025-11-05 23:33:38,Beyti,160,70,9,Garson Ali
2025-11-05 19:08:38,Beyti,160,70,9,Garson Ali
2025-11-05 19:38:38,Adana,140,60,7,Garson Ayşe
2025-11-05 22:41:38,İskender,150,65,8,Garson Zeynep
2025-11-05 11:33:38,İskender,150,65,8,Garson Mehmet
2025-11-05 11:21:38,Su,10,2,1,Garson Ali
2025-11-05 19:44:38,Kola,25,15,1,Garson Ayşe
2025-11-05 12:59:38,İskender,150,65,8,Garson Ali
2025-11-05 21:28:38,Kola,25,15,1,Garson Ali
2025-11-05 11:50:38,Beyti,160,70,9,Garson Mehmet
2025-11-05 13:38:38,İskender,150,65,8,Garson Mehmet
2025-11-05 14:20:38,Su,10,2,1,Garson Zeynep
2025-11-05 12:06:38,Beyti,160,70,9,Garson Ali
2025-11-05 20:52:38,Su,10,2,1,Garson Ali
2025-11-05 13:06:38,Su,10,2,1,Garson Ali
2025-11-05 21:35:38,Künefe,80,35,5,Garson Ali
2025-11-05 15:00:38,Beyti,160,70,9,Garson Ali
2025-11-05 20:30:38,Künefe,80,35,5,Garson Ali
2025-11-05 23:39:38,İskender,150,65,8,Garson Ali
2025-11-05 16:40:38,Adana,140,60,7,Garson Ayşe
2025-11-05 18:10:38,Su,10,2,1,Garson Mehmet
2025-11-05 16:01:38,Beyti,160,70,9,Garson Ayşe
2025-11-05 15:05:38,Ezogelin,40,12,3,Garson Ali
2025-11-05 17:38:38,Su,10,2,1,Garson Ali
2025-11-05 19:22:38,Su,10,2,1,Garson Ali
2025-11-05 16:14:38,Adana,140,60,7,Garson Ayşe
2025-11-04 19:19:38,Su,10,2,1,Garson Ali
2025-11-04 17:48:38,Kola,25,15,1,Garson Mehmet
2025-11-04 11:40:38,Su,10,2,1,Garson Ali
2025-11-04 17:05:38,Ayran,15,4,1,Garson Ali
2025-11-04 16:49:38,Mercimek,40,12,3,Garson Ali
2025-11-04 23:42:38,Kola,25,15,1,Garson Ayşe
2025-11-04 23:54:38,Su,10,2,1,Garson Ayşe
2025-11-04 20:38:38,Adana,140,60,7,Garson Ali
2025-11-04 21:43:38,Ayran,15,4,1,Garson Ali
2025-11-04 14:15:38,Su,10,2,1,Garson Ali
2025-11-04 17:54:38,Kola,25,15,1,Garson Ayşe
2025-11-04 20:10:38,Kola,25,15,1,Garson Ali
2025-11-04 19:24:38,Ayran,15,4,1,Garson Ali
2025-11-04 17:00:38,İskender,150,65,8,Garson Ali
2025-11-04 21:59:38,Beyti,160,70,9,Garson Ali
2025-11-04 14:23:38,Su,10,2,1,Garson Ali
2025-11-04 14:53:38,Beyti,160,70,9,Garson Ayşe
2025-11-04 18:50:38,Beyti,160,70,9,Garson Ali
2025-11-04 11:41:38,Beyti,160,70,9,Garson Ali
2025-11-04 21:23:38,Adana,140,60,7,Garson Ali
2025-11-03 18:17:38,İskender,150,65,8,Garson Ali
2025-11-03 11:20:38,Künefe,80,35,5,Garson Ayşe
2025-11-03 21:29:38,Su,10,2,1,Garson Ali
2025-11-03 15:04:38,Künefe,80,35,5,Garson Ayşe
2025-11-03 17:53:38,Beyti,160,70,9,Garson Ali
2025-11-03 11:05:38,İskender,150,65,8,Garson Ali
2025-11-03 23:58:38,İskender,150,65,8,Garson Ayşe
2025-11-03 22:32:38,Kola,25,15,1,Garson Ali
2025-11-03 13:22:38,Su,10,2,1,Garson Ali
2025-11-03 15:03:38,Su,10,2,1,Garson Ayşe
2025-11-03 18:08:38,Su,10,2,1,Garson Ali
2025-11-03 23:20:38,İskender,150,65,8,Garson Ayşe
2025-11-03 13:09:38,Beyti,160,70,9,Garson Ali
2025-11-03 15:29:38,Beyti,160,70,9,Garson Mehmet
2025-11-03 22:46:38,Mercimek,40,12,3,Garson Ali
2025-11-03 18:15:38,Kola,25,15,1,Garson Ayşe
2025-11-03 21:48:38,Adana,140,60,7,Garson Zeynep
2025-11-03 22:21:38,Beyti,160,70,9,Garson Ali
2025-11-03 11:09:38,İskender,150,65,8,Garson Ali
2025-11-03 19:09:38,Su,10,2,1,Garson Zeynep
2025-11-03 20:33:38,Künefe,80,35,5,Garson Ayşe
2025-11-03 22:21:38,İskender,150,65,8,Garson Ali
2025-11-03 12:22:38,Ayran,15,4,1,Garson Ali
2025-11-03 22:18:38,Ezogelin,40,12,3,Garson Ali
2025-11-03 22:24:38,Künefe,80,35,5,Garson Ali
2025-11-03 19:27:38,Mercimek,40,12,3,Garson Ali
2025-11-03 22:49:38,İskender,150,65,8,Garson Ali
2025-11-03 22:49:38,Beyti,160,70,9,Garson Mehmet
2025-11-03 20:18:38,Künefe,80,35,5,Garson Ali
2025-11-03 14:09:38,Kola,25,15,1,Garson Ali
2025-11-03 14:52:38,Beyti,160,70,9,Garson Zeynep
2025-11-02 13:37:38,Beyti,160,70,9,Garson Ayşe
2025-11-02 14:12:38,Beyti,160,70,9,Garson Ali
2025-11-02 14:04:38,Su,10,2,1,Garson Ali
2025-11-02 17:34:38,Beyti,160,70,9,Garson Zeynep
2025-11-02 15:16:38,Ayran,15,4,1,Garson Ali
2025-11-02 14:49:38,İskender,150,65,8,Garson Ayşe
2025-11-02 13:01:38,Kola,25,15,1,Garson Ali
2025-11-02 20:42:38,Künefe,80,35,5,Garson Ali
2025-11-02 15:06:38,Kola,25,15,1,Garson Ali
2025-11-02 22:05:38,Beyti,160,70,9,Garson Ayşe
2025-11-02 16:12:38,Beyti,160,70,9,Garson Ayşe
2025-11-02 20:56:38,Kola,25,15,1,Garson Ayşe
2025-11-02 23:28:38,Beyti,160,70,9,Garson Mehmet
2025-11-02 17:25:38,Beyti,160,70,9,Garson Ayşe
2025-11-02 23:54:38,İskender,150,65,8,Garson Ayşe
2025-11-02 17:50:38,İskender,150,65,8,Garson Ali
2025-11-02 18:07:38,Beyti,160,70,9,Garson Ayşe
2025-11-02 15:50:38,Beyti,160,70,9,Garson Ali
2025-11-02 16:11:38,Kola,25,15,1,Garson Ali
2025-11-02 23:27:38,Beyti,160,70,9,Garson Ali
2025-11-02 20:08:38,İskender,150,65,8,Garson Mehmet
2025-11-02 17:12:38,Su,10,2,1,Garson Ali
2025-11-02 23:24:38,Künefe,80,35,5,Garson Zeynep
2025-11-02 19:29:38,Adana,140,60,7,Garson Ali
2025-11-02 23:16:38,Su,10,2,1,Garson Ayşe
2025-11-02 19:33:38,Adana,140,60,7,Garson Ali
2025-11-02 23:10:38,İskender,150,65,8,Garson Ali
2025-11-02 23:53:38,Su,10,2,1,Garson Mehmet
2025-11-02 14:31:38,Ayran,15,4,1,Garson Ali
2025-11-02 22:18:38,Su,10,2,1,Garson Zeynep
2025-11-02 23:58:38,Künefe,80,35,5,Garson Ali
2025-11-02 11:44:38,Ayran,15,4,1,Garson Ali
2025-11-02 22:42:38,Künefe,80,35,5,Garson Ali
2025-11-02 18:14:38,İskender,150,65,8,Garson Ali
2025-11-02 13:17:38,Künefe,80,35,5,Garson Mehmet
2025-11-02 12:51:38,Mercimek,40,12,3,Garson Ali
2025-11-02 23:34:38,Ayran,15,4,1,Garson Ali
2025-11-02 22:48:38,Ezogelin,40,12,3,Garson Ayşe
2025-11-02 14:25:38,Su,10,2,1,Garson Ali
2025-11-02 22:47:38,İskender,150,65,8,Garson Ayşe
2025-11-02 23:28:38,Beyti,160,70,9,Garson Ali
2025-11-02 18:44:38,Su,10,2,1,Garson Ayşe
2025-11-02 15:26:38,Beyti,160,70,9,Garson Ali
2025-11-02 15:39:38,Künefe,80,35,5,Garson Ali
2025-11-02 19:23:38,Su,10,2,1,Garson Ali
2025-11-02 13:13:38,Mercimek,40,12,3,Garson Ali
2025-11-02 22:24:38,İskender,150,65,8,Garson Ali
2025-11-02 19:33:38,İskender,150,65,8,Garson Ali
2025-11-02 21:49:38,Beyti,160,70,9,Garson Ali
2025-11-02 22:30:38,Beyti,160,70,9,Garson Ali
2025-11-02 15:11:38,Su,10,2,1,Garson Ayşe
2025-11-02 12:06:38,Beyti,160,70,9,Garson Ayşe
2025-11-02 17:27:38,İskender,150,65,8,Garson Ali
2025-11-02 14:01:38,İskender,150,65,8,Garson Ali
2025-11-02 20:33:38,Beyti,160,70,9,Garson Ali
2025-11-02 20:07:38,Ayran,15,4,1,Garson Ali
2025-11-02 18:05:38,İskender,150,65,8,Garson Ali
2025-11-02 15:22:38,Mercimek,40,12,3,Garson Ali
2025-11-02 19:52:38,İskender,150,65,8,Garson Ali
2025-11-02 18:07:38,Ayran,15,4,1,Garson Ayşe
2025-11-02 11:13:38,Beyti,160,70,9,Garson Ayşe
2025-11-02 15:50:38,Beyti,160,70,9,Garson Ayşe
2025-11-02 17:02:38,İskender,150,65,8,Garson Ali
2025-11-02 11:49:38,Su,10,2,1,Garson Mehmet
2025-11-02 12:13:38,Beyti,160,70,9,Garson Ali
2025-11-02 22:58:38,İskender,150,65,8,Garson Ali
2025-11-02 16:54:38,İskender,150,65,8,Garson Ayşe
2025-11-02 12:25:38,İskender,150,65,8,Garson Ayşe
2025-11-02 16:43:38,İskender,150,65,8,Garson Ali
2025-11-02 18:03:38,İskender,150,65,8,Garson Ayşe
2025-11-02 13:59:38,Beyti,160,70,9,Garson Ayşe
2025-11-02 12:36:38,Su,10,2,1,Garson Ayşe
2025-11-02 23:20:38,Adana,140,60,7,Garson Mehmet
2025-11-02 11:19:38,Beyti,160,70,9,Garson Ali
2025-11-02 13:57:38,Ayran,15,4,1,Garson Ali
2025-11-01 19:48:38,İskender,150,65,8,Garson Ali
2025-11-01 11:09:38,Su,10,2,1,Garson Ayşe
2025-11-01 12:27:38,Künefe,80,35,5,Garson Ali
2025-11-01 16:53:38,Beyti,160,70,9,Garson Ali
2025-11-01 17:19:38,Su,10,2,1,Garson Ali
2025-11-01 23:00:38,Beyti,160,70,9,Garson Mehmet
2025-11-01 15:33:38,İskender,150,65,8,Garson Ali
2025-11-01 23:42:38,Su,10,2,1,Garson Ali
2025-11-01 11:11:38,Adana,140,60,7,Garson Mehmet
2025-11-01 16:21:38,Beyti,160,70,9,Garson Ali
2025-11-01 11:02:38,Kola,25,15,1,Garson Ali
2025-11-01 15:19:38,İskender,150,65,8,Garson Ayşe
2025-11-01 18:32:38,Beyti,160,70,9,Garson Mehmet
2025-11-01 16:36:38,Adana,140,60,7,Garson Ayşe
2025-11-01 11:19:38,Adana,140,60,7,Garson Ali
2025-11-01 12:08:38,Kola,25,15,1,Garson Mehmet
2025-11-01 13:05:38,Beyti,160,70,9,Garson Ayşe
2025-11-01 17:21:38,İskender,150,65,8,Garson Ali
2025-11-01 19:23:38,İskender,150,65,8,Garson Zeynep
2025-11-01 11:02:38,Adana,140,60,7,Garson Ali
2025-11-01 12:22:38,İskender,150,65,8,Garson Ayşe
2025-11-01 22:24:38,Su,10,2,1,Garson Zeynep
2025-11-01 21:21:38,Beyti,160,70,9,Garson Ali
2025-11-01 23:50:38,Beyti,160,70,9,Garson Ayşe
2025-11-01 20:32:38,Beyti,160,70,9,Garson Ayşe
2025-11-01 21:39:38,Beyti,160,70,9,Garson Ayşe
2025-11-01 13:55:38,Künefe,80,35,5,Garson Ayşe
2025-11-01 19:42:38,Su,10,2,1,Garson Ayşe
2025-11-01 19:13:38,Kola,25,15,1,Garson Ayşe
2025-11-01 14:08:38,İskender,150,65,8,Garson Ayşe
2025-11-01 20:54:38,Mercimek,40,12,3,Garson Ali
2025-11-01 21:18:38,İskender,150,65,8,Garson Ali
2025-11-01 11:26:38,Beyti,160,70,9,Garson Ayşe
2025-11-01 22:08:38,İskender,150,65,8,Garson Ayşe
2025-11-01 16:33:38,İskender,150,65,8,Garson Zeynep
2025-11-01 12:03:38,Beyti,160,70,9,Garson Ayşe
2025-11-01 15:05:38,Ezogelin,40,12,3,Garson Ayşe
2025-11-01 14:59:38,Künefe,80,35,5,Garson Zeynep
2025-11-01 21:01:38,Künefe,80,35,5,Garson Mehmet
2025-11-01 22:35:38,İskender,150,65,8,Garson Mehmet
2025-11-01 13:08:38,İskender,150,65,8,Garson Ayşe
2025-11-01 21:32:38,Kola,25,15,1,Garson Zeynep
2025-11-01 12:28:38,Beyti,160,70,9,Garson Ali
2025-11-01 14:07:38,Beyti,160,70,9,Garson Ali
2025-11-01 13:37:38,İskender,150,65,8,Garson Ali
2025-11-01 13:54:38,İskender,150,65,8,Garson Ali
2025-11-01 22:52:38,İskender,150,65,8,Garson Ali
2025-11-01 18:04:38,Su,10,2,1,Garson Mehmet
2025-11-01 15:17:38,İskender,150,65,8,Garson Ali
2025-11-01 12:01:38,İskender,150,65,8,Garson Mehmet
2025-10-31 15:08:38,Beyti,160,70,9,Garson Zeynep
2025-10-31 21:16:38,Su,10,2,1,Garson Ali
2025-10-31 13:28:38,Ayran,15,4,1,Garson Ali
2025-10-31 11:18:38,Kola,25,15,1,Garson Ali
2025-10-31 16:51:38,Beyti,160,70,9,Garson Ali
2025-10-31 12:39:38,Beyti,160,70,9,Garson Ali
2025-10-31 12:28:38,Su,10,2,1,Garson Mehmet
2025-10-31 11:09:38,Su,10,2,1,Garson Ali
2025-10-31 11:00:38,Beyti,160,70,9,Garson Ali
2025-10-31 23:34:38,Beyti,160,70,9,Garson Ali
2025-10-31 19:06:38,Su,10,2,1,Garson Ali
2025-10-31 12:18:38,İskender,150,65,8,Garson Ali
2025-10-31 23:14:38,Ezogelin,40,12,3,Garson Ayşe
2025-10-31 21:59:38,Beyti,160,70,9,Garson Zeynep
2025-10-31 23:36:38,Mercimek,40,12,3,Garson Ali
2025-10-31 11:35:38,İskender,150,65,8,Garson Ayşe
2025-10-31 21:46:38,Mercimek,40,12,3,Garson Ali
2025-10-31 14:59:38,Kola,25,15,1,Garson Ali
2025-10-31 17:37:38,Su,10,2,1,Garson Ali
2025-10-31 15:56:38,Su,10,2,1,Garson Ali
2025-10-31 20:45:38,Su,10,2,1,Garson Ayşe
2025-10-31 11:42:38,Beyti,160,70,9,Garson Ayşe
2025-10-31 20:08:38,Ayran,15,4,1,Garson Ayşe
2025-10-31 21:52:38,Su,10,2,1,Garson Ayşe
2025-10-31 11:51:38,Beyti,160,70,9,Garson Ali
2025-10-31 13:22:38,Beyti,160,70,9,Garson Mehmet
2025-10-31 20:30:38,Kola,25,15,1,Garson Ali
2025-10-31 14:16:38,Su,10,2,1,Garson Ayşe
2025-10-31 20:41:38,İskender,150,65,8,Garson Ali
2025-10-31 21:50:38,İskender,150,65,8,Garson Ali
2025-10-30 21:17:38,Künefe,80,35,5,Garson Ali
2025-10-30 13:29:38,Künefe,80,35,5,Garson Ali
2025-10-30 12:16:38,İskender,150,65,8,Garson Zeynep
2025-10-30 11:23:38,Beyti,160,70,9,Garson Ayşe
2025-10-30 15:53:38,Beyti,160,70,9,Garson Ayşe
2025-10-30 14:45:38,Su,10,2,1,Garson Ali
2025-10-30 11:02:38,Beyti,160,70,9,Garson Mehmet
2025-10-30 23:38:38,Beyti,160,70,9,Garson Ali
2025-10-30 19:52:38,Su,10,2,1,Garson Ayşe
2025-10-30 14:38:38,İskender,150,65,8,Garson Ali
2025-10-30 15:21:38,İskender,150,65,8,Garson Ayşe
2025-10-30 15:19:38,Mercimek,40,12,3,Garson Ali
2025-10-30 18:34:38,Ezogelin,40,12,3,Garson Ayşe
2025-10-30 21:00:38,Beyti,160,70,9,Garson Ali
2025-10-30 23:45:38,Su,10,2,1,Garson Ali
2025-10-30 16:37:38,Ezogelin,40,12,3,Garson Ali
2025-10-30 13:50:38,Adana,140,60,7,Garson Ali
2025-10-30 22:45:38,İskender,150,65,8,Garson Mehmet
2025-10-30 15:06:38,Su,10,2,1,Garson Ayşe
2025-10-30 21:38:38,Su,10,2,1,Garson Ayşe
2025-10-30 22:21:38,Su,10,2,1,Garson Zeynep
2025-10-30 22:27:38,Kola,25,15,1,Garson Mehmet
2025-10-30 21:49:38,Kola,25,15,1,Garson Ayşe
2025-10-30 14:23:38,İskender,150,65,8,Garson Ali
2025-10-30 19:28:38,Beyti,160,70,9,Garson Ayşe
2025-10-30 22:13:38,Künefe,80,35,5,Garson Ali
2025-10-30 18:02:38,Kola,25,15,1,Garson Mehmet
2025-10-29 22:37:38,İskender,150,65,8,Garson Mehmet
2025-10-29 15:00:38,Su,10,2,1,Garson Ali
2025-10-29 22:35:38,Ayran,15,4,1,Garson Ali
2025-10-29 15:50:38,Ezogelin,40,12,3,Garson Ali
2025-10-29 15:18:38,İskender,150,65,8,Garson Ali
2025-10-29 20:47:38,Su,10,2,1,Garson Ali
2025-10-29 13:07:38,Beyti,160,70,9,Garson Ali
2025-10-29 13:48:38,İskender,150,65,8,Garson Mehmet
2025-10-29 14:40:38,Mercimek,40,12,3,Garson Ayşe
2025-10-29 13:51:38,İskender,150,65,8,Garson Ali
2025-10-29 14:23:38,Kola,25,15,1,Garson Ayşe
2025-10-29 14:37:38,Beyti,160,70,9,Garson Ali
2025-10-29 11:16:38,Adana,140,60,7,Garson Ayşe
2025-10-29 17:06:38,Gavurdağı,60,20,3,Garson Ali
2025-10-29 11:49:38,Su,10,2,1,Garson Ayşe
2025-10-29 14:19:38,Künefe,80,35,5,Garson Ali
2025-10-29 12:06:38,Ayran,15,4,1,Garson Ali
2025-10-29 17:35:38,İskender,150,65,8,Garson Mehmet
2025-10-29 23:47:38,Su,10,2,1,Garson Ali
2025-10-29 16:48:38,Beyti,160,70,9,Garson Ali
2025-10-29 13:45:38,Su,10,2,1,Garson Ali
2025-10-29 23:09:38,Beyti,160,70,9,Garson Ali
2025-10-29 11:59:38,Su,10,2,1,Garson Ali
2025-10-29 20:58:38,Ayran,15,4,1,Garson Zeynep
2025-10-29 21:46:38,İskender,150,65,8,Garson Ali
2025-10-29 11:29:38,Beyti,160,70,9,Garson Ali
2025-10-29 23:26:38,Künefe,80,35,5,Garson Mehmet
2025-10-29 19:50:38,Su,10,2,1,Garson Ali
2025-10-29 21:03:38,Adana,140,60,7,Garson Zeynep
2025-10-29 17:19:38,Adana,140,60,7,Garson Ayşe
2025-10-29 13:19:38,Beyti,160,70,9,Garson Ali
2025-10-29 13:44:38,Beyti,160,70,9,Garson Ali
2025-10-28 23:55:38,İskender,150,65,8,Garson Ayşe
2025-10-28 15:53:38,Künefe,80,35,5,Garson Zeynep
2025-10-28 23:48:38,Beyti,160,70,9,Garson Ayşe
2025-10-28 23:32:38,Ayran,15,4,1,Garson Zeynep
2025-10-28 15:08:38,Su,10,2,1,Garson Ali
2025-10-28 16:43:38,Beyti,160,70,9,Garson Ali
2025-10-28 20:38:38,Beyti,160,70,9,Garson Ali
2025-10-28 22:13:38,Kola,25,15,1,Garson Ali
2025-10-28 21:40:38,Beyti,160,70,9,Garson Ayşe
2025-10-28 23:19:38,Künefe,80,35,5,Garson Ali
2025-10-28 12:47:38,Su,10,2,1,Garson Ali
2025-10-28 19:31:38,Su,10,2,1,Garson Ali
2025-10-28 22:47:38,Beyti,160,70,9,Garson Ayşe
2025-10-28 13:47:38,Beyti,160,70,9,Garson Ali
2025-10-28 22:46:38,Mercimek,40,12,3,Garson Ali
2025-10-28 13:23:38,Mercimek,40,12,3,Garson Ali
2025-10-28 17:33:38,Su,10,2,1,Garson Mehmet
2025-10-28 20:36:38,Su,10,2,1,Garson Ali
2025-10-28 18:03:38,Su,10,2,1,Garson Ayşe
2025-10-28 14:35:38,Mercimek,40,12,3,Garson Ali
2025-10-28 14:03:38,Su,10,2,1,Garson Ali
2025-10-28 18:20:38,Su,10,2,1,Garson Ali
2025-10-28 16:31:38,Beyti,160,70,9,Garson Ali
2025-10-28 17:33:38,Mercimek,40,12,3,Garson Mehmet
2025-10-28 20:02:38,Beyti,160,70,9,Garson Mehmet
2025-10-28 12:01:38,Adana,140,60,7,Garson Ayşe
2025-10-28 11:40:38,Künefe,80,35,5,Garson Ayşe
2025-10-28 15:17:38,Kola,25,15,1,Garson Ali
2025-10-28 19:49:38,Beyti,160,70,9,Garson Ali
2025-10-27 20:24:38,Kola,25,15,1,Garson Ali
2025-10-27 20:11:38,Adana,140,60,7,Garson Ayşe
2025-10-27 17:04:38,Beyti,160,70,9,Garson Ayşe
2025-10-27 23:34:38,Ezogelin,40,12,3,Garson Ali
2025-10-27 18:16:38,Kola,25,15,1,Garson Ayşe
2025-10-27 16:03:38,Beyti,160,70,9,Garson Ali
2025-10-27 18:05:38,Beyti,160,70,9,Garson Mehmet
2025-10-27 23:26:38,Su,10,2,1,Garson Ali
2025-10-27 23:41:38,Beyti,160,70,9,Garson Ayşe
2025-10-27 19:47:38,Kola,25,15,1,Garson Ali
2025-10-27 22:46:38,Kola,25,15,1,Garson Ayşe
2025-10-27 11:53:38,Beyti,160,70,9,Garson Mehmet
2025-10-27 15:50:38,Beyti,160,70,9,Garson Ali
2025-10-27 11:47:38,Künefe,80,35,5,Garson Ayşe
2025-10-27 17:05:38,Beyti,160,70,9,Garson Ayşe
2025-10-27 14:26:38,Beyti,160,70,9,Garson Ali
2025-10-27 11:10:38,Su,10,2,1,Garson Ali
2025-10-27 23:50:38,Kola,25,15,1,Garson Ali
2025-10-27 22:03:38,Su,10,2,1,Garson Ali
2025-10-27 17:04:38,İskender,150,65,8,Garson Ali
2025-10-27 21:00:38,Beyti,160,70,9,Garson Ayşe
2025-10-27 21:30:38,Su,10,2,1,Garson Ali
2025-10-27 17:26:38,Beyti,160,70,9,Garson Ayşe
2025-10-27 19:33:38,Kola,25,15,1,Garson Ayşe
2025-10-27 14:49:38,Su,10,2,1,Garson Ayşe
2025-10-27 17:30:38,Beyti,160,70,9,Garson Ali
2025-10-27 22:27:38,Kola,25,15,1,Garson Ali
2025-10-27 20:19:38,Beyti,160,70,9,Garson Ali
2025-10-27 22:39:38,Beyti,160,70,9,Garson Ali
2025-10-27 18:02:38,Su,10,2,1,Garson Ali
2025-10-27 17:21:38,Ezogelin,40,12,3,Garson Ali
2025-10-27 21:30:38,Beyti,160,70,9,Garson Ali
2025-10-27 15:04:38,Ayran,15,4,1,Garson Ali
2025-10-27 16:49:38,Mercimek,40,12,3,Garson Ayşe
2025-10-27 14:49:38,İskender,150,65,8,Garson Ali
2025-10-27 15:28:38,Kola,25,15,1,Garson Mehmet
2025-10-26 23:22:38,İskender,150,65,8,Garson Ali
2025-10-26 23:07:38,Beyti,160,70,9,Garson Ali
2025-10-26 16:02:38,Su,10,2,1,Garson Ali
2025-10-26 11:05:38,Ayran,15,4,1,Garson Ali
2025-10-26 16:10:38,Su,10,2,1,Garson Ali
2025-10-26 19:25:38,Su,10,2,1,Garson Ali
2025-10-26 14:38:38,Beyti,160,70,9,Garson Ali
2025-10-26 12:58:38,Su,10,2,1,Garson Ali
2025-10-26 13:42:38,Beyti,160,70,9,Garson Ali
2025-10-26 13:45:38,İskender,150,65,8,Garson Ali
2025-10-26 16:19:38,Adana,140,60,7,Garson Ayşe
2025-10-26 17:57:38,Ezogelin,40,12,3,Garson Ayşe
2025-10-26 16:13:38,Mercimek,40,12,3,Garson Ali
2025-10-26 13:26:38,Ayran,15,4,1,Garson Ali
2025-10-26 15:05:38,Ezogelin,40,12,3,Garson Ali
2025-10-26 15:35:38,Beyti,160,70,9,Garson Ayşe
2025-10-26 18:40:38,Su,10,2,1,Garson Ayşe
2025-10-26 17:04:38,İskender,150,65,8,Garson Mehmet
2025-10-26 19:31:38,Beyti,160,70,9,Garson Ayşe
2025-10-26 15:17:38,Su,10,2,1,Garson Ali
2025-10-26 18:35:38,Su,10,2,1,Garson Mehmet
2025-10-26 14:39:38,Adana,140,60,7,Garson Zeynep
2025-10-26 21:59:38,Beyti,160,70,9,Garson Ayşe
2025-10-26 18:26:38,Adana,140,60,7,Garson Ayşe
2025-10-26 12:58:38,Künefe,80,35,5,Garson Ali
2025-10-26 22:44:38,Beyti,160,70,9,Garson Ali
2025-10-26 18:05:38,Su,10,2,1,Garson Ali
2025-10-26 17:26:38,Su,10,2,1,Garson Ali
2025-10-26 11:24:38,Künefe,80,35,5,Garson Ali
2025-10-26 12:53:38,İskender,150,65,8,Garson Mehmet
2025-10-26 20:23:38,Kola,25,15,1,Garson Ayşe
2025-10-26 21:30:38,İskender,150,65,8,Garson Ali
2025-10-26 12:47:38,İskender,150,65,8,Garson Ali
2025-10-26 12:57:38,Su,10,2,1,Garson Mehmet
2025-10-26 12:04:38,Kola,25,15,1,Garson Ali
2025-10-26 11:06:38,Ezogelin,40,12,3,Garson Ayşe
2025-10-26 15:24:38,Kola,25,15,1,Garson Ali
2025-10-26 15:19:38,Beyti,160,70,9,Garson Ali
2025-10-26 22:19:38,Beyti,160,70,9,Garson Ayşe
2025-10-26 17:34:38,Ayran,15,4,1,Garson Ayşe
2025-10-26 15:56:38,İskender,150,65,8,Garson Ayşe
2025-10-26 23:50:38,Beyti,160,70,9,Garson Ali
2025-10-26 11:07:38,Beyti,160,70,9,Garson Ayşe
2025-10-26 17:42:38,Kola,25,15,1,Garson Mehmet
2025-10-26 18:25:38,Kola,25,15,1,Garson Ayşe
2025-10-26 19:57:38,Su,10,2,1,Garson Ayşe
2025-10-26 21:53:38,İskender,150,65,8,Garson Ayşe
2025-10-26 11:34:38,Ayran,15,4,1,Garson Ali
2025-10-26 21:23:38,İskender,150,65,8,Garson Ayşe
2025-10-26 12:46:38,Su,10,2,1,Garson Ayşe
2025-10-26 20:18:38,Ayran,15,4,1,Garson Ali
2025-10-26 16:14:38,Su,10,2,1,Garson Ali
2025-10-26 11:20:38,Beyti,160,70,9,Garson Ali
2025-10-26 14:46:38,Ezogelin,40,12,3,Garson Ali
2025-10-26 22:32:38,Künefe,80,35,5,Garson Ali
2025-10-26 14:19:38,Mercimek,40,12,3,Garson Ali
2025-10-26 21:04:38,Beyti,160,70,9,Garson Ali
2025-10-26 13:12:38,İskender,150,65,8,Garson Ali
2025-10-26 22:56:38,Su,10,2,1,Garson Ayşe
2025-10-26 20:46:38,Su,10,2,1,Garson Ali
2025-10-26 22:21:38,Kola,25,15,1,Garson Ayşe
2025-10-26 22:02:38,Künefe,80,35,5,Garson Ali
2025-10-26 15:44:38,İskender,150,65,8,Garson Ali
2025-10-26 17:33:38,Adana,140,60,7,Garson Mehmet
2025-10-26 11:35:38,Adana,140,60,7,Garson Ali
2025-10-26 14:59:38,Kola,25,15,1,Garson Ayşe
2025-10-26 15:54:38,İskender,150,65,8,Garson Ali
2025-10-26 14:06:38,İskender,150,65,8,Garson Ayşe
2025-10-26 11:07:38,Beyti,160,70,9,Garson Ayşe
2025-10-26 13:32:38,Su,10,2,1,Garson Ayşe
2025-10-26 19:42:38,Su,10,2,1,Garson Ali
2025-10-26 21:33:38,Mercimek,40,12,3,Garson Ayşe
2025-10-26 22:34:38,İskender,150,65,8,Garson Mehmet
2025-10-26 14:30:38,Beyti,160,70,9,Garson Ali
2025-10-26 16:20:38,Beyti,160,70,9,Garson Mehmet
2025-10-26 20:21:38,Su,10,2,1,Garson Ayşe
2025-10-26 21:35:38,Kola,25,15,1,Garson Ayşe
2025-10-26 17:36:38,Mercimek,40,12,3,Garson Ali
2025-10-26 22:09:38,Beyti,160,70,9,Garson Ali
2025-10-26 15:23:38,Kola,25,15,1,Garson Mehmet
2025-10-26 11:37:38,Adana,140,60,7,Garson Ali
2025-10-26 23:20:38,Beyti,160,70,9,Garson Ali
2025-10-25 22:48:38,Beyti,160,70,9,Garson Mehmet
2025-10-25 11:46:38,Adana,140,60,7,Garson Zeynep
2025-10-25 15:19:38,Adana,140,60,7,Garson Mehmet
2025-10-25 15:02:38,Su,10,2,1,Garson Ali
2025-10-25 14:08:38,Beyti,160,70,9,Garson Ayşe
2025-10-25 13:00:38,Su,10,2,1,Garson Ali
2025-10-25 19:19:38,Ayran,15,4,1,Garson Ali
2025-10-25 14:41:38,Su,10,2,1,Garson Ayşe
2025-10-25 19:42:38,Su,10,2,1,Garson Mehmet
2025-10-25 21:41:38,Adana,140,60,7,Garson Ali
2025-10-25 16:24:38,Ayran,15,4,1,Garson Ali
2025-10-25 17:05:38,Kola,25,15,1,Garson Ayşe
2025-10-25 22:45:38,Beyti,160,70,9,Garson Ali
2025-10-25 21:10:38,Su,10,2,1,Garson Mehmet
2025-10-25 13:54:38,İskender,150,65,8,Garson Mehmet
2025-10-25 12:24:38,Su,10,2,1,Garson Ali
2025-10-25 19:50:38,Su,10,2,1,Garson Ayşe
2025-10-25 20:41:38,Beyti,160,70,9,Garson Ali
2025-10-25 14:20:38,Ezogelin,40,12,3,Garson Ayşe
2025-10-25 13:46:38,Adana,140,60,7,Garson Ali
2025-10-25 23:01:38,Künefe,80,35,5,Garson Ayşe
2025-10-25 22:11:38,Ayran,15,4,1,Garson Ali
2025-10-25 16:08:38,Beyti,160,70,9,Garson Ayşe
2025-10-25 23:25:38,Beyti,160,70,9,Garson Ali
2025-10-25 21:58:38,Beyti,160,70,9,Garson Ali
2025-10-25 11:17:38,Beyti,160,70,9,Garson Ali
2025-10-25 17:48:38,Ayran,15,4,1,Garson Ayşe
2025-10-25 22:54:38,Kola,25,15,1,Garson Mehmet
2025-10-25 11:35:38,Su,10,2,1,Garson Ayşe
2025-10-25 23:05:38,Adana,140,60,7,Garson Ali
2025-10-25 17:43:38,Mercimek,40,12,3,Garson Ayşe
2025-10-25 21:53:38,Beyti,160,70,9,Garson Ali
2025-10-25 16:19:38,Kola,25,15,1,Garson Mehmet
2025-10-25 14:58:38,Su,10,2,1,Garson Ali
2025-10-25 17:59:38,Beyti,160,70,9,Garson Mehmet
2025-10-25 23:35:38,Künefe,80,35,5,Garson Ayşe
2025-10-25 18:50:38,Beyti,160,70,9,Garson Ayşe
2025-10-25 21:41:38,Adana,140,60,7,Garson Mehmet
2025-10-25 11:05:38,Kola,25,15,1,Garson Mehmet
2025-10-25 13:42:38,Kola,25,15,1,Garson Ali
2025-10-25 16:18:38,Beyti,160,70,9,Garson Mehmet
2025-10-25 17:38:38,Beyti,160,70,9,Garson Ayşe
2025-10-25 14:57:38,İskender,150,65,8,Garson Ali
2025-10-25 13:29:38,Ezogelin,40,12,3,Garson Ayşe
2025-10-25 22:45:38,Beyti,160,70,9,Garson Ali
2025-10-25 20:14:38,Künefe,80,35,5,Garson Ali
2025-10-25 21:23:38,İskender,150,65,8,Garson Ali
2025-10-25 21:01:38,Künefe,80,35,5,Garson Mehmet
2025-10-25 16:11:38,Ayran,15,4,1,Garson Ali
2025-10-25 13:37:38,Su,10,2,1,Garson Ali
2025-10-25 15:21:38,Künefe,80,35,5,Garson Ali
2025-10-25 23:17:38,Mercimek,40,12,3,Garson Ali
2025-10-25 23:48:38,Beyti,160,70,9,Garson Ali
2025-10-25 16:52:38,Beyti,160,70,9,Garson Ayşe
2025-10-25 15:09:38,Su,10,2,1,Garson Ayşe
2025-10-25 21:47:38,İskender,150,65,8,Garson Ayşe
2025-10-25 20:58:38,Ayran,15,4,1,Garson Ali
2025-10-25 21:32:38,Beyti,160,70,9,Garson Ali
2025-10-25 16:25:38,Su,10,2,1,Garson Ali
2025-10-25 22:39:38,Beyti,160,70,9,Garson Ali
2025-10-25 15:36:38,İskender,150,65,8,Garson Ali
2025-10-25 16:27:38,Kola,25,15,1,Garson Ali
2025-10-24 17:50:38,Ayran,15,4,1,Garson Mehmet
2025-10-24 12:19:38,Su,10,2,1,Garson Zeynep
2025-10-24 18:11:38,Adana,140,60,7,Garson Ali
2025-10-24 22:46:38,Kola,25,15,1,Garson Ayşe
2025-10-24 17:22:38,Beyti,160,70,9,Garson Ayşe
2025-10-24 13:35:38,Su,10,2,1,Garson Mehmet
2025-10-24 18:03:38,Mercimek,40,12,3,Garson Ali
2025-10-24 14:33:38,Künefe,80,35,5,Garson Ayşe
2025-10-24 22:17:38,Beyti,160,70,9,Garson Mehmet
2025-10-24 19:21:38,Künefe,80,35,5,Garson Ali
2025-10-24 20:49:38,İskender,150,65,8,Garson Ayşe
2025-10-24 17:36:38,Su,10,2,1,Garson Ayşe
2025-10-24 21:25:38,İskender,150,65,8,Garson Zeynep
2025-10-24 21:34:38,Kola,25,15,1,Garson Ayşe
2025-10-24 22:09:38,İskender,150,65,8,Garson Ali
2025-10-24 22:09:38,Künefe,80,35,5,Garson Ayşe
2025-10-24 12:35:38,İskender,150,65,8,Garson Mehmet
2025-10-24 21:28:38,Mercimek,40,12,3,Garson Mehmet
2025-10-24 23:35:38,İskender,150,65,8,Garson Ayşe
2025-10-24 12:46:38,Beyti,160,70,9,Garson Ali
2025-10-24 19:21:38,Adana,140,60,7,Garson Ali
2025-10-24 19:45:38,Su,10,2,1,Garson Ali
2025-10-24 15:46:38,İskender,150,65,8,Garson Zeynep
2025-10-24 15:25:38,Beyti,160,70,9,Garson Ali
2025-10-24 16:53:38,Kola,25,15,1,Garson Ayşe
2025-10-24 13:15:38,Beyti,160,70,9,Garson Ali
2025-10-24 14:26:38,Gavurdağı,60,20,3,Garson Ayşe
2025-10-24 13:14:38,Adana,140,60,7,Garson Ali
2025-10-24 16:49:38,Ayran,15,4,1,Garson Ayşe
2025-10-24 19:09:38,Su,10,2,1,Garson Ali
2025-10-24 19:31:38,İskender,150,65,8,Garson Ayşe
2025-10-24 20:20:38,İskender,150,65,8,Garson Ali
2025-10-24 21:44:38,İskender,150,65,8,Garson Ayşe
2025-10-24 18:21:38,Su,10,2,1,Garson Ali
2025-10-24 13:06:38,İskender,150,65,8,Garson Ali
2025-10-24 20:16:38,İskender,150,65,8,Garson Ali
2025-10-24 14:06:38,İskender,150,65,8,Garson Ali
2025-10-24 18:16:38,Mercimek,40,12,3,Garson Ayşe
2025-10-24 19:42:38,Beyti,160,70,9,Garson Ali
2025-10-24 20:56:38,Ezogelin,40,12,3,Garson Ali
2025-10-23 21:45:38,İskender,150,65,8,Garson Ali
2025-10-23 21:22:38,Su,10,2,1,Garson Ali
2025-10-23 14:50:38,Beyti,160,70,9,Garson Ayşe
2025-10-23 22:29:38,Su,10,2,1,Garson Ali
2025-10-23 20:17:38,Su,10,2,1,Garson Zeynep
2025-10-23 17:30:38,Su,10,2,1,Garson Mehmet
2025-10-23 21:52:38,Kola,25,15,1,Garson Mehmet
2025-10-23 22:54:38,Kola,25,15,1,Garson Mehmet
2025-10-23 13:31:38,Beyti,160,70,9,Garson Ayşe
2025-10-23 22:58:38,Su,10,2,1,Garson Ali
2025-10-23 12:56:38,Kola,25,15,1,Garson Ali
2025-10-23 21:46:38,İskender,150,65,8,Garson Ayşe
2025-10-23 12:15:38,İskender,150,65,8,Garson Ali
2025-10-23 16:46:38,Kola,25,15,1,Garson Ayşe
2025-10-23 23:10:38,Künefe,80,35,5,Garson Ali
2025-10-23 12:21:38,Beyti,160,70,9,Garson Ali
2025-10-23 17:25:38,Ayran,15,4,1,Garson Ayşe
2025-10-23 17:38:38,Ayran,15,4,1,Garson Ali
2025-10-23 22:14:38,Su,10,2,1,Garson Ali
2025-10-23 22:03:38,Adana,140,60,7,Garson Mehmet
2025-10-23 23:31:38,İskender,150,65,8,Garson Ali
2025-10-23 23:22:38,Beyti,160,70,9,Garson Ayşe
2025-10-23 15:08:38,İskender,150,65,8,Garson Ali
2025-10-23 17:15:38,Kola,25,15,1,Garson Mehmet
2025-10-23 13:05:38,İskender,150,65,8,Garson Ali
2025-10-23 12:46:38,Beyti,160,70,9,Garson Ali
2025-10-23 23:49:38,Kola,25,15,1,Garson Ayşe
2025-10-23 16:21:38,Künefe,80,35,5,Garson Zeynep
2025-10-23 14:45:38,İskender,150,65,8,Garson Mehmet
2025-10-23 23:18:38,Künefe,80,35,5,Garson Ayşe
2025-10-23 13:47:38,Beyti,160,70,9,Garson Ali
2025-10-23 13:36:38,Kola,25,15,1,Garson Ali
2025-10-23 14:23:38,Su,10,2,1,Garson Ayşe
2025-10-23 19:21:38,İskender,150,65,8,Garson Ayşe
2025-10-23 14:56:38,Adana,140,60,7,Garson Ayşe
2025-10-23 15:26:38,Beyti,160,70,9,Garson Ayşe
2025-10-23 23:58:38,İskender,150,65,8,Garson Ali
2025-10-23 21:58:38,İskender,150,65,8,Garson Ayşe
2025-10-23 18:19:38,İskender,150,65,8,Garson Ayşe
2025-10-23 22:16:38,Künefe,80,35,5,Garson Ayşe
2025-10-22 19:31:38,Mercimek,40,12,3,Garson Ayşe
2025-10-22 13:19:38,İskender,150,65,8,Garson Ali
2025-10-22 11:49:38,Beyti,160,70,9,Garson Mehmet
2025-10-22 22:06:38,Su,10,2,1,Garson Ali
2025-10-22 14:24:38,Künefe,80,35,5,Garson Mehmet
2025-10-22 22:11:38,Künefe,80,35,5,Garson Mehmet
2025-10-22 19:20:38,İskender,150,65,8,Garson Ali
2025-10-22 17:16:38,İskender,150,65,8,Garson Ali
2025-10-22 11:13:38,Adana,140,60,7,Garson Ayşe
2025-10-22 12:54:38,Beyti,160,70,9,Garson Ali
2025-10-22 22:21:38,Adana,140,60,7,Garson Ayşe
2025-10-22 18:18:38,Ayran,15,4,1,Garson Ayşe
2025-10-22 17:46:38,Ayran,15,4,1,Garson Zeynep
2025-10-22 20:46:38,Su,10,2,1,Garson Mehmet
2025-10-22 11:04:38,Su,10,2,1,Garson Ali
2025-10-22 22:32:38,Su,10,2,1,Garson Ali
2025-10-22 16:32:38,Adana,140,60,7,Garson Ali
2025-10-22 21:58:38,Künefe,80,35,5,Garson Ali
2025-10-22 14:15:38,Beyti,160,70,9,Garson Ayşe
2025-10-22 12:34:38,Ezogelin,40,12,3,Garson Ayşe
2025-10-22 21:25:38,Künefe,80,35,5,Garson Ali
2025-10-22 19:01:38,Su,10,2,1,Garson Ali
2025-10-22 12:41:38,İskender,150,65,8,Garson Ali
2025-10-21 18:47:38,Su,10,2,1,Garson Ali
2025-10-21 14:30:38,Künefe,80,35,5,Garson Ayşe
2025-10-21 11:29:38,Adana,140,60,7,Garson Ayşe
2025-10-21 14:08:38,Su,10,2,1,Garson Ayşe
2025-10-21 21:07:38,İskender,150,65,8,Garson Zeynep
2025-10-21 13:57:38,Beyti,160,70,9,Garson Ali
2025-10-21 21:13:38,Beyti,160,70,9,Garson Mehmet
2025-10-21 14:16:38,Beyti,160,70,9,Garson Ali
2025-10-21 18:44:38,Kola,25,15,1,Garson Ayşe
2025-10-21 15:40:38,Kola,25,15,1,Garson Mehmet
2025-10-21 23:43:38,Su,10,2,1,Garson Ali
2025-10-21 11:02:38,Künefe,80,35,5,Garson Ali
2025-10-21 12:57:38,Beyti,160,70,9,Garson Ali
2025-10-21 21:47:38,Beyti,160,70,9,Garson Mehmet
2025-10-21 18:41:38,Beyti,160,70,9,Garson Ayşe
2025-10-21 22:39:38,Künefe,80,35,5,Garson Ali
2025-10-21 23:13:38,Su,10,2,1,Garson Ali
2025-10-21 16:25:38,Su,10,2,1,Garson Ali
2025-10-21 14:42:38,Beyti,160,70,9,Garson Zeynep
2025-10-21 20:23:38,Künefe,80,35,5,Garson Ayşe
2025-10-21 11:56:38,Su,10,2,1,Garson Ayşe
2025-10-21 18:44:38,İskender,150,65,8,Garson Ali
2025-10-21 18:16:38,Adana,140,60,7,Garson Ayşe
2025-10-21 19:54:38,Beyti,160,70,9,Garson Ayşe
2025-10-21 14:50:38,Kola,25,15,1,Garson Ali
2025-10-21 11:56:38,Su,10,2,1,Garson Ali
2025-10-21 12:15:38,Kola,25,15,1,Garson Ali
2025-10-20 13:49:38,Kola,25,15,1,Garson Ali
2025-10-20 17:57:38,İskender,150,65,8,Garson Ali
2025-10-20 22:37:38,Ayran,15,4,1,Garson Mehmet
2025-10-20 18:20:38,Adana,140,60,7,Garson Ali
2025-10-20 15:37:38,Su,10,2,1,Garson Ayşe
2025-10-20 22:21:38,Ayran,15,4,1,Garson Mehmet
2025-10-20 19:31:38,Su,10,2,1,Garson Ayşe
2025-10-20 18:12:38,İskender,150,65,8,Garson Ali
2025-10-20 14:12:38,Ayran,15,4,1,Garson Ali
2025-10-20 20:13:38,Su,10,2,1,Garson Ayşe
2025-10-20 23:36:38,İskender,150,65,8,Garson Ali
2025-10-20 12:13:38,Mercimek,40,12,3,Garson Ali
2025-10-20 12:19:38,İskender,150,65,8,Garson Ali
2025-10-20 12:33:38,Beyti,160,70,9,Garson Ayşe
2025-10-20 13:23:38,Su,10,2,1,Garson Ali
2025-10-20 17:32:38,İskender,150,65,8,Garson Ali
2025-10-20 15:10:38,Beyti,160,70,9,Garson Ali
2025-10-20 20:26:38,Su,10,2,1,Garson Zeynep
2025-10-20 21:03:38,Kola,25,15,1,Garson Ayşe
2025-10-20 12:52:38,Beyti,160,70,9,Garson Ayşe
2025-10-19 21:40:38,Su,10,2,1,Garson Ali
2025-10-19 15:47:38,Beyti,160,70,9,Garson Ali
2025-10-19 11:06:38,Beyti,160,70,9,Garson Mehmet
2025-10-19 21:54:38,İskender,150,65,8,Garson Ali
2025-10-19 23:23:38,Kola,25,15,1,Garson Ali
2025-10-19 21:14:38,Mercimek,40,12,3,Garson Ayşe
2025-10-19 18:50:38,Su,10,2,1,Garson Ayşe
2025-10-19 22:33:38,Ezogelin,40,12,3,Garson Ayşe
2025-10-19 15:10:38,Beyti,160,70,9,Garson Mehmet
2025-10-19 12:58:38,Adana,140,60,7,Garson Ali
2025-10-19 15:16:38,Beyti,160,70,9,Garson Ali
2025-10-19 20:36:38,Beyti,160,70,9,Garson Ali
2025-10-19 14:35:38,Beyti,160,70,9,Garson Ayşe
2025-10-19 21:06:38,Ayran,15,4,1,Garson Ali
2025-10-19 23:00:38,İskender,150,65,8,Garson Ali
2025-10-19 22:07:38,Beyti,160,70,9,Garson Ali
2025-10-19 17:11:38,Su,10,2,1,Garson Ali
2025-10-19 20:58:38,Beyti,160,70,9,Garson Mehmet
2025-10-19 22:48:38,Su,10,2,1,Garson Ali
2025-10-19 13:51:38,Beyti,160,70,9,Garson Ali
2025-10-19 22:28:38,İskender,150,65,8,Garson Ayşe
2025-10-19 22:52:38,Kola,25,15,1,Garson Ali
2025-10-19 19:28:38,Su,10,2,1,Garson Ayşe
2025-10-19 20:41:38,Mercimek,40,12,3,Garson Zeynep
2025-10-19 20:19:38,Künefe,80,35,5,Garson Ayşe
2025-10-19 20:59:38,Ezogelin,40,12,3,Garson Ali
2025-10-19 13:28:38,Su,10,2,1,Garson Ali
2025-10-19 13:16:38,Beyti,160,70,9,Garson Ali
2025-10-19 22:51:38,İskender,150,65,8,Garson Ayşe
2025-10-19 19:45:38,Su,10,2,1,Garson Ayşe
2025-10-19 22:52:38,Beyti,160,70,9,Garson Zeynep
2025-10-19 14:01:38,Ayran,15,4,1,Garson Ali
2025-10-19 22:24:38,Su,10,2,1,Garson Zeynep
2025-10-19 15:35:38,Beyti,160,70,9,Garson Mehmet
2025-10-19 22:46:38,Su,10,2,1,Garson Ayşe
2025-10-19 21:17:38,Su,10,2,1,Garson Ayşe
2025-10-19 16:18:38,Kola,25,15,1,Garson Ayşe
2025-10-19 17:59:38,Su,10,2,1,Garson Ayşe
2025-10-19 14:41:38,Su,10,2,1,Garson Ali
2025-10-19 19:48:38,Beyti,160,70,9,Garson Ayşe
2025-10-19 23:54:38,İskender,150,65,8,Garson Ayşe
2025-10-19 23:00:38,Su,10,2,1,Garson Ali
2025-10-19 13:29:38,Künefe,80,35,5,Garson Ali
2025-10-19 20:50:38,Beyti,160,70,9,Garson Ali
2025-10-19 15:50:38,İskender,150,65,8,Garson Ayşe
2025-10-19 21:47:38,İskender,150,65,8,Garson Ali
2025-10-19 13:31:38,İskender,150,65,8,Garson Ayşe
2025-10-19 18:29:38,İskender,150,65,8,Garson Ayşe
2025-10-19 11:58:38,Su,10,2,1,Garson Ayşe
2025-10-19 11:08:38,Adana,140,60,7,Garson Mehmet
2025-10-19 18:01:38,İskender,150,65,8,Garson Ayşe
2025-10-19 15:17:38,Kola,25,15,1,Garson Ali
2025-10-19 12:15:38,İskender,150,65,8,Garson Ali
2025-10-19 15:52:38,Beyti,160,70,9,Garson Ali
2025-10-19 20:01:38,Adana,140,60,7,Garson Ali
2025-10-19 19:13:38,Su,10,2,1,Garson Ayşe
2025-10-19 16:18:38,İskender,150,65,8,Garson Ali
2025-10-19 12:43:38,Mercimek,40,12,3,Garson Ali
2025-10-19 21:45:38,Ayran,15,4,1,Garson Mehmet
2025-10-19 17:27:38,Beyti,160,70,9,Garson Ali
2025-10-19 14:29:38,İskender,150,65,8,Garson Ali
2025-10-19 14:51:38,Kola,25,15,1,Garson Ali
2025-10-19 17:42:38,İskender,150,65,8,Garson Ayşe
2025-10-19 19:27:38,Mercimek,40,12,3,Garson Zeynep
2025-10-19 18:13:38,İskender,150,65,8,Garson Ali
2025-10-19 20:34:38,Künefe,80,35,5,Garson Ali
2025-10-19 23:10:38,Kola,25,15,1,Garson Ali
2025-10-19 20:42:38,Adana,140,60,7,Garson Ali
2025-10-19 21:21:38,Kola,25,15,1,Garson Mehmet
2025-10-18 23:30:38,Mercimek,40,12,3,Garson Zeynep
2025-10-18 16:30:38,Beyti,160,70,9,Garson Ali
2025-10-18 19:37:38,Adana,140,60,7,Garson Ali
2025-10-18 12:05:38,Künefe,80,35,5,Garson Ali
2025-10-18 18:49:38,Su,10,2,1,Garson Zeynep
2025-10-18 17:19:38,Künefe,80,35,5,Garson Ali
2025-10-18 12:41:38,Ayran,15,4,1,Garson Ali
2025-10-18 20:54:38,Su,10,2,1,Garson Ali
2025-10-18 16:22:38,Kola,25,15,1,Garson Ayşe
2025-10-18 16:11:38,Beyti,160,70,9,Garson Ali
2025-10-18 21:06:38,Kola,25,15,1,Garson Ali
2025-10-18 18:51:38,Beyti,160,70,9,Garson Zeynep
2025-10-18 23:52:38,Künefe,80,35,5,Garson Mehmet
2025-10-18 19:57:38,Beyti,160,70,9,Garson Ali
2025-10-18 23:03:38,Mercimek,40,12,3,Garson Ali
2025-10-18 20:37:38,Su,10,2,1,Garson Ali
2025-10-18 14:54:38,Su,10,2,1,Garson Ayşe
2025-10-18 23:44:38,Beyti,160,70,9,Garson Ali
2025-10-18 21:42:38,Adana,140,60,7,Garson Ayşe
2025-10-18 22:19:38,Beyti,160,70,9,Garson Mehmet
2025-10-18 13:28:38,Ayran,15,4,1,Garson Ali
2025-10-18 21:25:38,Beyti,160,70,9,Garson Ayşe
2025-10-18 17:06:38,Künefe,80,35,5,Garson Ayşe
2025-10-18 22:24:38,Su,10,2,1,Garson Ali
2025-10-18 17:10:38,Adana,140,60,7,Garson Ali
2025-10-18 11:34:38,Mercimek,40,12,3,Garson Ali
2025-10-18 14:23:38,Beyti,160,70,9,Garson Ayşe
2025-10-18 13:36:38,Su,10,2,1,Garson Ali
2025-10-18 13:37:38,İskender,150,65,8,Garson Ayşe
2025-10-18 13:10:38,Kola,25,15,1,Garson Ali
2025-10-18 17:09:38,Kola,25,15,1,Garson Ayşe
2025-10-18 20:35:38,İskender,150,65,8,Garson Ayşe
2025-10-18 19:57:38,Su,10,2,1,Garson Ayşe
2025-10-18 20:17:38,İskender,150,65,8,Garson Ali
2025-10-18 19:26:38,Su,10,2,1,Garson Ayşe
2025-10-18 19:21:38,İskender,150,65,8,Garson Ali
2025-10-18 14:03:38,Su,10,2,1,Garson Ayşe
2025-10-18 11:43:38,Beyti,160,70,9,Garson Mehmet
2025-10-18 21:08:38,Ayran,15,4,1,Garson Mehmet
2025-10-18 16:25:38,Adana,140,60,7,Garson Ali
2025-10-18 18:53:38,Su,10,2,1,Garson Ayşe
2025-10-18 17:26:38,Mercimek,40,12,3,Garson Ayşe
2025-10-18 21:58:38,İskender,150,65,8,Garson Ali
2025-10-18 15:30:38,Beyti,160,70,9,Garson Ali
2025-10-18 22:33:38,İskender,150,65,8,Garson Mehmet
2025-10-18 22:36:38,Adana,140,60,7,Garson Ali
2025-10-18 20:44:38,Beyti,160,70,9,Garson Ali
2025-10-18 21:14:38,Kola,25,15,1,Garson Ali
2025-10-18 17:25:38,Beyti,160,70,9,Garson Ali
2025-10-18 22:20:38,Su,10,2,1,Garson Ali
2025-10-18 16:32:38,Mercimek,40,12,3,Garson Ali
2025-10-18 17:33:38,Mercimek,40,12,3,Garson Ayşe
2025-10-18 22:04:38,İskender,150,65,8,Garson Mehmet
2025-10-18 11:04:38,Beyti,160,70,9,Garson Ali
2025-10-18 13:34:38,Kola,25,15,1,Garson Ali
2025-10-18 16:11:38,Kola,25,15,1,Garson Ayşe
2025-10-18 18:23:38,İskender,150,65,8,Garson Ali
2025-10-18 20:16:38,İskender,150,65,8,Garson Ali
2025-10-18 18:40:38,Beyti,160,70,9,Garson Ali
2025-10-18 21:26:38,Su,10,2,1,Garson Ali
2025-10-17 15:08:38,Kola,25,15,1,Garson Ayşe
2025-10-17 18:37:38,Ayran,15,4,1,Garson Ali
2025-10-17 12:11:38,Su,10,2,1,Garson Ali
2025-10-17 19:23:38,Beyti,160,70,9,Garson Ali
2025-10-17 16:56:38,Beyti,160,70,9,Garson Ali
2025-10-17 11:40:38,İskender,150,65,8,Garson Mehmet
2025-10-17 11:49:38,Beyti,160,70,9,Garson Ayşe
2025-10-17 11:19:38,Ayran,15,4,1,Garson Ali
2025-10-17 16:01:38,Beyti,160,70,9,Garson Ali
2025-10-17 12:30:38,Künefe,80,35,5,Garson Ali
2025-10-17 23:34:38,İskender,150,65,8,Garson Ayşe
2025-10-17 13:05:38,Beyti,160,70,9,Garson Ayşe
2025-10-17 13:42:38,Su,10,2,1,Garson Ayşe
2025-10-17 15:43:38,Su,10,2,1,Garson Zeynep
2025-10-17 20:08:38,Adana,140,60,7,Garson Ayşe
2025-10-17 18:05:38,İskender,150,65,8,Garson Ali
2025-10-17 14:56:38,Su,10,2,1,Garson Ali
2025-10-17 20:51:38,Künefe,80,35,5,Garson Ali
2025-10-17 13:19:38,İskender,150,65,8,Garson Ali
2025-10-17 23:58:38,İskender,150,65,8,Garson Ali
2025-10-17 16:47:38,Künefe,80,35,5,Garson Zeynep
2025-10-17 22:04:38,Su,10,2,1,Garson Ali
2025-10-17 20:56:38,Beyti,160,70,9,Garson Ali
2025-10-16 15:14:38,İskender,150,65,8,Garson Mehmet
2025-10-16 14:23:38,Su,10,2,1,Garson Mehmet
2025-10-16 12:54:38,Adana,140,60,7,Garson Ali
2025-10-16 22:22:38,Su,10,2,1,Garson Ayşe
2025-10-16 18:52:38,Beyti,160,70,9,Garson Ayşe
2025-10-16 17:14:38,İskender,150,65,8,Garson Mehmet
2025-10-16 22:49:38,Kola,25,15,1,Garson Zeynep
2025-10-16 11:57:38,Adana,140,60,7,Garson Ali
2025-10-16 15:51:38,Kola,25,15,1,Garson Ali
2025-10-16 19:09:38,İskender,150,65,8,Garson Mehmet
2025-10-16 11:22:38,Beyti,160,70,9,Garson Ali
2025-10-16 15:13:38,İskender,150,65,8,Garson Ali
2025-10-16 23:58:38,Beyti,160,70,9,Garson Ali
2025-10-16 23:03:38,Adana,140,60,7,Garson Mehmet
2025-10-16 12:52:38,Ayran,15,4,1,Garson Ayşe
2025-10-16 19:17:38,Su,10,2,1,Garson Ayşe
2025-10-16 21:45:38,Ayran,15,4,1,Garson Ali
2025-10-16 22:58:38,Beyti,160,70,9,Garson Ali
2025-10-16 16:20:38,Su,10,2,1,Garson Ali
2025-10-16 20:38:38,İskender,150,65,8,Garson Ayşe
2025-10-16 19:20:38,Beyti,160,70,9,Garson Ayşe
2025-10-16 12:03:38,Beyti,160,70,9,Garson Ali
2025-10-16 18:01:38,Su,10,2,1,Garson Ali
2025-10-16 11:55:38,İskender,150,65,8,Garson Ali
2025-10-16 23:40:38,Su,10,2,1,Garson Ali
2025-10-16 15:19:38,Künefe,80,35,5,Garson Ali
2025-10-16 11:23:38,Beyti,160,70,9,Garson Ayşe
2025-10-16 21:06:38,Beyti,160,70,9,Garson Mehmet
2025-10-16 15:16:38,Su,10,2,1,Garson Ayşe
2025-10-16 15:23:38,Künefe,80,35,5,Garson Ali
2025-10-16 13:33:38,Su,10,2,1,Garson Mehmet
2025-10-16 20:02:38,Adana,140,60,7,Garson Mehmet
2025-10-16 16:04:38,Ayran,15,4,1,Garson Ayşe
2025-10-16 22:42:38,Beyti,160,70,9,Garson Zeynep
2025-10-16 16:17:38,Adana,140,60,7,Garson Ayşe
2025-10-16 13:25:38,Su,10,2,1,Garson Ali
2025-10-16 16:15:38,Ayran,15,4,1,Garson Ayşe
2025-10-16 18:45:38,Künefe,80,35,5,Garson Zeynep
2025-10-16 20:15:38,Kola,25,15,1,Garson Ayşe
2025-10-15 12:14:38,Beyti,160,70,9,Garson Ali
2025-10-15 12:09:38,Beyti,160,70,9,Garson Ali
2025-10-15 23:12:38,İskender,150,65,8,Garson Mehmet
2025-10-15 17:14:38,İskender,150,65,8,Garson Ali
2025-10-15 15:22:38,Künefe,80,35,5,Garson Ayşe
2025-10-15 11:12:38,Ezogelin,40,12,3,Garson Ali
2025-10-15 13:09:38,Su,10,2,1,Garson Ayşe
2025-10-15 18:08:38,Su,10,2,1,Garson Ali
2025-10-15 17:31:38,İskender,150,65,8,Garson Ali
2025-10-15 16:10:38,İskender,150,65,8,Garson Ayşe
2025-10-15 18:30:38,Ayran,15,4,1,Garson Ali
2025-10-15 23:36:38,Ezogelin,40,12,3,Garson Ali
2025-10-15 14:58:38,Beyti,160,70,9,Garson Ayşe
2025-10-15 11:20:38,Künefe,80,35,5,Garson Ali
2025-10-15 13:54:38,Beyti,160,70,9,Garson Ali
2025-10-15 22:29:38,Su,10,2,1,Garson Ayşe
2025-10-15 11:24:38,Ayran,15,4,1,Garson Ali
2025-10-15 15:30:38,Beyti,160,70,9,Garson Zeynep
2025-10-15 13:23:38,İskender,150,65,8,Garson Ayşe
2025-10-15 22:51:38,Mercimek,40,12,3,Garson Ali
2025-10-15 18:57:38,Beyti,160,70,9,Garson Ali
2025-10-15 21:38:38,Beyti,160,70,9,Garson Ali
2025-10-15 13:56:38,İskender,150,65,8,Garson Ali
2025-10-15 12:09:38,Su,10,2,1,Garson Mehmet
2025-10-15 15:55:38,Su,10,2,1,Garson Mehmet
2025-10-15 19:27:38,Su,10,2,1,Garson Ali
2025-10-15 12:14:38,Künefe,80,35,5,Garson Ali
2025-10-15 11:13:38,İskender,150,65,8,Garson Ali
2025-10-15 13:45:38,Su,10,2,1,Garson Ali
2025-10-15 20:11:38,Ayran,15,4,1,Garson Ali
2025-10-15 17:20:38,Beyti,160,70,9,Garson Ayşe
2025-10-15 13:14:38,Beyti,160,70,9,Garson Ayşe
2025-10-15 20:17:38,Su,10,2,1,Garson Ayşe
2025-10-15 14:11:38,Beyti,160,70,9,Garson Ayşe
2025-10-15 19:08:38,Su,10,2,1,Garson Ali
2025-10-15 13:16:38,Su,10,2,1,Garson Ali
2025-10-15 22:25:38,İskender,150,65,8,Garson Ali
2025-10-15 15:07:38,Su,10,2,1,Garson Zeynep
2025-10-14 13:40:38,İskender,150,65,8,Garson Ali
2025-10-14 14:40:38,Su,10,2,1,Garson Ali
2025-10-14 15:30:38,İskender,150,65,8,Garson Ali
2025-10-14 17:39:38,Ayran,15,4,1,Garson Zeynep
2025-10-14 15:01:38,Beyti,160,70,9,Garson Ali
2025-10-14 21:39:38,Su,10,2,1,Garson Ayşe
2025-10-14 12:16:38,İskender,150,65,8,Garson Ali
2025-10-14 14:42:38,Mercimek,40,12,3,Garson Zeynep
2025-10-14 16:38:38,Su,10,2,1,Garson Ayşe
2025-10-14 21:40:38,Beyti,160,70,9,Garson Ayşe
2025-10-14 18:01:38,İskender,150,65,8,Garson Ali
2025-10-14 14:41:38,Künefe,80,35,5,Garson Ali
2025-10-14 12:51:38,Ayran,15,4,1,Garson Ayşe
2025-10-14 11:51:38,Su,10,2,1,Garson Ayşe
2025-10-14 17:00:38,Su,10,2,1,Garson Ali
2025-10-14 21:45:38,Su,10,2,1,Garson Ayşe
2025-10-14 11:10:38,Beyti,160,70,9,Garson Ayşe
2025-10-14 15:21:38,Kola,25,15,1,Garson Mehmet
2025-10-14 18:52:38,Künefe,80,35,5,Garson Ali
2025-10-14 20:24:38,Beyti,160,70,9,Garson Ali
2025-10-14 13:04:38,Ezogelin,40,12,3,Garson Ayşe
2025-10-14 16:56:38,İskender,150,65,8,Garson Ali
2025-10-14 22:35:38,Künefe,80,35,5,Garson Ayşe
2025-10-14 12:22:38,Künefe,80,35,5,Garson Ayşe
2025-10-14 21:02:38,Beyti,160,70,9,Garson Ayşe
2025-10-14 18:30:38,Künefe,80,35,5,Garson Zeynep
2025-10-14 17:54:38,İskender,150,65,8,Garson Ali
2025-10-14 14:31:38,Beyti,160,70,9,Garson Ayşe
2025-10-14 21:51:38,Beyti,160,70,9,Garson Ayşe
2025-10-14 22:10:38,Su,10,2,1,Garson Ali
2025-10-14 19:48:38,Beyti,160,70,9,Garson Ali
2025-10-14 17:30:38,İskender,150,65,8,Garson Zeynep
2025-10-14 16:46:38,İskender,150,65,8,Garson Ali
2025-10-14 17:26:38,Beyti,160,70,9,Garson Zeynep
2025-10-13 16:20:38,Beyti,160,70,9,Garson Ali
2025-10-13 16:46:38,Su,10,2,1,Garson Ali
2025-10-13 17:59:38,Mercimek,40,12,3,Garson Ali
2025-10-13 16:15:38,Beyti,160,70,9,Garson Ali
2025-10-13 22:01:38,İskender,150,65,8,Garson Ali
2025-10-13 16:05:38,Beyti,160,70,9,Garson Ali
2025-10-13 14:41:38,Su,10,2,1,Garson Ali
2025-10-13 20:37:38,Beyti,160,70,9,Garson Ali
2025-10-13 15:38:38,Kola,25,15,1,Garson Ali
2025-10-13 14:11:38,Ezogelin,40,12,3,Garson Zeynep
2025-10-13 19:48:38,İskender,150,65,8,Garson Ayşe
2025-10-13 22:32:38,Mercimek,40,12,3,Garson Ali
2025-10-13 21:08:38,Su,10,2,1,Garson Ayşe
2025-10-13 15:58:38,Kola,25,15,1,Garson Ali
2025-10-13 16:24:38,Beyti,160,70,9,Garson Ali
2025-10-13 19:48:38,İskender,150,65,8,Garson Ayşe
2025-10-13 23:25:38,Adana,140,60,7,Garson Ali
2025-10-13 20:13:38,İskender,150,65,8,Garson Ali
2025-10-13 12:23:38,Künefe,80,35,5,Garson Zeynep
2025-10-13 17:04:38,Kola,25,15,1,Garson Zeynep
2025-10-13 19:01:38,Su,10,2,1,Garson Mehmet
2025-10-13 23:30:38,Beyti,160,70,9,Garson Ali
2025-10-13 17:44:38,Beyti,160,70,9,Garson Mehmet
2025-10-13 11:54:38,Su,10,2,1,Garson Ayşe
2025-10-13 17:42:38,İskender,150,65,8,Garson Ali
2025-10-13 22:40:38,Künefe,80,35,5,Garson Ayşe
2025-10-13 17:45:38,Beyti,160,70,9,Garson Mehmet
2025-10-13 16:10:38,İskender,150,65,8,Garson Ayşe
2025-10-13 15:24:38,Beyti,160,70,9,Garson Ali
2025-10-13 20:19:38,İskender,150,65,8,Garson Ali
2025-10-13 17:51:38,İskender,150,65,8,Garson Ali
2025-10-13 14:59:38,Ayran,15,4,1,Garson Ali
2025-10-13 18:09:38,İskender,150,65,8,Garson Mehmet
2025-10-13 22:52:38,Mercimek,40,12,3,Garson Ali
2025-10-12 15:43:38,Ayran,15,4,1,Garson Ali
2025-10-12 23:15:38,Ezogelin,40,12,3,Garson Ayşe
2025-10-12 21:16:38,Beyti,160,70,9,Garson Ali
2025-10-12 20:29:38,Su,10,2,1,Garson Ali
2025-10-12 20:44:38,Ayran,15,4,1,Garson Ayşe
2025-10-12 21:12:38,İskender,150,65,8,Garson Ali
2025-10-12 11:25:38,İskender,150,65,8,Garson Ayşe
2025-10-12 14:46:38,Kola,25,15,1,Garson Ayşe
2025-10-12 20:22:38,Künefe,80,35,5,Garson Ayşe
2025-10-12 18:11:38,Kola,25,15,1,Garson Ali
2025-10-12 23:35:38,Künefe,80,35,5,Garson Ali
2025-10-12 14:37:38,İskender,150,65,8,Garson Ayşe
2025-10-12 19:50:38,İskender,150,65,8,Garson Ayşe
2025-10-12 21:35:38,Su,10,2,1,Garson Ali
2025-10-12 22:01:38,Beyti,160,70,9,Garson Ayşe
2025-10-12 21:33:38,Kola,25,15,1,Garson Ayşe
2025-10-12 18:32:38,Ezogelin,40,12,3,Garson Ali
2025-10-12 23:30:38,Su,10,2,1,Garson Ali
2025-10-12 16:38:38,Adana,140,60,7,Garson Ayşe
2025-10-12 16:35:38,Su,10,2,1,Garson Ali
2025-10-12 19:15:38,Su,10,2,1,Garson Ali
2025-10-12 11:59:38,Su,10,2,1,Garson Ali
2025-10-12 17:37:38,Beyti,160,70,9,Garson Ayşe
2025-10-12 18:17:38,Künefe,80,35,5,Garson Ali
2025-10-12 16:27:38,İskender,150,65,8,Garson Ayşe
2025-10-12 18:12:38,Su,10,2,1,Garson Ali
2025-10-12 23:14:38,Kola,25,15,1,Garson Ali
2025-10-12 22:03:38,Beyti,160,70,9,Garson Ali
2025-10-12 14:30:38,Ayran,15,4,1,Garson Ali
2025-10-12 15:57:38,Beyti,160,70,9,Garson Ayşe
2025-10-12 13:08:38,Künefe,80,35,5,Garson Ayşe
2025-10-12 20:21:38,Beyti,160,70,9,Garson Ayşe
2025-10-12 22:32:38,İskender,150,65,8,Garson Mehmet
2025-10-12 16:52:38,Mercimek,40,12,3,Garson Ayşe
2025-10-12 18:26:38,Su,10,2,1,Garson Zeynep
2025-10-12 16:22:38,Su,10,2,1,Garson Ali
2025-10-12 20:14:38,İskender,150,65,8,Garson Ayşe
2025-10-12 13:15:38,İskender,150,65,8,Garson Ali
2025-10-12 23:11:38,Su,10,2,1,Garson Ayşe
2025-10-12 12:24:38,İskender,150,65,8,Garson Ayşe
2025-10-12 22:16:38,Su,10,2,1,Garson Mehmet
2025-10-12 14:42:38,İskender,150,65,8,Garson Ali
2025-10-12 19:32:38,Ezogelin,40,12,3,Garson Ali
2025-10-12 19:48:38,Su,10,2,1,Garson Ali
2025-10-12 19:42:38,Su,10,2,1,Garson Ayşe
2025-10-12 17:53:38,Adana,140,60,7,Garson Ali
2025-10-12 12:10:38,Kola,25,15,1,Garson Ayşe
2025-10-12 13:48:38,İskender,150,65,8,Garson Mehmet
2025-10-12 15:55:38,Beyti,160,70,9,Garson Ali
2025-10-12 14:42:38,Beyti,160,70,9,Garson Mehmet
2025-10-12 18:38:38,Künefe,80,35,5,Garson Mehmet
2025-10-12 16:39:38,Ayran,15,4,1,Garson Ali
2025-10-12 19:32:38,Ezogelin,40,12,3,Garson Ali
2025-10-12 14:49:38,Su,10,2,1,Garson Ali
2025-10-12 19:32:38,Beyti,160,70,9,Garson Ali
2025-10-12 23:02:38,Su,10,2,1,Garson Ali
2025-10-12 19:34:38,Ayran,15,4,1,Garson Ayşe
2025-10-12 18:53:38,Beyti,160,70,9,Garson Ayşe
2025-10-12 14:51:38,Ezogelin,40,12,3,Garson Mehmet
2025-10-12 20:31:38,Künefe,80,35,5,Garson Mehmet
2025-10-12 22:25:38,İskender,150,65,8,Garson Zeynep
2025-10-12 22:27:38,İskender,150,65,8,Garson Ali
2025-10-12 22:43:38,Su,10,2,1,Garson Ali
2025-10-12 15:52:38,Mercimek,40,12,3,Garson Ayşe
2025-10-12 13:21:38,Su,10,2,1,Garson Ali
2025-10-12 17:10:38,Kola,25,15,1,Garson Ayşe
2025-10-11 18:57:38,İskender,150,65,8,Garson Ayşe
2025-10-11 14:08:38,Beyti,160,70,9,Garson Ali
2025-10-11 16:50:38,İskender,150,65,8,Garson Ali
2025-10-11 20:11:38,Ezogelin,40,12,3,Garson Ali
2025-10-11 11:29:38,Kola,25,15,1,Garson Ayşe
2025-10-11 22:16:38,Su,10,2,1,Garson Ali
2025-10-11 11:39:38,Su,10,2,1,Garson Ali
2025-10-11 22:27:38,Beyti,160,70,9,Garson Ali
2025-10-11 20:22:38,Su,10,2,1,Garson Ayşe
2025-10-11 20:11:38,Su,10,2,1,Garson Ali
2025-10-11 21:41:38,Beyti,160,70,9,Garson Ali
2025-10-11 13:02:38,Mercimek,40,12,3,Garson Ali
2025-10-11 19:31:38,Su,10,2,1,Garson Ali
2025-10-11 23:29:38,Beyti,160,70,9,Garson Ayşe
2025-10-11 13:20:38,Künefe,80,35,5,Garson Zeynep
2025-10-11 11:10:38,Su,10,2,1,Garson Ali
2025-10-11 21:25:38,Kola,25,15,1,Garson Ali
2025-10-11 23:06:38,Künefe,80,35,5,Garson Ayşe
2025-10-11 23:28:38,Ayran,15,4,1,Garson Ali
2025-10-11 20:26:38,Beyti,160,70,9,Garson Ali
2025-10-11 15:22:38,İskender,150,65,8,Garson Ayşe
2025-10-11 18:23:38,Beyti,160,70,9,Garson Ayşe
2025-10-11 19:42:38,Beyti,160,70,9,Garson Ayşe
2025-10-11 23:05:38,Ezogelin,40,12,3,Garson Ali
2025-10-11 17:55:38,Künefe,80,35,5,Garson Ali
2025-10-11 15:44:38,Su,10,2,1,Garson Ali
2025-10-11 15:55:38,Su,10,2,1,Garson Ayşe
2025-10-11 17:03:38,Beyti,160,70,9,Garson Ayşe
2025-10-11 11:54:38,Kola,25,15,1,Garson Ali
2025-10-11 22:48:38,Su,10,2,1,Garson Ayşe
2025-10-11 12:49:38,Su,10,2,1,Garson Ayşe
2025-10-11 12:48:38,İskender,150,65,8,Garson Zeynep
2025-10-11 22:47:38,Ayran,15,4,1,Garson Ali
2025-10-11 13:21:38,Mercimek,40,12,3,Garson Mehmet
2025-10-11 16:20:38,Künefe,80,35,5,Garson Ayşe
2025-10-11 23:13:38,Su,10,2,1,Garson Ali
2025-10-11 22:38:38,Su,10,2,1,Garson Ayşe
2025-10-11 20:13:38,Mercimek,40,12,3,Garson Ali
2025-10-11 23:41:38,Kola,25,15,1,Garson Ali
2025-10-11 12:08:38,Su,10,2,1,Garson Ali
2025-10-11 18:53:38,Su,10,2,1,Garson Ali
2025-10-11 13:55:38,Kola,25,15,1,Garson Ali
2025-10-11 17:18:38,Su,10,2,1,Garson Ali
2025-10-11 15:22:38,Adana,140,60,7,Garson Mehmet
2025-10-11 14:35:38,Ayran,15,4,1,Garson Mehmet
2025-10-11 17:39:38,Beyti,160,70,9,Garson Mehmet
2025-10-11 16:02:38,Mercimek,40,12,3,Garson Ali
2025-10-11 15:19:38,Ayran,15,4,1,Garson Ali
2025-10-11 20:45:38,Ezogelin,40,12,3,Garson Ayşe
2025-10-11 15:54:38,Su,10,2,1,Garson Zeynep
2025-10-11 20:00:38,İskender,150,65,8,Garson Ali
2025-10-11 17:57:38,Adana,140,60,7,Garson Ayşe
2025-10-11 20:41:38,Mercimek,40,12,3,Garson Ali
2025-10-11 20:32:38,İskender,150,65,8,Garson Zeynep
2025-10-11 20:09:38,Su,10,2,1,Garson Zeynep
2025-10-11 17:59:38,İskender,150,65,8,Garson Ayşe
2025-10-11 15:49:38,Ayran,15,4,1,Garson Ali
2025-10-11 23:39:38,Su,10,2,1,Garson Ali
2025-10-11 11:48:38,Kola,25,15,1,Garson Ayşe
2025-10-11 22:13:38,Su,10,2,1,Garson Ali
2025-10-11 13:37:38,Ezogelin,40,12,3,Garson Ali
2025-10-11 19:29:38,Beyti,160,70,9,Garson Ali
2025-10-11 16:57:38,Su,10,2,1,Garson Ali
2025-10-11 17:27:38,Su,10,2,1,Garson Ali
2025-10-11 11:48:38,Su,10,2,1,Garson Ayşe
2025-10-11 12:26:38,Beyti,160,70,9,Garson Ali
2025-10-11 23:37:38,Su,10,2,1,Garson Mehmet
2025-10-11 17:12:38,Su,10,2,1,Garson Ali
2025-10-11 23:56:38,Su,10,2,1,Garson Zeynep
2025-10-11 22:38:38,Künefe,80,35,5,Garson Ali
2025-10-11 13:57:38,Ezogelin,40,12,3,Garson Zeynep
2025-10-11 15:26:38,Ayran,15,4,1,Garson Ali
2025-10-11 23:51:38,Mercimek,40,12,3,Garson Ayşe
2025-10-11 12:54:38,Su,10,2,1,Garson Ali
2025-10-11 12:21:38,Adana,140,60,7,Garson Ali
2025-10-11 20:14:38,Su,10,2,1,Garson Ali
2025-10-11 18:22:38,İskender,150,65,8,Garson Ayşe
2025-10-11 23:53:38,İskender,150,65,8,Garson Ayşe
2025-10-11 23:10:38,İskender,150,65,8,Garson Ayşe
2025-10-11 11:52:38,Kola,25,15,1,Garson Ali
2025-10-11 12:57:38,Kola,25,15,1,Garson Ali
2025-10-11 14:40:38,Kola,25,15,1,Garson Ayşe
2025-10-11 22:03:38,Su,10,2,1,Garson Ayşe
2025-10-11 15:04:38,İskender,150,65,8,Garson Ayşe
2025-10-10 11:08:38,Su,10,2,1,Garson Ali
2025-10-10 11:04:38,İskender,150,65,8,Garson Ayşe
2025-10-10 12:06:38,Kola,25,15,1,Garson Ali
2025-10-10 15:48:38,Su,10,2,1,Garson Ali
2025-10-10 15:13:38,Ayran,15,4,1,Garson Ali
2025-10-10 15:58:38,Su,10,2,1,Garson Ayşe
2025-10-10 15:10:38,İskender,150,65,8,Garson Ali
2025-10-10 18:15:38,Su,10,2,1,Garson Ayşe
2025-10-10 11:05:38,Su,10,2,1,Garson Ayşe
2025-10-10 17:34:38,Beyti,160,70,9,Garson Ali
2025-10-10 11:28:38,Beyti,160,70,9,Garson Ali
2025-10-10 12:38:38,Beyti,160,70,9,Garson Ayşe
2025-10-10 11:40:38,İskender,150,65,8,Garson Ali
2025-10-10 20:35:38,İskender,150,65,8,Garson Ali
2025-10-10 13:15:38,Adana,140,60,7,Garson Mehmet
2025-10-10 20:58:38,Adana,140,60,7,Garson Ali
2025-10-10 17:14:38,İskender,150,65,8,Garson Ayşe
2025-10-10 21:52:38,Ezogelin,40,12,3,Garson Ali
2025-10-10 19:02:38,Künefe,80,35,5,Garson Ali
2025-10-10 13:40:38,Künefe,80,35,5,Garson Ali
2025-10-10 12:53:38,Su,10,2,1,Garson Ayşe
2025-10-10 19:25:38,Su,10,2,1,Garson Ali
2025-10-10 17:59:38,Mercimek,40,12,3,Garson Ali
2025-10-10 11:49:38,Su,10,2,1,Garson Ayşe
2025-10-10 21:11:38,Kola,25,15,1,Garson Ali
2025-10-10 16:17:38,Kola,25,15,1,Garson Ayşe
2025-10-10 19:48:38,Beyti,160,70,9,Garson Ayşe
2025-10-10 14:34:38,Su,10,2,1,Garson Ali
2025-10-10 21:14:38,İskender,150,65,8,Garson Mehmet
2025-10-10 21:09:38,Su,10,2,1,Garson Ayşe
2025-10-10 23:59:38,Su,10,2,1,Garson Ayşe
2025-10-09 18:43:38,Beyti,160,70,9,Garson Ayşe
2025-10-09 15:23:38,Ayran,15,4,1,Garson Ayşe
2025-10-09 13:26:38,Su,10,2,1,Garson Ali
2025-10-09 11:58:38,İskender,150,65,8,Garson Ali
2025-10-09 16:44:38,Kola,25,15,1,Garson Ali
2025-10-09 21:25:38,Su,10,2,1,Garson Ayşe
2025-10-09 22:52:38,Beyti,160,70,9,Garson Ali
2025-10-09 14:58:38,İskender,150,65,8,Garson Ayşe
2025-10-09 21:38:38,Ayran,15,4,1,Garson Zeynep
2025-10-09 13:03:38,Ezogelin,40,12,3,Garson Ayşe
2025-10-09 20:23:38,Su,10,2,1,Garson Ayşe
2025-10-09 12:54:38,Kola,25,15,1,Garson Ali
2025-10-09 15:34:38,Beyti,160,70,9,Garson Mehmet
2025-10-09 17:39:38,Su,10,2,1,Garson Mehmet
2025-10-09 19:42:38,Su,10,2,1,Garson Ayşe
2025-10-09 14:52:38,Ayran,15,4,1,Garson Ali
2025-10-09 20:15:38,Su,10,2,1,Garson Zeynep
2025-10-09 14:40:38,İskender,150,65,8,Garson Ali
2025-10-09 11:20:38,Beyti,160,70,9,Garson Ali
2025-10-09 19:18:38,Mercimek,40,12,3,Garson Ali
2025-10-09 15:05:38,Beyti,160,70,9,Garson Ali
2025-10-09 18:03:38,Su,10,2,1,Garson Ali
2025-10-09 23:11:38,Beyti,160,70,9,Garson Ayşe
2025-10-09 14:06:38,Adana,140,60,7,Garson Ali
2025-10-09 19:24:38,Kola,25,15,1,Garson Ali
2025-10-09 12:58:38,Mercimek,40,12,3,Garson Ali
2025-10-09 16:29:38,Adana,140,60,7,Garson Ali
2025-10-09 23:21:38,Künefe,80,35,5,Garson Ali
2025-10-09 12:26:38,Beyti,160,70,9,Garson Ali
2025-10-09 14:07:38,Gavurdağı,60,20,3,Garson Ali
2025-10-09 11:29:38,Su,10,2,1,Garson Ali
2025-10-09 21:22:38,Kola,25,15,1,Garson Ali
2025-10-09 14:54:38,Beyti,160,70,9,Garson Ayşe
2025-10-09 18:28:38,Su,10,2,1,Garson Ali
2025-10-09 13:56:38,İskender,150,65,8,Garson Ali
2025-10-09 21:47:38,Beyti,160,70,9,Garson Mehmet
2025-10-09 14:40:38,İskender,150,65,8,Garson Zeynep
2025-10-09 22:23:38,Su,10,2,1,Garson Ali
2025-10-08 11:33:38,İskender,150,65,8,Garson Ayşe
2025-10-08 19:38:38,Beyti,160,70,9,Garson Ayşe
2025-10-08 17:57:38,Su,10,2,1,Garson Ali
2025-10-08 20:50:38,Su,10,2,1,Garson Ayşe
2025-10-08 15:35:38,İskender,150,65,8,Garson Ali
2025-10-08 14:49:38,Beyti,160,70,9,Garson Mehmet
2025-10-08 20:32:38,Su,10,2,1,Garson Ali
2025-10-08 20:37:38,Kola,25,15,1,Garson Ali
2025-10-08 21:07:38,İskender,150,65,8,Garson Ayşe
2025-10-08 18:33:38,Künefe,80,35,5,Garson Ali
2025-10-08 16:41:38,Su,10,2,1,Garson Ayşe
2025-10-08 14:40:38,Mercimek,40,12,3,Garson Mehmet
2025-10-08 22:57:38,Ezogelin,40,12,3,Garson Ali
2025-10-08 20:41:38,Su,10,2,1,Garson Mehmet
2025-10-08 17:16:38,İskender,150,65,8,Garson Ayşe
2025-10-08 17:31:38,Adana,140,60,7,Garson Mehmet
2025-10-08 16:16:38,Ezogelin,40,12,3,Garson Ali
2025-10-08 22:43:38,Beyti,160,70,9,Garson Ali
2025-10-08 18:11:38,Kola,25,15,1,Garson Ali
2025-10-08 12:10:38,İskender,150,65,8,Garson Ali
2025-10-08 16:55:38,Su,10,2,1,Garson Ali
2025-10-08 11:03:38,İskender,150,65,8,Garson Ayşe
2025-10-08 18:20:38,Su,10,2,1,Garson Ayşe
2025-10-08 15:25:38,İskender,150,65,8,Garson Ali
2025-10-08 23:14:38,İskender,150,65,8,Garson Mehmet
2025-10-08 21:51:38,Kola,25,15,1,Garson Ayşe
2025-10-08 18:19:38,Mercimek,40,12,3,Garson Mehmet
2025-10-08 20:25:38,Su,10,2,1,Garson Ali
2025-10-08 15:46:38,Adana,140,60,7,Garson Ayşe
2025-10-08 15:01:38,İskender,150,65,8,Garson Ali
2025-10-08 15:38:38,Beyti,160,70,9,Garson Ali
2025-10-07 21:49:38,İskender,150,65,8,Garson Ali
2025-10-07 18:39:38,İskender,150,65,8,Garson Ali
2025-10-07 13:22:38,Ezogelin,40,12,3,Garson Ali
2025-10-07 11:02:38,Su,10,2,1,Garson Ali
2025-10-07 19:01:38,Kola,25,15,1,Garson Ali
2025-10-07 17:26:38,Su,10,2,1,Garson Ali
2025-10-07 22:37:38,Adana,140,60,7,Garson Ali
2025-10-07 16:15:38,İskender,150,65,8,Garson Ali
2025-10-07 19:55:38,Ayran,15,4,1,Garson Mehmet
2025-10-07 17:00:38,Su,10,2,1,Garson Ayşe
2025-10-07 11:41:38,Künefe,80,35,5,Garson Ali
2025-10-07 12:10:38,Su,10,2,1,Garson Ali
2025-10-07 20:36:38,İskender,150,65,8,Garson Mehmet
2025-10-07 11:29:38,Mercimek,40,12,3,Garson Ayşe
2025-10-07 17:26:38,Beyti,160,70,9,Garson Ayşe
2025-10-07 13:32:38,Su,10,2,1,Garson Ali
2025-10-07 14:39:38,İskender,150,65,8,Garson Ali
2025-10-07 18:53:38,Adana,140,60,7,Garson Ali
2025-10-07 22:35:38,Beyti,160,70,9,Garson Ali
2025-10-07 16:47:38,Ayran,15,4,1,Garson Ayşe
2025-10-07 13:52:38,Ayran,15,4,1,Garson Ayşe
2025-10-07 12:36:38,Kola,25,15,1,Garson Mehmet
2025-10-07 21:45:38,Beyti,160,70,9,Garson Ayşe
2025-10-07 16:38:38,Beyti,160,70,9,Garson Mehmet
2025-10-07 21:17:38,Kola,25,15,1,Garson Ali
2025-10-07 19:09:38,Kola,25,15,1,Garson Ayşe
2025-10-07 11:58:38,Beyti,160,70,9,Garson Ayşe
2025-10-07 13:24:38,Künefe,80,35,5,Garson Ayşe
2025-10-07 16:37:38,Beyti,160,70,9,Garson Ali
2025-10-07 19:12:38,Adana,140,60,7,Garson Ali
2025-10-07 12:45:38,Su,10,2,1,Garson Ayşe
2025-10-07 20:48:38,Kola,25,15,1,Garson Ayşe
2025-10-07 11:03:38,Su,10,2,1,Garson Ali
2025-10-06 12:10:38,Ezogelin,40,12,3,Garson Ali
2025-10-06 14:29:38,Kola,25,15,1,Garson Ayşe
2025-10-06 12:42:38,Kola,25,15,1,Garson Ali
2025-10-06 15:43:38,Beyti,160,70,9,Garson Ali
2025-10-06 18:34:38,Ayran,15,4,1,Garson Ayşe
2025-10-06 23:58:38,İskender,150,65,8,Garson Ayşe
2025-10-06 21:38:38,Beyti,160,70,9,Garson Ali
2025-10-06 18:39:38,Mercimek,40,12,3,Garson Ayşe
2025-10-06 20:33:38,Adana,140,60,7,Garson Ayşe
2025-10-06 22:46:38,Kola,25,15,1,Garson Mehmet
2025-10-06 22:51:38,İskender,150,65,8,Garson Ayşe
2025-10-06 11:21:38,Beyti,160,70,9,Garson Ali
2025-10-06 23:30:38,Su,10,2,1,Garson Ali
2025-10-06 22:53:38,Kola,25,15,1,Garson Ayşe
2025-10-06 18:25:38,İskender,150,65,8,Garson Ali
2025-10-06 14:14:38,Künefe,80,35,5,Garson Ali
2025-10-06 20:39:38,İskender,150,65,8,Garson Mehmet
2025-10-06 22:26:38,Kola,25,15,1,Garson Ali
2025-10-06 21:08:38,Ayran,15,4,1,Garson Mehmet
2025-10-06 12:18:38,Beyti,160,70,9,Garson Ayşe
2025-10-06 13:49:38,Su,10,2,1,Garson Mehmet
2025-10-06 16:04:38,İskender,150,65,8,Garson Zeynep
2025-10-06 17:22:38,Beyti,160,70,9,Garson Ali
2025-10-06 12:33:38,Beyti,160,70,9,Garson Ayşe
2025-10-05 19:05:38,İskender,150,65,8,Garson Ali
2025-10-05 21:03:38,İskender,150,65,8,Garson Ayşe
2025-10-05 20:31:38,Beyti,160,70,9,Garson Ali
2025-10-05 17:55:38,Gavurdağı,60,20,3,Garson Ali
2025-10-05 17:56:38,Su,10,2,1,Garson Ayşe
2025-10-05 17:55:38,Künefe,80,35,5,Garson Mehmet
2025-10-05 23:41:38,Beyti,160,70,9,Garson Ali
2025-10-05 13:20:38,Ezogelin,40,12,3,Garson Mehmet
2025-10-05 20:40:38,İskender,150,65,8,Garson Ali
2025-10-05 15:25:38,Su,10,2,1,Garson Ali
2025-10-05 13:22:38,İskender,150,65,8,Garson Ali
2025-10-05 15:38:38,Su,10,2,1,Garson Ali
2025-10-05 17:06:38,Mercimek,40,12,3,Garson Ayşe
2025-10-05 21:26:38,İskender,150,65,8,Garson Ali
2025-10-05 22:01:38,İskender,150,65,8,Garson Ali
2025-10-05 16:08:38,Kola,25,15,1,Garson Ali
2025-10-05 20:47:38,Ayran,15,4,1,Garson Zeynep
2025-10-05 14:19:38,Su,10,2,1,Garson Ayşe
2025-10-05 13:04:38,Beyti,160,70,9,Garson Ali
2025-10-05 12:45:38,Su,10,2,1,Garson Ayşe
2025-10-05 13:53:38,Mercimek,40,12,3,Garson Ali
2025-10-05 12:31:38,Ezogelin,40,12,3,Garson Ayşe
2025-10-05 14:51:38,Su,10,2,1,Garson Ali
2025-10-05 20:36:38,Su,10,2,1,Garson Ali
2025-10-05 13:29:38,Su,10,2,1,Garson Ayşe
2025-10-05 16:49:38,Kola,25,15,1,Garson Ali
2025-10-05 13:11:38,Künefe,80,35,5,Garson Ali
2025-10-05 17:13:38,İskender,150,65,8,Garson Ayşe
2025-10-05 13:11:38,İskender,150,65,8,Garson Ali
2025-10-05 23:27:38,Su,10,2,1,Garson Ayşe
2025-10-05 23:28:38,Kola,25,15,1,Garson Ali
2025-10-05 18:25:38,İskender,150,65,8,Garson Ali
2025-10-05 13:23:38,İskender,150,65,8,Garson Zeynep
2025-10-05 13:13:38,Kola,25,15,1,Garson Ali
2025-10-05 11:22:38,İskender,150,65,8,Garson Ayşe
2025-10-05 16:39:38,Künefe,80,35,5,Garson Ayşe
2025-10-05 20:03:38,Mercimek,40,12,3,Garson Ayşe
2025-10-05 14:08:38,Su,10,2,1,Garson Ali
2025-10-05 11:49:38,Beyti,160,70,9,Garson Ali
2025-10-05 19:36:38,İskender,150,65,8,Garson Ali
2025-10-05 22:48:38,Mercimek,40,12,3,Garson Zeynep
2025-10-05 18:59:38,Künefe,80,35,5,Garson Ayşe
2025-10-05 22:54:38,Künefe,80,35,5,Garson Ayşe
2025-10-05 17:14:38,Adana,140,60,7,Garson Mehmet
2025-10-05 12:41:38,Su,10,2,1,Garson Zeynep
2025-10-05 17:46:38,Beyti,160,70,9,Garson Mehmet
2025-10-05 13:01:38,Beyti,160,70,9,Garson Zeynep
2025-10-05 19:54:38,İskender,150,65,8,Garson Ali
2025-10-05 22:38:38,Kola,25,15,1,Garson Ayşe
2025-10-05 17:41:38,Kola,25,15,1,Garson Ayşe
2025-10-05 23:46:38,Su,10,2,1,Garson Ayşe
2025-10-05 21:28:38,Su,10,2,1,Garson Ali
2025-10-05 18:10:38,İskender,150,65,8,Garson Ali
2025-10-05 19:53:38,Su,10,2,1,Garson Ali
2025-10-05 13:20:38,İskender,150,65,8,Garson Ayşe
2025-10-05 20:18:38,Künefe,80,35,5,Garson Mehmet
2025-10-05 11:21:38,İskender,150,65,8,Garson Ali
2025-10-05 15:47:38,Su,10,2,1,Garson Ali
2025-10-05 22:38:38,Su,10,2,1,Garson Ayşe
2025-10-05 21:13:38,Su,10,2,1,Garson Ali
2025-10-05 12:52:38,Su,10,2,1,Garson Mehmet
2025-10-05 23:28:38,Kola,25,15,1,Garson Ayşe
2025-10-05 16:01:38,Beyti,160,70,9,Garson Ayşe
2025-10-05 17:00:38,Beyti,160,70,9,Garson Ayşe
2025-10-04 11:31:38,Ayran,15,4,1,Garson Ayşe
2025-10-04 23:29:38,Ayran,15,4,1,Garson Ali
2025-10-04 18:25:38,Su,10,2,1,Garson Ali
2025-10-04 16:38:38,Su,10,2,1,Garson Ali
2025-10-04 22:08:38,İskender,150,65,8,Garson Ali
2025-10-04 21:32:38,Adana,140,60,7,Garson Zeynep
2025-10-04 23:06:38,Mercimek,40,12,3,Garson Ali
2025-10-04 19:58:38,Beyti,160,70,9,Garson Ali
2025-10-04 12:16:38,Ayran,15,4,1,Garson Ali
2025-10-04 12:38:38,Su,10,2,1,Garson Ali
2025-10-04 11:29:38,Künefe,80,35,5,Garson Ayşe
2025-10-04 16:25:38,Kola,25,15,1,Garson Mehmet
2025-10-04 14:51:38,Su,10,2,1,Garson Ali
2025-10-04 17:53:38,Su,10,2,1,Garson Ayşe
2025-10-04 21:56:38,Kola,25,15,1,Garson Ali
2025-10-04 18:53:38,Kola,25,15,1,Garson Mehmet
2025-10-04 18:31:38,İskender,150,65,8,Garson Ali
2025-10-04 14:22:38,İskender,150,65,8,Garson Ali
2025-10-04 14:25:38,Kola,25,15,1,Garson Ali
2025-10-04 14:29:38,Beyti,160,70,9,Garson Ali
2025-10-04 16:31:38,İskender,150,65,8,Garson Ali
2025-10-04 15:44:38,Beyti,160,70,9,Garson Ali
2025-10-04 22:35:38,Künefe,80,35,5,Garson Mehmet
2025-10-04 23:52:38,Beyti,160,70,9,Garson Mehmet
2025-10-04 22:00:38,Künefe,80,35,5,Garson Ayşe
2025-10-04 13:21:38,Beyti,160,70,9,Garson Ali
2025-10-04 21:39:38,Beyti,160,70,9,Garson Ayşe
2025-10-04 16:38:38,Su,10,2,1,Garson Ayşe
2025-10-04 11:34:38,Kola,25,15,1,Garson Ali
2025-10-04 15:16:38,Kola,25,15,1,Garson Mehmet
2025-10-04 19:21:38,Mercimek,40,12,3,Garson Mehmet
2025-10-04 13:51:38,Kola,25,15,1,Garson Ayşe
2025-10-04 23:29:38,Beyti,160,70,9,Garson Ali
2025-10-04 17:09:38,Su,10,2,1,Garson Zeynep
2025-10-04 21:12:38,İskender,150,65,8,Garson Ali
2025-10-04 18:20:38,Su,10,2,1,Garson Mehmet
2025-10-04 23:33:38,İskender,150,65,8,Garson Ali
2025-10-04 17:07:38,Kola,25,15,1,Garson Ayşe
2025-10-04 14:17:38,İskender,150,65,8,Garson Ali
2025-10-04 15:48:38,Su,10,2,1,Garson Ali
2025-10-04 18:45:38,Ezogelin,40,12,3,Garson Ali
2025-10-04 16:41:38,Adana,140,60,7,Garson Ali
2025-10-04 22:48:38,Su,10,2,1,Garson Ali
2025-10-04 13:45:38,Su,10,2,1,Garson Ali
2025-10-04 19:17:38,İskender,150,65,8,Garson Ali
2025-10-04 13:07:38,Adana,140,60,7,Garson Ali
2025-10-04 19:40:38,İskender,150,65,8,Garson Ayşe
2025-10-04 23:21:38,İskender,150,65,8,Garson Ali
2025-10-04 22:34:38,Mercimek,40,12,3,Garson Zeynep
2025-10-04 13:25:38,Ezogelin,40,12,3,Garson Ayşe
2025-10-04 17:37:38,Ezogelin,40,12,3,Garson Ali
2025-10-04 21:31:38,Su,10,2,1,Garson Ayşe
2025-10-04 22:33:38,Su,10,2,1,Garson Ayşe
2025-10-04 11:45:38,Su,10,2,1,Garson Ali
2025-10-04 20:50:38,Künefe,80,35,5,Garson Ali
2025-10-04 17:07:38,Adana,140,60,7,Garson Ayşe
2025-10-04 22:05:38,Beyti,160,70,9,Garson Ayşe
2025-10-04 22:56:38,Ezogelin,40,12,3,Garson Ali
2025-10-03 15:43:38,Beyti,160,70,9,Garson Ali
2025-10-03 22:18:38,Beyti,160,70,9,Garson Ali
2025-10-03 17:58:38,Beyti,160,70,9,Garson Ali
2025-10-03 17:33:38,Kola,25,15,1,Garson Ayşe
2025-10-03 12:11:38,İskender,150,65,8,Garson Ali
2025-10-03 17:15:38,İskender,150,65,8,Garson Ali
2025-10-03 16:02:38,Su,10,2,1,Garson Ali
2025-10-03 23:02:38,Beyti,160,70,9,Garson Ali
2025-10-03 16:12:38,Beyti,160,70,9,Garson Ali
2025-10-03 16:44:38,Ayran,15,4,1,Garson Ali
2025-10-03 12:32:38,Su,10,2,1,Garson Ayşe
2025-10-03 20:07:38,Mercimek,40,12,3,Garson Ayşe
2025-10-03 14:48:38,Su,10,2,1,Garson Ayşe
2025-10-03 12:15:38,Beyti,160,70,9,Garson Mehmet
2025-10-03 14:32:38,Beyti,160,70,9,Garson Ali
2025-10-03 16:28:38,Beyti,160,70,9,Garson Ali
2025-10-03 18:09:38,Beyti,160,70,9,Garson Ayşe
2025-10-03 22:02:38,Su,10,2,1,Garson Ali
2025-10-03 19:46:38,Ezogelin,40,12,3,Garson Ayşe
2025-10-03 19:31:38,İskender,150,65,8,Garson Ali
2025-10-03 23:15:38,Kola,25,15,1,Garson Ali
2025-10-03 19:31:38,Su,10,2,1,Garson Zeynep
2025-10-02 12:16:38,Mercimek,40,12,3,Garson Ayşe
2025-10-02 22:50:38,Adana,140,60,7,Garson Ali
2025-10-02 15:20:38,Su,10,2,1,Garson Ali
2025-10-02 23:53:38,Beyti,160,70,9,Garson Ali
2025-10-02 21:59:38,Su,10,2,1,Garson Ayşe
2025-10-02 22:11:38,İskender,150,65,8,Garson Ayşe
2025-10-02 12:41:38,İskender,150,65,8,Garson Ali
2025-10-02 21:30:38,Ezogelin,40,12,3,Garson Zeynep
2025-10-02 19:27:38,Beyti,160,70,9,Garson Mehmet
2025-10-02 11:01:38,Beyti,160,70,9,Garson Ali
2025-10-02 11:15:38,İskender,150,65,8,Garson Ali
2025-10-02 23:53:38,İskender,150,65,8,Garson Ali
2025-10-02 11:22:38,Su,10,2,1,Garson Ali
2025-10-02 15:21:38,Adana,140,60,7,Garson Ayşe
2025-10-02 14:38:38,İskender,150,65,8,Garson Ali
2025-10-02 15:35:38,Beyti,160,70,9,Garson Ali
2025-10-02 15:05:38,Su,10,2,1,Garson Ayşe
2025-10-02 11:38:38,Beyti,160,70,9,Garson Ali
2025-10-02 18:42:38,Su,10,2,1,Garson Ali
2025-10-02 23:08:38,Su,10,2,1,Garson Ali
2025-10-02 14:00:38,Beyti,160,70,9,Garson Ali
2025-10-02 19:11:38,Beyti,160,70,9,Garson Ayşe
2025-10-02 14:18:38,Mercimek,40,12,3,Garson Ayşe
2025-10-02 15:44:38,Su,10,2,1,Garson Ayşe
2025-10-02 14:23:38,Künefe,80,35,5,Garson Ali
2025-10-02 18:09:38,İskender,150,65,8,Garson Zeynep
2025-10-02 16:57:38,Su,10,2,1,Garson Ali
2025-10-02 18:23:38,Su,10,2,1,Garson Ayşe
2025-10-02 15:21:38,Beyti,160,70,9,Garson Ayşe
2025-10-02 20:07:38,Su,10,2,1,Garson Ali
2025-10-02 21:38:38,Su,10,2,1,Garson Ali
2025-10-02 19:44:38,İskender,150,65,8,Garson Ali
2025-10-02 23:16:38,Adana,140,60,7,Garson Ali
2025-10-02 15:21:38,Su,10,2,1,Garson Ali
2025-10-02 18:24:38,Ayran,15,4,1,Garson Ali
2025-10-02 22:32:38,Su,10,2,1,Garson Ali
2025-10-02 13:25:38,Ayran,15,4,1,Garson Ali
2025-10-02 14:45:38,İskender,150,65,8,Garson Ali
2025-10-02 13:57:38,Su,10,2,1,Garson Ali
2025-10-01 22:03:38,Su,10,2,1,Garson Ayşe
2025-10-01 19:16:38,Su,10,2,1,Garson Ali
2025-10-01 12:41:38,Su,10,2,1,Garson Mehmet
2025-10-01 14:11:38,Künefe,80,35,5,Garson Mehmet
2025-10-01 23:01:38,Beyti,160,70,9,Garson Ali
2025-10-01 17:07:38,Beyti,160,70,9,Garson Ayşe
2025-10-01 21:50:38,Beyti,160,70,9,Garson Ali
2025-10-01 12:37:38,Mercimek,40,12,3,Garson Ali
2025-10-01 19:47:38,İskender,150,65,8,Garson Ali
2025-10-01 23:12:38,Ezogelin,40,12,3,Garson Ayşe
2025-10-01 20:03:38,Mercimek,40,12,3,Garson Ali
2025-10-01 15:29:38,Su,10,2,1,Garson Ali
2025-10-01 18:06:38,Su,10,2,1,Garson Ali
2025-10-01 13:41:38,Su,10,2,1,Garson Ali
2025-10-01 21:13:38,İskender,150,65,8,Garson Ayşe
2025-10-01 11:28:38,Beyti,160,70,9,Garson Ali
2025-10-01 13:20:38,Künefe,80,35,5,Garson Mehmet
2025-10-01 16:32:38,Beyti,160,70,9,Garson Ali
2025-10-01 18:11:38,Su,10,2,1,Garson Ayşe
2025-10-01 22:09:38,Künefe,80,35,5,Garson Ali
2025-10-01 22:28:38,Su,10,2,1,Garson Ayşe
2025-10-01 18:30:38,Beyti,160,70,9,Garson Ali
2025-10-01 23:32:38,Kola,25,15,1,Garson Ali
2025-10-01 18:51:38,Beyti,160,70,9,Garson Ayşe
2025-10-01 23:50:38,Adana,140,60,7,Garson Ali
2025-10-01 22:58:38,Mercimek,40,12,3,Garson Mehmet
2025-10-01 21:18:38,İskender,150,65,8,Garson Ali
2025-10-01 12:16:38,İskender,150,65,8,Garson Ali
2025-10-01 17:23:38,Beyti,160,70,9,Garson Ali
2025-10-01 16:56:38,Su,10,2,1,Garson Ali
2025-10-01 20:13:38,İskender,150,65,8,Garson Ayşe
2025-09-30 19:15:38,İskender,150,65,8,Garson Ali
2025-09-30 11:37:38,Kola,25,15,1,Garson Ayşe
2025-09-30 20:41:38,Su,10,2,1,Garson Ali
2025-09-30 20:16:38,Kola,25,15,1,Garson Ayşe
2025-09-30 23:50:38,Su,10,2,1,Garson Ali
2025-09-30 19:58:38,Beyti,160,70,9,Garson Ali
2025-09-30 15:27:38,Su,10,2,1,Garson Ali
2025-09-30 19:14:38,Su,10,2,1,Garson Ali
2025-09-30 13:32:38,Su,10,2,1,Garson Ali
2025-09-30 11:50:38,Su,10,2,1,Garson Ali
2025-09-30 21:12:38,Su,10,2,1,Garson Ali
2025-09-30 17:21:38,Su,10,2,1,Garson Ali
2025-09-30 18:09:38,İskender,150,65,8,Garson Mehmet
2025-09-30 22:58:38,Ayran,15,4,1,Garson Ayşe
2025-09-30 21:49:38,Beyti,160,70,9,Garson Ali
2025-09-30 22:17:38,Beyti,160,70,9,Garson Ali
2025-09-30 12:36:38,Beyti,160,70,9,Garson Ayşe
2025-09-30 12:17:38,Künefe,80,35,5,Garson Ayşe
2025-09-30 20:57:38,Kola,25,15,1,Garson Ali
2025-09-30 14:57:38,Kola,25,15,1,Garson Ali
2025-09-30 21:53:38,İskender,150,65,8,Garson Ali
2025-09-30 17:56:38,Kola,25,15,1,Garson Ayşe
2025-09-30 16:20:38,Mercimek,40,12,3,Garson Ali
2025-09-30 13:02:38,Beyti,160,70,9,Garson Mehmet
2025-09-30 16:17:38,Beyti,160,70,9,Garson Ayşe
2025-09-30 13:34:38,Su,10,2,1,Garson Ayşe
2025-09-30 17:33:38,Kola,25,15,1,Garson Mehmet
2025-09-30 11:55:38,İskender,150,65,8,Garson Ayşe
2025-09-30 18:06:38,Beyti,160,70,9,Garson Ali
2025-09-30 20:46:38,Adana,140,60,7,Garson Ali
2025-09-30 14:20:38,Su,10,2,1,Garson Ali
2025-09-30 12:24:38,Adana,140,60,7,Garson Ali
2025-09-30 22:19:38,Ayran,15,4,1,Garson Ayşe
2025-09-30 21:21:38,Ayran,15,4,1,Garson Ayşe
2025-09-29 19:22:38,Adana,140,60,7,Garson Ali
2025-09-29 12:36:38,İskender,150,65,8,Garson Ali
2025-09-29 21:07:38,Beyti,160,70,9,Garson Ali
2025-09-29 18:11:38,Su,10,2,1,Garson Ali
2025-09-29 12:18:38,Beyti,160,70,9,Garson Ali
2025-09-29 19:33:38,Beyti,160,70,9,Garson Mehmet
2025-09-29 21:02:38,İskender,150,65,8,Garson Mehmet
2025-09-29 20:00:38,Mercimek,40,12,3,Garson Ali
2025-09-29 22:17:38,İskender,150,65,8,Garson Ali
2025-09-29 23:38:38,Ezogelin,40,12,3,Garson Ali
2025-09-29 17:30:38,Mercimek,40,12,3,Garson Ayşe
2025-09-29 20:39:38,Su,10,2,1,Garson Ali
2025-09-29 22:03:38,Beyti,160,70,9,Garson Ali
2025-09-29 16:46:38,Ayran,15,4,1,Garson Mehmet
2025-09-29 22:01:38,İskender,150,65,8,Garson Ayşe
2025-09-29 22:52:38,İskender,150,65,8,Garson Ayşe
2025-09-29 16:24:38,Beyti,160,70,9,Garson Ali
2025-09-29 11:27:38,Beyti,160,70,9,Garson Ali
2025-09-29 22:04:38,Ayran,15,4,1,Garson Ayşe
2025-09-29 20:40:38,Beyti,160,70,9,Garson Ayşe
2025-09-29 15:55:38,Ezogelin,40,12,3,Garson Ali
2025-09-29 18:27:38,Adana,140,60,7,Garson Ali
2025-09-29 15:11:38,Beyti,160,70,9,Garson Ali
2025-09-29 13:53:38,İskender,150,65,8,Garson Ayşe
2025-09-29 22:52:38,Su,10,2,1,Garson Mehmet
2025-09-29 20:29:38,Beyti,160,70,9,Garson Ayşe
2025-09-29 20:41:38,İskender,150,65,8,Garson Ali
2025-09-29 15:07:38,Beyti,160,70,9,Garson Mehmet
2025-09-29 17:34:38,İskender,150,65,8,Garson Ali
2025-09-29 13:58:38,İskender,150,65,8,Garson Ali
2025-09-29 15:55:38,Adana,140,60,7,Garson Ali
2025-09-29 17:19:38,Adana,140,60,7,Garson Ayşe
2025-09-29 13:18:38,Ezogelin,40,12,3,Garson Ayşe
2025-09-29 14:31:38,Ayran,15,4,1,Garson Ali
2025-09-28 21:46:38,Kola,25,15,1,Garson Mehmet
2025-09-28 16:03:38,Beyti,160,70,9,Garson Ali
2025-09-28 22:13:38,Kola,25,15,1,Garson Ali
2025-09-28 20:02:38,Ayran,15,4,1,Garson Mehmet
2025-09-28 19:10:38,İskender,150,65,8,Garson Ali
2025-09-28 20:14:38,Su,10,2,1,Garson Ali
2025-09-28 13:05:38,Su,10,2,1,Garson Ayşe
2025-09-28 18:32:38,Su,10,2,1,Garson Ayşe
2025-09-28 16:23:38,Beyti,160,70,9,Garson Ali
2025-09-28 12:24:38,Mercimek,40,12,3,Garson Ayşe
2025-09-28 19:48:38,Ayran,15,4,1,Garson Zeynep
2025-09-28 16:49:38,Kola,25,15,1,Garson Ayşe
2025-09-28 21:53:38,Kola,25,15,1,Garson Ali
2025-09-28 15:26:38,Beyti,160,70,9,Garson Ayşe
2025-09-28 22:28:38,Ayran,15,4,1,Garson Ali
2025-09-28 19:57:38,İskender,150,65,8,Garson Ali
2025-09-28 23:05:38,İskender,150,65,8,Garson Ali
2025-09-28 11:45:38,Künefe,80,35,5,Garson Ali
2025-09-28 16:55:38,Beyti,160,70,9,Garson Ayşe
2025-09-28 16:10:38,Beyti,160,70,9,Garson Ayşe
2025-09-28 18:39:38,İskender,150,65,8,Garson Ali
2025-09-28 21:14:38,Künefe,80,35,5,Garson Ali
2025-09-28 23:42:38,İskender,150,65,8,Garson Ali
2025-09-28 17:57:38,Adana,140,60,7,Garson Ayşe
2025-09-28 17:40:38,Beyti,160,70,9,Garson Mehmet
2025-09-28 13:51:38,İskender,150,65,8,Garson Ayşe
2025-09-28 19:08:38,Beyti,160,70,9,Garson Ali
2025-09-28 12:54:38,Su,10,2,1,Garson Ali
2025-09-28 12:36:38,Beyti,160,70,9,Garson Zeynep
2025-09-28 19:20:38,Beyti,160,70,9,Garson Ayşe
2025-09-28 22:49:38,Künefe,80,35,5,Garson Ayşe
2025-09-28 11:15:38,Ezogelin,40,12,3,Garson Ali
2025-09-28 21:52:38,Beyti,160,70,9,Garson Ayşe
2025-09-28 20:36:38,Ayran,15,4,1,Garson Ali
2025-09-28 16:35:38,İskender,150,65,8,Garson Ayşe
2025-09-28 12:25:38,Künefe,80,35,5,Garson Ayşe
2025-09-28 11:07:38,Su,10,2,1,Garson Ali
2025-09-28 16:06:38,Su,10,2,1,Garson Ayşe
2025-09-28 23:13:38,Ayran,15,4,1,Garson Ayşe
2025-09-28 11:44:38,Su,10,2,1,Garson Ayşe
2025-09-28 19:01:38,Beyti,160,70,9,Garson Ali
2025-09-28 15:53:38,Beyti,160,70,9,Garson Ali
2025-09-28 14:04:38,Kola,25,15,1,Garson Mehmet
2025-09-28 20:42:38,İskender,150,65,8,Garson Ali
2025-09-28 12:13:38,İskender,150,65,8,Garson Ali
2025-09-28 13:53:38,Mercimek,40,12,3,Garson Ali
2025-09-28 19:59:38,Ezogelin,40,12,3,Garson Ali
2025-09-28 13:40:38,Ayran,15,4,1,Garson Ayşe
2025-09-28 17:42:38,Ezogelin,40,12,3,Garson Ali
2025-09-28 16:43:38,İskender,150,65,8,Garson Ali
2025-09-28 22:11:38,Su,10,2,1,Garson Ali
2025-09-28 20:43:38,Kola,25,15,1,Garson Ayşe
2025-09-28 16:09:38,Beyti,160,70,9,Garson Ali
2025-09-28 18:00:38,Kola,25,15,1,Garson Ayşe
2025-09-28 18:41:38,Kola,25,15,1,Garson Ayşe
2025-09-28 22:08:38,Kola,25,15,1,Garson Ali
2025-09-28 23:05:38,Ayran,15,4,1,Garson Ayşe
2025-09-28 20:36:38,Beyti,160,70,9,Garson Zeynep
2025-09-28 21:19:38,Ayran,15,4,1,Garson Ayşe
2025-09-28 11:39:38,Ezogelin,40,12,3,Garson Ali
2025-09-28 15:07:38,Beyti,160,70,9,Garson Ali
2025-09-28 14:54:38,Beyti,160,70,9,Garson Ali
2025-09-28 13:56:38,Mercimek,40,12,3,Garson Ayşe
2025-09-28 17:29:38,Beyti,160,70,9,Garson Ayşe
2025-09-28 23:20:38,Adana,140,60,7,Garson Ali
2025-09-28 14:34:38,Beyti,160,70,9,Garson Ali
2025-09-27 15:59:38,İskender,150,65,8,Garson Ali
2025-09-27 12:58:38,Su,10,2,1,Garson Ali
2025-09-27 15:53:38,Su,10,2,1,Garson Ayşe
2025-09-27 15:49:38,İskender,150,65,8,Garson Ayşe
2025-09-27 23:51:38,Su,10,2,1,Garson Ali
2025-09-27 13:02:38,İskender,150,65,8,Garson Ali
2025-09-27 22:33:38,Beyti,160,70,9,Garson Ali
2025-09-27 20:07:38,Adana,140,60,7,Garson Ali
2025-09-27 19:46:38,Kola,25,15,1,Garson Mehmet
2025-09-27 23:35:38,Mercimek,40,12,3,Garson Ayşe
2025-09-27 14:54:38,Künefe,80,35,5,Garson Ali
2025-09-27 14:59:38,Su,10,2,1,Garson Ali
2025-09-27 18:44:38,Ayran,15,4,1,Garson Ayşe
2025-09-27 14:13:38,Su,10,2,1,Garson Ayşe
2025-09-27 22:32:38,İskender,150,65,8,Garson Ali
2025-09-27 20:29:38,Beyti,160,70,9,Garson Ayşe
2025-09-27 20:22:38,Su,10,2,1,Garson Ayşe
2025-09-27 18:52:38,Beyti,160,70,9,Garson Ayşe
2025-09-27 16:22:38,Su,10,2,1,Garson Ali
2025-09-27 23:53:38,İskender,150,65,8,Garson Ayşe
2025-09-27 11:33:38,Su,10,2,1,Garson Ali
2025-09-27 20:13:38,Su,10,2,1,Garson Ali
2025-09-27 18:37:38,Beyti,160,70,9,Garson Ali
2025-09-27 23:36:38,Adana,140,60,7,Garson Zeynep
2025-09-27 20:51:38,Su,10,2,1,Garson Ali
2025-09-27 18:17:38,Ezogelin,40,12,3,Garson Ali
2025-09-27 23:01:38,Kola,25,15,1,Garson Ayşe
2025-09-27 18:48:38,İskender,150,65,8,Garson Mehmet
2025-09-27 23:21:38,Beyti,160,70,9,Garson Ali
2025-09-27 23:59:38,Beyti,160,70,9,Garson Ali
2025-09-27 13:34:38,Künefe,80,35,5,Garson Ali
2025-09-27 16:52:38,Beyti,160,70,9,Garson Ali
2025-09-27 11:26:38,Adana,140,60,7,Garson Ali
2025-09-27 15:13:38,Su,10,2,1,Garson Ayşe
2025-09-27 12:49:38,Ayran,15,4,1,Garson Ali
2025-09-27 20:58:38,Künefe,80,35,5,Garson Ali
2025-09-27 15:15:38,Kola,25,15,1,Garson Ayşe
2025-09-27 23:01:38,Beyti,160,70,9,Garson Mehmet
2025-09-27 14:01:38,Su,10,2,1,Garson Ali
2025-09-27 16:33:38,Beyti,160,70,9,Garson Ayşe
2025-09-27 18:03:38,Su,10,2,1,Garson Ali
2025-09-27 22:00:38,Adana,140,60,7,Garson Ayşe
2025-09-27 17:37:38,Su,10,2,1,Garson Ali
2025-09-27 19:11:38,İskender,150,65,8,Garson Ali
2025-09-27 20:13:38,Adana,140,60,7,Garson Ali
2025-09-27 21:19:38,Su,10,2,1,Garson Ayşe
2025-09-27 11:28:38,Su,10,2,1,Garson Mehmet
2025-09-27 21:41:38,İskender,150,65,8,Garson Ayşe
2025-09-27 20:16:38,Su,10,2,1,Garson Ali
2025-09-27 14:03:38,Beyti,160,70,9,Garson Ayşe
2025-09-27 23:11:38,İskender,150,65,8,Garson Ali
2025-09-27 23:09:38,Kola,25,15,1,Garson Ayşe
2025-09-27 11:51:38,Beyti,160,70,9,Garson Zeynep
2025-09-27 18:40:38,İskender,150,65,8,Garson Ayşe
2025-09-27 23:43:38,Su,10,2,1,Garson Ali
2025-09-27 20:10:38,Su,10,2,1,Garson Ali
2025-09-27 18:45:38,Beyti,160,70,9,Garson Ali
2025-09-27 16:16:38,Beyti,160,70,9,Garson Ali
2025-09-27 20:21:38,Kola,25,15,1,Garson Ali
2025-09-27 20:08:38,Su,10,2,1,Garson Ali
2025-09-27 12:04:38,Beyti,160,70,9,Garson Ali
2025-09-27 17:09:38,İskender,150,65,8,Garson Ayşe
2025-09-27 12:18:38,Künefe,80,35,5,Garson Ali
2025-09-27 19:38:38,İskender,150,65,8,Garson Ali
2025-09-27 15:05:38,İskender,150,65,8,Garson Ali
2025-09-27 14:47:38,İskender,150,65,8,Garson Zeynep
2025-09-27 11:44:38,İskender,150,65,8,Garson Ali
2025-09-27 17:26:38,Kola,25,15,1,Garson Ali
2025-09-27 23:01:38,Su,10,2,1,Garson Ali
2025-09-27 22:30:38,İskender,150,65,8,Garson Ayşe
2025-09-27 22:21:38,Su,10,2,1,Garson Ayşe
2025-09-27 11:44:38,Beyti,160,70,9,Garson Ayşe
2025-09-27 20:26:38,Kola,25,15,1,Garson Mehmet
2025-09-27 13:15:38,Su,10,2,1,Garson Ayşe
2025-09-26 23:12:38,İskender,150,65,8,Garson Ali
2025-09-26 23:35:38,Su,10,2,1,Garson Mehmet
2025-09-26 14:20:38,Beyti,160,70,9,Garson Ali
2025-09-26 22:39:38,Beyti,160,70,9,Garson Ali
2025-09-26 17:56:38,Su,10,2,1,Garson Ali
2025-09-26 20:55:38,İskender,150,65,8,Garson Ayşe
2025-09-26 11:46:38,İskender,150,65,8,Garson Mehmet
2025-09-26 17:38:38,İskender,150,65,8,Garson Ali
2025-09-26 21:19:38,İskender,150,65,8,Garson Ali
2025-09-26 15:52:38,İskender,150,65,8,Garson Ayşe
2025-09-26 20:19:38,Künefe,80,35,5,Garson Ali
2025-09-26 20:33:38,İskender,150,65,8,Garson Ali
2025-09-26 21:37:38,İskender,150,65,8,Garson Ali
2025-09-26 17:08:38,Künefe,80,35,5,Garson Ayşe
2025-09-26 22:02:38,Adana,140,60,7,Garson Ayşe
2025-09-26 13:35:38,Su,10,2,1,Garson Ali
2025-09-26 18:34:38,Beyti,160,70,9,Garson Ali
2025-09-26 18:08:38,İskender,150,65,8,Garson Ali
2025-09-26 13:03:38,Su,10,2,1,Garson Ali
2025-09-26 12:29:38,Ayran,15,4,1,Garson Ali
2025-09-26 21:14:38,Kola,25,15,1,Garson Ali
2025-09-26 19:30:38,Mercimek,40,12,3,Garson Mehmet
2025-09-26 22:02:38,Su,10,2,1,Garson Ayşe
2025-09-26 22:28:38,Ezogelin,40,12,3,Garson Ali
2025-09-26 15:39:38,Beyti,160,70,9,Garson Ali
2025-09-26 18:12:38,Su,10,2,1,Garson Ali
2025-09-26 13:28:38,Beyti,160,70,9,Garson Ali
2025-09-26 19:29:38,Beyti,160,70,9,Garson Ali
2025-09-26 21:14:38,Beyti,160,70,9,Garson Ali
2025-09-26 15:02:38,Mercimek,40,12,3,Garson Ayşe
2025-09-26 14:27:38,Su,10,2,1,Garson Ali
2025-09-26 22:07:38,Su,10,2,1,Garson Ali
2025-09-26 19:22:38,Beyti,160,70,9,Garson Ali
2025-09-26 22:16:38,Beyti,160,70,9,Garson Ayşe
2025-09-26 21:41:38,Beyti,160,70,9,Garson Ali
2025-09-26 13:26:38,Künefe,80,35,5,Garson Ayşe
2025-09-26 18:35:38,Beyti,160,70,9,Garson Ayşe
2025-09-26 18:22:38,Ayran,15,4,1,Garson Ali
2025-09-25 21:29:38,Kola,25,15,1,Garson Ali
2025-09-25 21:38:38,Kola,25,15,1,Garson Ali
2025-09-25 19:58:38,Künefe,80,35,5,Garson Mehmet
2025-09-25 14:53:38,Su,10,2,1,Garson Ali
2025-09-25 21:44:38,Künefe,80,35,5,Garson Ayşe
2025-09-25 12:55:38,Su,10,2,1,Garson Ayşe
2025-09-25 12:52:38,Beyti,160,70,9,Garson Ayşe
2025-09-25 22:47:38,Mercimek,40,12,3,Garson Ali
2025-09-25 20:27:38,Su,10,2,1,Garson Ali
2025-09-25 23:36:38,Beyti,160,70,9,Garson Ali
2025-09-25 21:20:38,Mercimek,40,12,3,Garson Ali
2025-09-25 12:50:38,Beyti,160,70,9,Garson Ali
2025-09-25 23:55:38,Beyti,160,70,9,Garson Ali
2025-09-25 15:09:38,İskender,150,65,8,Garson Ali
2025-09-25 19:08:38,Kola,25,15,1,Garson Ali
2025-09-25 19:05:38,Adana,140,60,7,Garson Ayşe
2025-09-25 20:14:38,Su,10,2,1,Garson Ali
2025-09-25 14:04:38,Kola,25,15,1,Garson Ali
2025-09-25 19:48:38,Su,10,2,1,Garson Ayşe
2025-09-25 22:34:38,İskender,150,65,8,Garson Ali
2025-09-25 20:06:38,Kola,25,15,1,Garson Ali
2025-09-25 23:30:38,İskender,150,65,8,Garson Ali
2025-09-25 13:33:38,İskender,150,65,8,Garson Ali
2025-09-25 15:03:38,Künefe,80,35,5,Garson Ayşe
2025-09-24 12:23:38,Ayran,15,4,1,Garson Ali
2025-09-24 20:57:38,Adana,140,60,7,Garson Ali
2025-09-24 11:31:38,İskender,150,65,8,Garson Ayşe
2025-09-24 19:12:38,Su,10,2,1,Garson Ali
2025-09-24 19:43:38,Beyti,160,70,9,Garson Ali
2025-09-24 16:17:38,Beyti,160,70,9,Garson Ali
2025-09-24 14:39:38,Künefe,80,35,5,Garson Ayşe
2025-09-24 22:36:38,Beyti,160,70,9,Garson Ayşe
2025-09-24 12:51:38,Beyti,160,70,9,Garson Ali
2025-09-24 22:58:38,Künefe,80,35,5,Garson Mehmet
2025-09-24 12:04:38,Su,10,2,1,Garson Ayşe
2025-09-24 11:48:38,Künefe,80,35,5,Garson Ayşe
2025-09-24 13:59:38,Ezogelin,40,12,3,Garson Mehmet
2025-09-24 23:51:38,İskender,150,65,8,Garson Ali
2025-09-24 14:59:38,Künefe,80,35,5,Garson Ali
2025-09-24 22:47:38,İskender,150,65,8,Garson Ayşe
2025-09-24 11:31:38,Ayran,15,4,1,Garson Ali
2025-09-24 19:03:38,Ezogelin,40,12,3,Garson Ali
2025-09-24 12:25:38,Beyti,160,70,9,Garson Ali
2025-09-24 16:18:38,Adana,140,60,7,Garson Ayşe
2025-09-24 21:31:38,Adana,140,60,7,Garson Zeynep
2025-09-24 13:11:38,Su,10,2,1,Garson Ali
2025-09-24 18:47:38,Su,10,2,1,Garson Ayşe
2025-09-24 16:44:38,İskender,150,65,8,Garson Ali
2025-09-24 15:55:38,Su,10,2,1,Garson Ayşe
2025-09-24 17:56:38,Ezogelin,40,12,3,Garson Ali
2025-09-24 21:14:38,Künefe,80,35,5,Garson Ali
2025-09-24 20:04:38,Beyti,160,70,9,Garson Ali
2025-09-24 22:27:38,Su,10,2,1,Garson Ali
2025-09-24 20:06:38,Adana,140,60,7,Garson Ali
2025-09-24 13:20:38,Beyti,160,70,9,Garson Ali
2025-09-24 17:30:38,İskender,150,65,8,Garson Ali
2025-09-24 17:09:38,Su,10,2,1,Garson Ali
2025-09-23 16:14:38,Su,10,2,1,Garson Ali
2025-09-23 12:38:38,Ayran,15,4,1,Garson Ali
2025-09-23 16:00:38,Su,10,2,1,Garson Ali
2025-09-23 15:44:38,Kola,25,15,1,Garson Mehmet
2025-09-23 22:56:38,Su,10,2,1,Garson Ali
2025-09-23 23:06:38,İskender,150,65,8,Garson Ayşe
2025-09-23 20:53:38,Ayran,15,4,1,Garson Ali
2025-09-23 22:29:38,Beyti,160,70,9,Garson Ayşe
2025-09-23 14:31:38,Kola,25,15,1,Garson Zeynep
2025-09-23 12:38:38,İskender,150,65,8,Garson Ali
2025-09-23 21:13:38,Su,10,2,1,Garson Ayşe
2025-09-23 12:08:38,İskender,150,65,8,Garson Ali
2025-09-23 14:19:38,Mercimek,40,12,3,Garson Ayşe
2025-09-23 20:55:38,Adana,140,60,7,Garson Ayşe
2025-09-23 13:32:38,Künefe,80,35,5,Garson Zeynep
2025-09-23 17:16:38,Su,10,2,1,Garson Ayşe
2025-09-23 20:56:38,İskender,150,65,8,Garson Ali
2025-09-23 18:35:38,Künefe,80,35,5,Garson Ali
2025-09-23 21:54:38,Beyti,160,70,9,Garson Zeynep
2025-09-23 22:38:38,Su,10,2,1,Garson Ali
2025-09-23 20:18:38,Kola,25,15,1,Garson Ali
2025-09-23 16:31:38,Kola,25,15,1,Garson Ayşe
2025-09-23 16:39:38,Su,10,2,1,Garson Ayşe
2025-09-23 19:41:38,Su,10,2,1,Garson Ali
2025-09-23 11:02:38,Adana,140,60,7,Garson Ayşe
2025-09-23 22:29:38,Beyti,160,70,9,Garson Ali
2025-09-23 18:41:38,Künefe,80,35,5,Garson Ali
2025-09-23 21:22:38,Beyti,160,70,9,Garson Ayşe
2025-09-23 19:39:38,Su,10,2,1,Garson Mehmet
2025-09-23 23:14:38,Kola,25,15,1,Garson Ayşe
2025-09-23 15:53:38,Künefe,80,35,5,Garson Ayşe
2025-09-23 15:58:38,Beyti,160,70,9,Garson Ali
2025-09-22 22:50:38,Künefe,80,35,5,Garson Ali
2025-09-22 13:58:38,Kola,25,15,1,Garson Ali
2025-09-22 17:07:38,İskender,150,65,8,Garson Ayşe
2025-09-22 17:47:38,Beyti,160,70,9,Garson Ali
2025-09-22 21:58:38,Beyti,160,70,9,Garson Ayşe
2025-09-22 23:08:38,Su,10,2,1,Garson Ali
2025-09-22 18:34:38,Su,10,2,1,Garson Ali
2025-09-22 20:51:38,Su,10,2,1,Garson Ali
2025-09-22 20:24:38,Su,10,2,1,Garson Ayşe
2025-09-22 13:15:38,İskender,150,65,8,Garson Ali
2025-09-22 12:51:38,İskender,150,65,8,Garson Ayşe
2025-09-22 13:45:38,İskender,150,65,8,Garson Ali
2025-09-22 14:59:38,Beyti,160,70,9,Garson Ayşe
2025-09-22 19:25:38,Beyti,160,70,9,Garson Ali
2025-09-22 16:08:38,Ayran,15,4,1,Garson Ali
2025-09-22 16:55:38,Beyti,160,70,9,Garson Ali
2025-09-22 18:37:38,Beyti,160,70,9,Garson Zeynep
2025-09-22 11:23:38,Su,10,2,1,Garson Ali
2025-09-22 21:27:38,Su,10,2,1,Garson Ali
2025-09-22 16:56:38,Beyti,160,70,9,Garson Ayşe
2025-09-21 19:53:38,Kola,25,15,1,Garson Ali
2025-09-21 11:55:38,Künefe,80,35,5,Garson Ali
2025-09-21 16:58:38,Beyti,160,70,9,Garson Ali
2025-09-21 21:41:38,Su,10,2,1,Garson Ayşe
2025-09-21 14:59:38,Su,10,2,1,Garson Ali
2025-09-21 14:46:38,Beyti,160,70,9,Garson Ali
2025-09-21 18:58:38,Beyti,160,70,9,Garson Ali
2025-09-21 11:43:38,Beyti,160,70,9,Garson Ali
2025-09-21 17:08:38,İskender,150,65,8,Garson Ayşe
2025-09-21 16:03:38,Su,10,2,1,Garson Ali
2025-09-21 14:24:38,Ayran,15,4,1,Garson Zeynep
2025-09-21 18:36:38,Su,10,2,1,Garson Ayşe
2025-09-21 16:52:38,İskender,150,65,8,Garson Ali
2025-09-21 21:35:38,Su,10,2,1,Garson Ayşe
2025-09-21 13:39:38,Kola,25,15,1,Garson Zeynep
2025-09-21 17:35:38,Beyti,160,70,9,Garson Ayşe
2025-09-21 21:06:38,Künefe,80,35,5,Garson Ali
2025-09-21 19:44:38,Beyti,160,70,9,Garson Ali
2025-09-21 18:59:38,Adana,140,60,7,Garson Ali
2025-09-21 21:14:38,Beyti,160,70,9,Garson Ali
2025-09-21 11:55:38,Beyti,160,70,9,Garson Zeynep
2025-09-21 14:54:38,Beyti,160,70,9,Garson Mehmet
2025-09-21 19:34:38,Kola,25,15,1,Garson Ayşe
2025-09-21 22:49:38,Su,10,2,1,Garson Ali
2025-09-21 13:04:38,Adana,140,60,7,Garson Ali
2025-09-21 21:42:38,Mercimek,40,12,3,Garson Ali
2025-09-21 13:42:38,Beyti,160,70,9,Garson Ali
2025-09-21 17:17:38,Su,10,2,1,Garson Ali
2025-09-21 15:59:38,İskender,150,65,8,Garson Ali
2025-09-21 14:44:38,Su,10,2,1,Garson Ayşe
2025-09-21 23:52:38,Kola,25,15,1,Garson Ayşe
2025-09-21 12:18:38,Beyti,160,70,9,Garson Ayşe
2025-09-21 11:01:38,İskender,150,65,8,Garson Zeynep
2025-09-21 20:24:38,Ayran,15,4,1,Garson Ali
2025-09-21 19:28:38,Su,10,2,1,Garson Ali
2025-09-21 23:16:38,Ayran,15,4,1,Garson Ayşe
2025-09-21 13:05:38,Adana,140,60,7,Garson Ayşe
2025-09-21 13:24:38,İskender,150,65,8,Garson Ali
2025-09-21 23:09:38,Kola,25,15,1,Garson Ali
2025-09-21 18:32:38,Adana,140,60,7,Garson Ayşe
2025-09-21 18:38:38,Kola,25,15,1,Garson Ayşe
2025-09-21 20:27:38,Beyti,160,70,9,Garson Ali
2025-09-21 21:59:38,Beyti,160,70,9,Garson Mehmet
2025-09-21 20:58:38,Su,10,2,1,Garson Ayşe
2025-09-21 14:34:38,Kola,25,15,1,Garson Ali
2025-09-21 15:31:38,Su,10,2,1,Garson Zeynep
2025-09-21 15:13:38,Kola,25,15,1,Garson Ali
2025-09-21 18:31:38,Beyti,160,70,9,Garson Ali
2025-09-21 22:00:38,Beyti,160,70,9,Garson Ali
2025-09-21 20:43:38,Su,10,2,1,Garson Ali
2025-09-21 17:47:38,İskender,150,65,8,Garson Mehmet
2025-09-21 15:31:38,Ayran,15,4,1,Garson Ali
2025-09-21 20:32:38,Su,10,2,1,Garson Ali
2025-09-21 16:50:38,Su,10,2,1,Garson Ayşe
2025-09-21 20:11:38,Künefe,80,35,5,Garson Ali
2025-09-21 23:31:38,Su,10,2,1,Garson Ayşe
2025-09-21 11:33:38,Ezogelin,40,12,3,Garson Ali
2025-09-21 22:49:38,Ayran,15,4,1,Garson Ayşe
2025-09-21 17:50:38,Adana,140,60,7,Garson Ali
2025-09-21 15:05:38,Ayran,15,4,1,Garson Ali
2025-09-21 17:59:38,Ayran,15,4,1,Garson Ali
2025-09-21 22:45:38,Beyti,160,70,9,Garson Ali
2025-09-21 21:51:38,Mercimek,40,12,3,Garson Ayşe
2025-09-21 19:38:38,Su,10,2,1,Garson Zeynep
2025-09-21 19:10:38,Beyti,160,70,9,Garson Mehmet
2025-09-21 23:53:38,Kola,25,15,1,Garson Ayşe
2025-09-21 16:16:38,Beyti,160,70,9,Garson Mehmet
2025-09-21 23:33:38,İskender,150,65,8,Garson Ali
2025-09-21 21:08:38,Su,10,2,1,Garson Ayşe
2025-09-21 22:40:38,Mercimek,40,12,3,Garson Ayşe
2025-09-21 13:13:38,Su,10,2,1,Garson Ayşe
2025-09-21 14:01:38,Su,10,2,1,Garson Ali
2025-09-21 13:44:38,Beyti,160,70,9,Garson Ayşe
2025-09-21 12:26:38,Adana,140,60,7,Garson Ayşe
2025-09-21 16:41:38,Beyti,160,70,9,Garson Ayşe
2025-09-21 15:01:38,İskender,150,65,8,Garson Zeynep
2025-09-21 15:41:38,İskender,150,65,8,Garson Ali
2025-09-21 19:32:38,Beyti,160,70,9,Garson Ayşe
2025-09-21 23:15:38,Adana,140,60,7,Garson Ayşe
2025-09-21 16:05:38,İskender,150,65,8,Garson Mehmet
2025-09-20 21:43:38,Beyti,160,70,9,Garson Ali
2025-09-20 15:28:38,Adana,140,60,7,Garson Ayşe
2025-09-20 14:00:38,Kola,25,15,1,Garson Ali
2025-09-20 23:04:38,İskender,150,65,8,Garson Zeynep
2025-09-20 19:21:38,Su,10,2,1,Garson Ayşe
2025-09-20 13:50:38,İskender,150,65,8,Garson Ali
2025-09-20 17:53:38,Beyti,160,70,9,Garson Ali
2025-09-20 13:20:38,Künefe,80,35,5,Garson Ali
2025-09-20 12:06:38,Mercimek,40,12,3,Garson Ali
2025-09-20 14:44:38,Adana,140,60,7,Garson Ali
2025-09-20 18:26:38,Ezogelin,40,12,3,Garson Ayşe
2025-09-20 11:47:38,Mercimek,40,12,3,Garson Mehmet
2025-09-20 12:10:38,İskender,150,65,8,Garson Ayşe
2025-09-20 13:15:38,Su,10,2,1,Garson Ali
2025-09-20 16:29:38,Ayran,15,4,1,Garson Ali
2025-09-20 11:34:38,Ayran,15,4,1,Garson Zeynep
2025-09-20 18:23:38,Su,10,2,1,Garson Ali
2025-09-20 12:37:38,Kola,25,15,1,Garson Ali
2025-09-20 21:28:38,Künefe,80,35,5,Garson Ayşe
2025-09-20 14:23:38,İskender,150,65,8,Garson Ali
2025-09-20 19:16:38,İskender,150,65,8,Garson Ali
2025-09-20 23:31:38,Künefe,80,35,5,Garson Mehmet
2025-09-20 18:28:38,Beyti,160,70,9,Garson Ali
2025-09-20 11:06:38,İskender,150,65,8,Garson Ayşe
2025-09-20 11:04:38,İskender,150,65,8,Garson Ayşe
2025-09-20 22:04:38,Su,10,2,1,Garson Ali
2025-09-20 14:57:38,Beyti,160,70,9,Garson Ali
2025-09-20 14:52:38,Beyti,160,70,9,Garson Ali
2025-09-20 20:22:38,Mercimek,40,12,3,Garson Zeynep
2025-09-20 21:57:38,İskender,150,65,8,Garson Ayşe
2025-09-20 12:41:38,Beyti,160,70,9,Garson Ali
2025-09-20 20:08:38,İskender,150,65,8,Garson Zeynep
2025-09-20 13:36:38,İskender,150,65,8,Garson Mehmet
2025-09-20 11:21:38,İskender,150,65,8,Garson Ali
2025-09-20 15:20:38,Künefe,80,35,5,Garson Zeynep
2025-09-20 16:03:38,Kola,25,15,1,Garson Ali
2025-09-20 21:58:38,Su,10,2,1,Garson Mehmet
2025-09-20 18:41:38,Beyti,160,70,9,Garson Ali
2025-09-20 23:01:38,Ezogelin,40,12,3,Garson Mehmet
2025-09-20 18:24:38,Ayran,15,4,1,Garson Ali
2025-09-20 23:35:38,Künefe,80,35,5,Garson Ali
2025-09-20 20:00:38,İskender,150,65,8,Garson Ayşe
2025-09-20 21:35:38,Kola,25,15,1,Garson Ali
2025-09-20 18:35:38,İskender,150,65,8,Garson Mehmet
2025-09-20 21:04:38,Beyti,160,70,9,Garson Mehmet
2025-09-20 23:03:38,Beyti,160,70,9,Garson Ali
2025-09-20 18:15:38,Künefe,80,35,5,Garson Zeynep
2025-09-20 19:51:38,Su,10,2,1,Garson Ayşe
2025-09-20 22:13:38,Su,10,2,1,Garson Ali
2025-09-20 13:49:38,İskender,150,65,8,Garson Ali
2025-09-20 20:50:38,Künefe,80,35,5,Garson Ali
2025-09-20 16:36:38,Beyti,160,70,9,Garson Ayşe
2025-09-19 17:03:38,Beyti,160,70,9,Garson Mehmet
2025-09-19 19:29:38,Su,10,2,1,Garson Mehmet
2025-09-19 22:12:38,Su,10,2,1,Garson Ali
2025-09-19 17:02:38,İskender,150,65,8,Garson Ayşe
2025-09-19 22:36:38,Ayran,15,4,1,Garson Ali
2025-09-19 19:11:38,Su,10,2,1,Garson Ali
2025-09-19 20:34:38,Beyti,160,70,9,Garson Ali
2025-09-19 11:49:38,Beyti,160,70,9,Garson Ali
2025-09-19 12:10:38,Kola,25,15,1,Garson Ayşe
2025-09-19 16:24:38,Su,10,2,1,Garson Ali
2025-09-19 19:16:38,Beyti,160,70,9,Garson Ayşe
2025-09-19 23:04:38,Su,10,2,1,Garson Ali
2025-09-19 14:44:38,Kola,25,15,1,Garson Ali
2025-09-19 17:09:38,Beyti,160,70,9,Garson Ayşe
2025-09-19 19:36:38,Su,10,2,1,Garson Ali
2025-09-19 15:32:38,İskender,150,65,8,Garson Zeynep
2025-09-19 23:37:38,Beyti,160,70,9,Garson Ayşe
2025-09-19 23:18:38,İskender,150,65,8,Garson Ali
2025-09-19 21:40:38,Künefe,80,35,5,Garson Zeynep
2025-09-19 22:20:38,Su,10,2,1,Garson Ali
2025-09-19 19:03:38,Ezogelin,40,12,3,Garson Ali
2025-09-19 12:22:38,Beyti,160,70,9,Garson Mehmet
2025-09-19 23:29:38,İskender,150,65,8,Garson Ali
2025-09-19 16:36:38,Ayran,15,4,1,Garson Ali
2025-09-19 19:20:38,Beyti,160,70,9,Garson Ayşe
2025-09-19 14:48:38,Kola,25,15,1,Garson Ayşe
2025-09-19 23:08:38,Künefe,80,35,5,Garson Ali
2025-09-18 22:31:38,Kola,25,15,1,Garson Ali
2025-09-18 17:34:38,Beyti,160,70,9,Garson Zeynep
2025-09-18 12:17:38,Beyti,160,70,9,Garson Ali
2025-09-18 12:41:38,İskender,150,65,8,Garson Mehmet
2025-09-18 19:58:38,İskender,150,65,8,Garson Ali
2025-09-18 11:31:38,Beyti,160,70,9,Garson Ayşe
2025-09-18 19:02:38,Künefe,80,35,5,Garson Ali
2025-09-18 12:03:38,İskender,150,65,8,Garson Ali
2025-09-18 15:40:38,Su,10,2,1,Garson Ali
2025-09-18 15:21:38,Künefe,80,35,5,Garson Ali
2025-09-18 16:17:38,Adana,140,60,7,Garson Ayşe
2025-09-18 16:41:38,Beyti,160,70,9,Garson Ayşe
2025-09-18 12:00:38,Su,10,2,1,Garson Ali
2025-09-18 16:10:38,Ezogelin,40,12,3,Garson Ali
2025-09-18 20:56:38,Künefe,80,35,5,Garson Mehmet
2025-09-18 12:08:38,Beyti,160,70,9,Garson Ayşe
2025-09-18 23:26:38,Beyti,160,70,9,Garson Ali
2025-09-18 22:28:38,Su,10,2,1,Garson Ayşe
2025-09-18 11:29:38,Su,10,2,1,Garson Ayşe
2025-09-18 12:04:38,İskender,150,65,8,Garson Mehmet
2025-09-18 12:28:38,Beyti,160,70,9,Garson Ali
2025-09-18 23:54:38,Su,10,2,1,Garson Ayşe
2025-09-18 14:34:38,Kola,25,15,1,Garson Ayşe
2025-09-18 17:00:38,Beyti,160,70,9,Garson Mehmet
2025-09-18 16:08:38,İskender,150,65,8,Garson Ali
2025-09-18 14:11:38,İskender,150,65,8,Garson Ali
2025-09-18 19:09:38,Su,10,2,1,Garson Ayşe
2025-09-18 22:34:38,Künefe,80,35,5,Garson Ali
2025-09-18 14:22:38,Mercimek,40,12,3,Garson Ayşe
2025-09-18 22:20:38,Beyti,160,70,9,Garson Ali
2025-09-18 20:24:38,Künefe,80,35,5,Garson Ali
2025-09-17 16:50:38,Kola,25,15,1,Garson Ali
2025-09-17 20:22:38,Su,10,2,1,Garson Mehmet
2025-09-17 21:45:38,Beyti,160,70,9,Garson Ali
2025-09-17 14:01:38,İskender,150,65,8,Garson Ayşe
2025-09-17 23:16:38,İskender,150,65,8,Garson Ali
2025-09-17 17:48:38,İskender,150,65,8,Garson Ali
2025-09-17 22:41:38,İskender,150,65,8,Garson Zeynep
2025-09-17 21:33:38,Künefe,80,35,5,Garson Ayşe
2025-09-17 20:34:38,İskender,150,65,8,Garson Ali
2025-09-17 16:50:38,Su,10,2,1,Garson Ali
2025-09-17 16:28:38,Künefe,80,35,5,Garson Ali
2025-09-17 11:36:38,İskender,150,65,8,Garson Ali
2025-09-17 16:20:38,İskender,150,65,8,Garson Ali
2025-09-17 22:09:38,Su,10,2,1,Garson Ali
2025-09-17 11:49:38,Su,10,2,1,Garson Ali
2025-09-17 13:48:38,Mercimek,40,12,3,Garson Ayşe
2025-09-17 23:38:38,Adana,140,60,7,Garson Ali
2025-09-17 12:57:38,Su,10,2,1,Garson Ali
2025-09-17 13:02:38,Kola,25,15,1,Garson Ali
2025-09-17 21:08:38,Beyti,160,70,9,Garson Ayşe
2025-09-17 11:48:38,İskender,150,65,8,Garson Ali
2025-09-17 21:44:38,İskender,150,65,8,Garson Ali
2025-09-17 11:52:38,Kola,25,15,1,Garson Ali
2025-09-17 16:25:38,İskender,150,65,8,Garson Ayşe
2025-09-17 22:57:38,Kola,25,15,1,Garson Mehmet
2025-09-17 19:45:38,İskender,150,65,8,Garson Ayşe
2025-09-17 23:47:38,Su,10,2,1,Garson Ali
2025-09-17 13:58:38,Su,10,2,1,Garson Mehmet
2025-09-17 23:35:38,İskender,150,65,8,Garson Ali
2025-09-16 13:22:38,Kola,25,15,1,Garson Ali
2025-09-16 23:33:38,İskender,150,65,8,Garson Ali
2025-09-16 13:20:38,İskender,150,65,8,Garson Ali
2025-09-16 11:07:38,Beyti,160,70,9,Garson Ayşe
2025-09-16 14:18:38,İskender,150,65,8,Garson Ayşe
2025-09-16 23:18:38,Su,10,2,1,Garson Zeynep
2025-09-16 17:02:38,Beyti,160,70,9,Garson Ali
2025-09-16 16:28:38,Beyti,160,70,9,Garson Mehmet
2025-09-16 20:34:38,İskender,150,65,8,Garson Mehmet
2025-09-16 20:07:38,Adana,140,60,7,Garson Ali
2025-09-16 21:16:38,Beyti,160,70,9,Garson Ayşe
2025-09-16 18:44:38,İskender,150,65,8,Garson Ali
2025-09-16 14:33:38,Mercimek,40,12,3,Garson Ayşe
2025-09-16 21:25:38,Beyti,160,70,9,Garson Zeynep
2025-09-16 15:09:38,İskender,150,65,8,Garson Ayşe
2025-09-16 19:58:38,Ayran,15,4,1,Garson Ali
2025-09-16 20:09:38,Mercimek,40,12,3,Garson Ali
2025-09-16 20:30:38,İskender,150,65,8,Garson Ali
2025-09-16 19:13:38,Su,10,2,1,Garson Ayşe
2025-09-16 23:25:38,Beyti,160,70,9,Garson Ayşe
2025-09-16 18:49:38,Künefe,80,35,5,Garson Ayşe
2025-09-16 23:48:38,Su,10,2,1,Garson Ayşe
2025-09-16 20:53:38,Beyti,160,70,9,Garson Ayşe
2025-09-15 16:23:38,Su,10,2,1,Garson Ali
2025-09-15 17:12:38,Beyti,160,70,9,Garson Ayşe
2025-09-15 22:42:38,Beyti,160,70,9,Garson Ali
2025-09-15 13:03:38,Su,10,2,1,Garson Ali
2025-09-15 22:30:38,Su,10,2,1,Garson Mehmet
2025-09-15 12:04:38,İskender,150,65,8,Garson Ali
2025-09-15 19:48:38,İskender,150,65,8,Garson Ali
2025-09-15 20:13:38,Ezogelin,40,12,3,Garson Ali
2025-09-15 23:50:38,İskender,150,65,8,Garson Zeynep
2025-09-15 16:51:38,Kola,25,15,1,Garson Ali
2025-09-15 20:01:38,Kola,25,15,1,Garson Ali
2025-09-15 12:31:38,Su,10,2,1,Garson Ali
2025-09-15 20:10:38,İskender,150,65,8,Garson Ali
2025-09-15 18:37:38,Kola,25,15,1,Garson Ali
2025-09-15 13:26:38,Beyti,160,70,9,Garson Ayşe
2025-09-15 14:39:38,Su,10,2,1,Garson Ali
2025-09-15 16:48:38,Beyti,160,70,9,Garson Ali
2025-09-15 19:39:38,Su,10,2,1,Garson Zeynep
2025-09-15 14:04:38,Ezogelin,40,12,3,Garson Ayşe
2025-09-15 18:04:38,İskender,150,65,8,Garson Ali
2025-09-15 13:24:38,Su,10,2,1,Garson Ali
2025-09-15 20:28:38,Beyti,160,70,9,Garson Ali
2025-09-15 16:23:38,Kola,25,15,1,Garson Ali
2025-09-15 19:16:38,Su,10,2,1,Garson Ali
2025-09-15 11:15:38,Su,10,2,1,Garson Mehmet
2025-09-15 18:24:38,Beyti,160,70,9,Garson Ayşe
2025-09-15 19:19:38,Su,10,2,1,Garson Ali
2025-09-15 13:28:38,Su,10,2,1,Garson Ayşe
2025-09-15 12:52:38,Adana,140,60,7,Garson Zeynep
2025-09-15 20:44:38,Künefe,80,35,5,Garson Ali
2025-09-14 21:45:38,İskender,150,65,8,Garson Mehmet
2025-09-14 21:45:38,İskender,150,65,8,Garson Ali
2025-09-14 14:47:38,Su,10,2,1,Garson Ali
2025-09-14 14:10:38,Künefe,80,35,5,Garson Ayşe
2025-09-14 13:05:38,İskender,150,65,8,Garson Ayşe
2025-09-14 18:55:38,Kola,25,15,1,Garson Ayşe
2025-09-14 16:10:38,İskender,150,65,8,Garson Ali
2025-09-14 14:14:38,Beyti,160,70,9,Garson Ali
2025-09-14 15:07:38,Künefe,80,35,5,Garson Ayşe
2025-09-14 21:48:38,Beyti,160,70,9,Garson Ayşe
2025-09-14 14:16:38,Kola,25,15,1,Garson Ali
2025-09-14 19:03:38,Su,10,2,1,Garson Ali
2025-09-14 20:09:38,Künefe,80,35,5,Garson Ali
2025-09-14 15:29:38,İskender,150,65,8,Garson Ayşe
2025-09-14 18:55:38,Su,10,2,1,Garson Ali
2025-09-14 15:37:38,Beyti,160,70,9,Garson Ali
2025-09-14 17:39:38,Mercimek,40,12,3,Garson Ayşe
2025-09-14 20:09:38,Su,10,2,1,Garson Ali
2025-09-14 17:45:38,Ezogelin,40,12,3,Garson Ali
2025-09-14 15:51:38,Künefe,80,35,5,Garson Ayşe
2025-09-14 15:01:38,Beyti,160,70,9,Garson Ayşe
2025-09-14 20:11:38,Su,10,2,1,Garson Mehmet
2025-09-14 14:41:38,Su,10,2,1,Garson Ayşe
2025-09-14 23:55:38,Su,10,2,1,Garson Ayşe
2025-09-14 11:51:38,Beyti,160,70,9,Garson Ayşe
2025-09-14 19:10:38,Mercimek,40,12,3,Garson Mehmet
2025-09-14 23:31:38,Su,10,2,1,Garson Ayşe
2025-09-14 23:53:38,Beyti,160,70,9,Garson Ali
2025-09-14 12:17:38,Su,10,2,1,Garson Ali
2025-09-14 23:07:38,Mercimek,40,12,3,Garson Mehmet
2025-09-14 13:58:38,Beyti,160,70,9,Garson Ayşe
2025-09-14 11:33:38,İskender,150,65,8,Garson Ali
2025-09-14 13:46:38,Mercimek,40,12,3,Garson Mehmet
2025-09-14 17:48:38,İskender,150,65,8,Garson Ali
2025-09-14 18:34:38,Kola,25,15,1,Garson Ali
2025-09-14 11:47:38,Künefe,80,35,5,Garson Ali
2025-09-14 19:00:38,Su,10,2,1,Garson Ayşe
2025-09-14 12:03:38,Ayran,15,4,1,Garson Ayşe
2025-09-14 23:13:38,Kola,25,15,1,Garson Ayşe
2025-09-14 18:22:38,Beyti,160,70,9,Garson Ayşe
2025-09-14 23:21:38,Su,10,2,1,Garson Mehmet
2025-09-14 22:35:38,Su,10,2,1,Garson Mehmet
2025-09-14 16:34:38,Su,10,2,1,Garson Ali
2025-09-14 16:24:38,İskender,150,65,8,Garson Ali
2025-09-14 23:48:38,Ayran,15,4,1,Garson Ali
2025-09-14 14:56:38,Adana,140,60,7,Garson Ali
2025-09-14 22:58:38,Adana,140,60,7,Garson Ali
2025-09-14 15:43:38,Adana,140,60,7,Garson Mehmet
2025-09-14 15:53:38,Beyti,160,70,9,Garson Ali
2025-09-14 23:21:38,İskender,150,65,8,Garson Mehmet
2025-09-14 15:41:38,Beyti,160,70,9,Garson Ayşe
2025-09-13 14:14:38,İskender,150,65,8,Garson Ali
2025-09-13 21:25:38,İskender,150,65,8,Garson Ali
2025-09-13 15:07:38,İskender,150,65,8,Garson Zeynep
2025-09-13 23:28:38,İskender,150,65,8,Garson Ali
2025-09-13 17:16:38,Su,10,2,1,Garson Ali
2025-09-13 13:54:38,Kola,25,15,1,Garson Ayşe
2025-09-13 20:16:38,Mercimek,40,12,3,Garson Ali
2025-09-13 23:26:38,Beyti,160,70,9,Garson Mehmet
2025-09-13 18:42:38,Beyti,160,70,9,Garson Ali
2025-09-13 14:07:38,İskender,150,65,8,Garson Mehmet
2025-09-13 13:35:38,Beyti,160,70,9,Garson Ali
2025-09-13 13:34:38,Künefe,80,35,5,Garson Ali
2025-09-13 11:19:38,Künefe,80,35,5,Garson Ayşe
2025-09-13 14:56:38,Beyti,160,70,9,Garson Ayşe
2025-09-13 19:55:38,Su,10,2,1,Garson Ayşe
2025-09-13 15:28:38,Beyti,160,70,9,Garson Ali
2025-09-13 22:43:38,Künefe,80,35,5,Garson Ali
2025-09-13 16:25:38,İskender,150,65,8,Garson Ali
2025-09-13 22:39:38,Ezogelin,40,12,3,Garson Ali
2025-09-13 22:29:38,Beyti,160,70,9,Garson Mehmet
2025-09-13 18:53:38,Ayran,15,4,1,Garson Ali
2025-09-13 14:43:38,Mercimek,40,12,3,Garson Ali
2025-09-13 19:45:38,Su,10,2,1,Garson Ayşe
2025-09-13 11:11:38,Su,10,2,1,Garson Ali
2025-09-13 11:55:38,İskender,150,65,8,Garson Ali
2025-09-13 19:45:38,Künefe,80,35,5,Garson Ali
2025-09-13 13:53:38,Su,10,2,1,Garson Ali
2025-09-13 16:39:38,Kola,25,15,1,Garson Mehmet
2025-09-13 21:24:38,Beyti,160,70,9,Garson Mehmet
2025-09-13 11:03:38,Künefe,80,35,5,Garson Mehmet
2025-09-13 19:08:38,Beyti,160,70,9,Garson Ali
2025-09-13 11:46:38,Beyti,160,70,9,Garson Ali
2025-09-13 18:28:38,Beyti,160,70,9,Garson Ayşe
2025-09-13 18:03:38,Su,10,2,1,Garson Ali
2025-09-13 16:04:38,Su,10,2,1,Garson Ali
2025-09-13 18:37:38,Künefe,80,35,5,Garson Mehmet
2025-09-13 23:53:38,Su,10,2,1,Garson Ali
2025-09-13 20:37:38,Su,10,2,1,Garson Ali
2025-09-13 23:00:38,İskender,150,65,8,Garson Ali
2025-09-13 12:33:38,İskender,150,65,8,Garson Ali
2025-09-13 12:36:38,Ayran,15,4,1,Garson Ali
2025-09-13 18:42:38,Beyti,160,70,9,Garson Mehmet
2025-09-13 15:32:38,Künefe,80,35,5,Garson Ali
2025-09-13 16:42:38,İskender,150,65,8,Garson Ali
2025-09-13 14:57:38,İskender,150,65,8,Garson Mehmet
2025-09-13 16:01:38,Beyti,160,70,9,Garson Ali
2025-09-13 20:47:38,Künefe,80,35,5,Garson Ayşe
2025-09-13 19:40:38,Kola,25,15,1,Garson Ali
2025-09-13 14:59:38,Su,10,2,1,Garson Mehmet
2025-09-13 15:23:38,Kola,25,15,1,Garson Ali
2025-09-13 19:54:38,Beyti,160,70,9,Garson Ali
2025-09-13 15:11:38,Su,10,2,1,Garson Ayşe
2025-09-13 19:34:38,Kola,25,15,1,Garson Zeynep
2025-09-13 11:40:38,Ayran,15,4,1,Garson Ali
2025-09-13 18:06:38,İskender,150,65,8,Garson Ali
2025-09-13 11:09:38,Su,10,2,1,Garson Ayşe
2025-09-13 11:47:38,Kola,25,15,1,Garson Ali
2025-09-13 21:11:38,Ayran,15,4,1,Garson Ali
2025-09-13 21:53:38,İskender,150,65,8,Garson Ali
2025-09-13 15:10:38,Su,10,2,1,Garson Mehmet
2025-09-13 17:44:38,Su,10,2,1,Garson Ali
2025-09-13 22:03:38,Su,10,2,1,Garson Ayşe
2025-09-13 13:05:38,Ayran,15,4,1,Garson Ali
2025-09-13 12:39:38,Ayran,15,4,1,Garson Ali
2025-09-13 23:32:38,İskender,150,65,8,Garson Ayşe
2025-09-13 19:46:38,Su,10,2,1,Garson Ali
2025-09-13 19:24:38,Su,10,2,1,Garson Zeynep
2025-09-13 18:26:38,Mercimek,40,12,3,Garson Ayşe
2025-09-13 23:40:38,İskender,150,65,8,Garson Ali
2025-09-13 17:57:38,Beyti,160,70,9,Garson Zeynep
2025-09-13 11:39:38,İskender,150,65,8,Garson Ali
2025-09-13 20:44:38,Beyti,160,70,9,Garson Ayşe
2025-09-13 16:56:38,Ezogelin,40,12,3,Garson Ali
2025-09-13 23:43:38,Adana,140,60,7,Garson Ayşe
2025-09-13 15:56:38,Su,10,2,1,Garson Ali
2025-09-13 17:40:38,İskender,150,65,8,Garson Ayşe
2025-09-13 21:28:38,İskender,150,65,8,Garson Ali
2025-09-12 21:13:38,İskender,150,65,8,Garson Ali
2025-09-12 20:35:38,Su,10,2,1,Garson Ayşe
2025-09-12 11:35:38,Su,10,2,1,Garson Ali
2025-09-12 21:34:38,Adana,140,60,7,Garson Ayşe
2025-09-12 12:52:38,Beyti,160,70,9,Garson Mehmet
2025-09-12 12:47:38,Beyti,160,70,9,Garson Ali
2025-09-12 11:21:38,Beyti,160,70,9,Garson Ayşe
2025-09-12 13:19:38,İskender,150,65,8,Garson Ali
2025-09-12 15:27:38,Beyti,160,70,9,Garson Ayşe
2025-09-12 19:36:38,İskender,150,65,8,Garson Ayşe
2025-09-12 12:13:38,Su,10,2,1,Garson Ali
2025-09-12 18:40:38,İskender,150,65,8,Garson Ayşe
2025-09-12 18:39:38,İskender,150,65,8,Garson Ayşe
2025-09-12 16:58:38,Beyti,160,70,9,Garson Ali
2025-09-12 22:48:38,Kola,25,15,1,Garson Ayşe
2025-09-12 12:09:38,Beyti,160,70,9,Garson Ali
2025-09-12 12:18:38,Kola,25,15,1,Garson Ali
2025-09-12 22:04:38,Beyti,160,70,9,Garson Ayşe
2025-09-12 23:31:38,Su,10,2,1,Garson Ayşe
2025-09-12 16:09:38,Su,10,2,1,Garson Ayşe
2025-09-12 14:12:38,Kola,25,15,1,Garson Ayşe
2025-09-12 23:39:38,İskender,150,65,8,Garson Ayşe
2025-09-12 17:35:38,Beyti,160,70,9,Garson Ali
2025-09-12 19:31:38,Kola,25,15,1,Garson Ali
2025-09-12 15:40:38,Su,10,2,1,Garson Ali
2025-09-12 12:19:38,Mercimek,40,12,3,Garson Mehmet
2025-09-12 17:09:38,Mercimek,40,12,3,Garson Mehmet
2025-09-12 19:19:38,Su,10,2,1,Garson Mehmet
2025-09-12 22:40:38,Beyti,160,70,9,Garson Ali
2025-09-12 18:45:38,Adana,140,60,7,Garson Mehmet
2025-09-12 18:59:38,İskender,150,65,8,Garson Ayşe
2025-09-12 17:59:38,İskender,150,65,8,Garson Zeynep
2025-09-12 23:13:38,Su,10,2,1,Garson Ali
2025-09-12 21:43:38,Su,10,2,1,Garson Mehmet
2025-09-11 11:50:38,Beyti,160,70,9,Garson Zeynep
2025-09-11 19:53:38,Kola,25,15,1,Garson Ali
2025-09-11 14:16:38,Beyti,160,70,9,Garson Ali
2025-09-11 11:49:38,Künefe,80,35,5,Garson Ali
2025-09-11 11:44:38,İskender,150,65,8,Garson Ali
2025-09-11 17:51:38,Su,10,2,1,Garson Ali
2025-09-11 22:51:38,Künefe,80,35,5,Garson Ali
2025-09-11 21:52:38,Su,10,2,1,Garson Ali
2025-09-11 22:47:38,Beyti,160,70,9,Garson Ayşe
2025-09-11 15:09:38,Beyti,160,70,9,Garson Ali
2025-09-11 21:50:38,İskender,150,65,8,Garson Ayşe
2025-09-11 12:46:38,Ayran,15,4,1,Garson Ali
2025-09-11 14:58:38,Beyti,160,70,9,Garson Ali
2025-09-11 19:26:38,İskender,150,65,8,Garson Ali
2025-09-11 22:51:38,Adana,140,60,7,Garson Ayşe
2025-09-11 11:47:38,Su,10,2,1,Garson Ali
2025-09-11 21:37:38,Adana,140,60,7,Garson Ali
2025-09-11 18:39:38,Ayran,15,4,1,Garson Ayşe
2025-09-11 23:12:38,Beyti,160,70,9,Garson Ali
2025-09-11 15:37:38,Adana,140,60,7,Garson Mehmet
2025-09-11 11:23:38,Ayran,15,4,1,Garson Ayşe
2025-09-10 17:26:38,Beyti,160,70,9,Garson Ali
2025-09-10 18:50:38,İskender,150,65,8,Garson Ayşe
2025-09-10 15:48:38,Su,10,2,1,Garson Ayşe
2025-09-10 13:12:38,Beyti,160,70,9,Garson Ayşe
2025-09-10 16:54:38,İskender,150,65,8,Garson Ali
2025-09-10 12:33:38,Beyti,160,70,9,Garson Ali
2025-09-10 21:58:38,Mercimek,40,12,3,Garson Ayşe
2025-09-10 12:12:38,Su,10,2,1,Garson Ali
2025-09-10 11:39:38,Su,10,2,1,Garson Ali
2025-09-10 23:28:38,İskender,150,65,8,Garson Ali
2025-09-10 19:14:38,Ayran,15,4,1,Garson Ali
2025-09-10 14:40:38,Kola,25,15,1,Garson Ali
2025-09-10 20:07:38,Kola,25,15,1,Garson Zeynep
2025-09-10 17:29:38,Kola,25,15,1,Garson Ayşe
2025-09-10 13:17:38,Beyti,160,70,9,Garson Ayşe
2025-09-10 19:45:38,Künefe,80,35,5,Garson Ali
2025-09-10 14:05:38,Su,10,2,1,Garson Mehmet
2025-09-10 16:52:38,Beyti,160,70,9,Garson Ayşe
2025-09-10 12:38:38,Kola,25,15,1,Garson Mehmet
2025-09-10 17:06:38,Ayran,15,4,1,Garson Mehmet
2025-09-10 12:38:38,Su,10,2,1,Garson Ayşe
2025-09-10 18:15:38,Adana,140,60,7,Garson Mehmet
2025-09-10 20:59:38,Su,10,2,1,Garson Mehmet
2025-09-10 13:51:38,İskender,150,65,8,Garson Ali
2025-09-10 18:07:38,Kola,25,15,1,Garson Ali
2025-09-10 19:45:38,Kola,25,15,1,Garson Ali
2025-09-10 19:51:38,Kola,25,15,1,Garson Ali
2025-09-10 18:56:38,Adana,140,60,7,Garson Mehmet
2025-09-10 14:20:38,Beyti,160,70,9,Garson Ayşe
2025-09-10 17:25:38,Ayran,15,4,1,Garson Mehmet
2025-09-10 18:05:38,İskender,150,65,8,Garson Mehmet
2025-09-10 23:44:38,Künefe,80,35,5,Garson Ali
2025-09-10 22:25:38,Beyti,160,70,9,Garson Ayşe
2025-09-10 20:04:38,Ayran,15,4,1,Garson Ayşe
2025-09-10 13:27:38,İskender,150,65,8,Garson Ali
2025-09-09 11:25:38,Su,10,2,1,Garson Ali
2025-09-09 13:56:38,Künefe,80,35,5,Garson Ali
2025-09-09 16:05:38,Ayran,15,4,1,Garson Ayşe
2025-09-09 22:43:38,İskender,150,65,8,Garson Mehmet
2025-09-09 12:51:38,Adana,140,60,7,Garson Ayşe
2025-09-09 20:41:38,Su,10,2,1,Garson Mehmet
2025-09-09 11:19:38,Su,10,2,1,Garson Ali
2025-09-09 13:30:38,Su,10,2,1,Garson Ali
2025-09-09 23:48:38,Adana,140,60,7,Garson Ali
2025-09-09 16:49:38,Su,10,2,1,Garson Ali
2025-09-09 21:38:38,Su,10,2,1,Garson Ali
2025-09-09 16:17:38,Su,10,2,1,Garson Ali
2025-09-09 23:27:38,Ezogelin,40,12,3,Garson Mehmet
2025-09-09 22:40:38,Beyti,160,70,9,Garson Zeynep
2025-09-09 14:27:38,İskender,150,65,8,Garson Ayşe
2025-09-09 15:44:38,Su,10,2,1,Garson Mehmet
2025-09-09 17:45:38,Kola,25,15,1,Garson Ali
2025-09-09 14:31:38,İskender,150,65,8,Garson Ali
2025-09-09 16:59:38,Kola,25,15,1,Garson Mehmet
2025-09-09 13:39:38,İskender,150,65,8,Garson Ali
2025-09-09 19:26:38,Su,10,2,1,Garson Ali
2025-09-09 15:53:38,Su,10,2,1,Garson Ayşe
2025-09-09 22:27:38,Beyti,160,70,9,Garson Ayşe
2025-09-09 19:32:38,Su,10,2,1,Garson Ali
2025-09-09 21:41:38,Beyti,160,70,9,Garson Ali
2025-09-09 17:57:38,İskender,150,65,8,Garson Ayşe
2025-09-09 18:20:38,İskender,150,65,8,Garson Ayşe
2025-09-09 14:48:38,Ayran,15,4,1,Garson Zeynep
2025-09-09 17:11:38,Künefe,80,35,5,Garson Ayşe
2025-09-09 18:32:38,Su,10,2,1,Garson Ali
2025-09-09 17:13:38,İskender,150,65,8,Garson Ayşe
2025-09-09 11:55:38,Adana,140,60,7,Garson Mehmet
2025-09-09 21:01:38,Beyti,160,70,9,Garson Ayşe
2025-09-09 12:32:38,İskender,150,65,8,Garson Ayşe
2025-09-09 18:12:38,Su,10,2,1,Garson Ayşe
2025-09-09 22:30:38,İskender,150,65,8,Garson Ayşe
2025-09-09 16:55:38,Kola,25,15,1,Garson Ali
2025-09-09 18:23:38,Künefe,80,35,5,Garson Ayşe
2025-09-09 17:32:38,İskender,150,65,8,Garson Ali
2025-09-08 22:48:38,Ayran,15,4,1,Garson Ali
2025-09-08 16:46:38,İskender,150,65,8,Garson Ali
2025-09-08 23:43:38,İskender,150,65,8,Garson Ali
2025-09-08 19:39:38,İskender,150,65,8,Garson Ali
2025-09-08 21:49:38,Gavurdağı,60,20,3,Garson Ayşe
2025-09-08 21:23:38,Beyti,160,70,9,Garson Mehmet
2025-09-08 14:42:38,Kola,25,15,1,Garson Ali
2025-09-08 18:18:38,Beyti,160,70,9,Garson Ali
2025-09-08 13:54:38,Kola,25,15,1,Garson Ayşe
2025-09-08 11:30:38,Su,10,2,1,Garson Ali
2025-09-08 18:16:38,Adana,140,60,7,Garson Ali
2025-09-08 17:11:38,Beyti,160,70,9,Garson Ali
2025-09-08 15:04:38,Mercimek,40,12,3,Garson Zeynep
2025-09-08 21:11:38,Künefe,80,35,5,Garson Ali
2025-09-08 22:24:38,Mercimek,40,12,3,Garson Ali
2025-09-08 22:57:38,Beyti,160,70,9,Garson Ali
2025-09-08 17:05:38,Su,10,2,1,Garson Ali
2025-09-08 22:37:38,Beyti,160,70,9,Garson Ayşe
2025-09-08 15:30:38,İskender,150,65,8,Garson Mehmet
2025-09-08 21:02:38,Su,10,2,1,Garson Ali
2025-09-08 19:42:38,Beyti,160,70,9,Garson Ayşe
2025-09-08 20:34:38,Adana,140,60,7,Garson Ali
2025-09-08 17:02:38,Adana,140,60,7,Garson Ayşe
2025-09-08 15:51:38,İskender,150,65,8,Garson Ali
2025-09-08 12:51:38,Su,10,2,1,Garson Ali
2025-09-08 21:42:38,Ezogelin,40,12,3,Garson Ali
2025-09-08 14:17:38,Adana,140,60,7,Garson Ayşe
2025-09-08 13:38:38,Adana,140,60,7,Garson Ali
2025-09-08 13:49:38,Kola,25,15,1,Garson Zeynep
2025-09-08 15:39:38,Kola,25,15,1,Garson Ali
2025-09-08 19:55:38,Beyti,160,70,9,Garson Zeynep
2025-09-08 11:56:38,Adana,140,60,7,Garson Ali
2025-09-08 15:30:38,Beyti,160,70,9,Garson Ali
2025-09-08 22:15:38,Su,10,2,1,Garson Ali
2025-09-08 12:48:38,Su,10,2,1,Garson Ali
2025-09-08 23:09:38,İskender,150,65,8,Garson Ali
2025-09-08 19:53:38,Künefe,80,35,5,Garson Ayşe
2025-09-08 17:46:38,Adana,140,60,7,Garson Mehmet
2025-09-08 18:17:38,Su,10,2,1,Garson Ali
2025-09-08 16:20:38,Adana,140,60,7,Garson Ayşe
2025-09-07 15:14:38,Adana,140,60,7,Garson Ayşe
2025-09-07 15:13:38,Ayran,15,4,1,Garson Ali
2025-09-07 17:57:38,İskender,150,65,8,Garson Ali
2025-09-07 13:36:38,Ezogelin,40,12,3,Garson Ali
2025-09-07 11:21:38,Künefe,80,35,5,Garson Ali
2025-09-07 23:08:38,Adana,140,60,7,Garson Ayşe
2025-09-07 12:05:38,Mercimek,40,12,3,Garson Ayşe
2025-09-07 18:28:38,Künefe,80,35,5,Garson Zeynep
2025-09-07 14:22:38,Su,10,2,1,Garson Ayşe
2025-09-07 13:31:38,İskender,150,65,8,Garson Mehmet
2025-09-07 15:04:38,İskender,150,65,8,Garson Zeynep
2025-09-07 18:33:38,Su,10,2,1,Garson Ayşe
2025-09-07 23:28:38,İskender,150,65,8,Garson Ali
2025-09-07 14:33:38,Adana,140,60,7,Garson Ali
2025-09-07 17:57:38,Su,10,2,1,Garson Zeynep
2025-09-07 14:03:38,Kola,25,15,1,Garson Ali
2025-09-07 15:51:38,Beyti,160,70,9,Garson Ali
2025-09-07 20:18:38,Beyti,160,70,9,Garson Ayşe
2025-09-07 16:00:38,Su,10,2,1,Garson Ali
2025-09-07 21:43:38,Künefe,80,35,5,Garson Ayşe
2025-09-07 11:54:38,İskender,150,65,8,Garson Ali
2025-09-07 14:23:38,İskender,150,65,8,Garson Ayşe
2025-09-07 11:38:38,Adana,140,60,7,Garson Ali
2025-09-07 21:28:38,Kola,25,15,1,Garson Ayşe
2025-09-07 21:50:38,Mercimek,40,12,3,Garson Mehmet
2025-09-07 21:47:38,Mercimek,40,12,3,Garson Mehmet
2025-09-07 12:02:38,Su,10,2,1,Garson Ayşe
2025-09-07 15:55:38,Beyti,160,70,9,Garson Ayşe
2025-09-07 19:51:38,Künefe,80,35,5,Garson Ali
2025-09-07 20:57:38,İskender,150,65,8,Garson Mehmet
2025-09-07 21:27:38,Su,10,2,1,Garson Ali
2025-09-07 20:37:38,Ezogelin,40,12,3,Garson Ayşe
2025-09-07 20:18:38,Beyti,160,70,9,Garson Ayşe
2025-09-07 18:11:38,Su,10,2,1,Garson Ayşe
2025-09-07 15:49:38,İskender,150,65,8,Garson Ali
2025-09-07 16:21:38,Su,10,2,1,Garson Ali
2025-09-07 12:28:38,Beyti,160,70,9,Garson Ayşe
2025-09-07 21:37:38,Su,10,2,1,Garson Ali
2025-09-07 11:47:38,İskender,150,65,8,Garson Ayşe
2025-09-07 14:14:38,Kola,25,15,1,Garson Ali
2025-09-07 15:49:38,Kola,25,15,1,Garson Mehmet
2025-09-07 18:18:38,Su,10,2,1,Garson Ali
2025-09-07 14:19:38,Künefe,80,35,5,Garson Mehmet
2025-09-07 14:59:38,Su,10,2,1,Garson Ali
2025-09-07 13:01:38,Künefe,80,35,5,Garson Ayşe
2025-09-07 23:43:38,İskender,150,65,8,Garson Ayşe
2025-09-07 14:35:38,İskender,150,65,8,Garson Ayşe
2025-09-07 23:48:38,Su,10,2,1,Garson Ayşe
2025-09-07 13:41:38,Beyti,160,70,9,Garson Ali
2025-09-07 21:19:38,İskender,150,65,8,Garson Ali
2025-09-07 23:35:38,Kola,25,15,1,Garson Ali
2025-09-07 13:22:38,Beyti,160,70,9,Garson Ali
2025-09-07 20:59:38,Beyti,160,70,9,Garson Ali
2025-09-07 22:40:38,Su,10,2,1,Garson Ali
2025-09-07 16:09:38,Beyti,160,70,9,Garson Ayşe
2025-09-07 21:50:38,Su,10,2,1,Garson Ali
2025-09-07 20:12:38,İskender,150,65,8,Garson Ayşe
2025-09-07 18:09:38,Su,10,2,1,Garson Ali
2025-09-07 20:08:38,Su,10,2,1,Garson Ayşe
2025-09-07 12:38:38,Su,10,2,1,Garson Ayşe
2025-09-07 22:46:38,Künefe,80,35,5,Garson Ayşe
2025-09-07 20:58:38,Beyti,160,70,9,Garson Ayşe
2025-09-07 21:49:38,Ayran,15,4,1,Garson Ali
2025-09-07 12:33:38,Kola,25,15,1,Garson Ali
2025-09-07 23:40:38,İskender,150,65,8,Garson Mehmet
2025-09-07 23:59:38,Ezogelin,40,12,3,Garson Ayşe
2025-09-07 20:47:38,Künefe,80,35,5,Garson Ayşe
2025-09-07 12:25:38,İskender,150,65,8,Garson Ayşe
2025-09-07 13:28:38,Mercimek,40,12,3,Garson Ali
2025-09-07 22:01:38,İskender,150,65,8,Garson Mehmet
2025-09-07 23:54:38,Künefe,80,35,5,Garson Ali
2025-09-07 15:02:38,Su,10,2,1,Garson Zeynep
2025-09-07 14:00:38,Su,10,2,1,Garson Ayşe
2025-09-07 21:41:38,İskender,150,65,8,Garson Ayşe
2025-09-07 12:05:38,Su,10,2,1,Garson Ali
2025-09-07 23:07:38,Kola,25,15,1,Garson Ayşe
2025-09-07 15:14:38,Su,10,2,1,Garson Ali
2025-09-07 19:55:38,Su,10,2,1,Garson Ali
2025-09-07 22:24:38,Kola,25,15,1,Garson Ali
2025-09-07 16:00:38,Beyti,160,70,9,Garson Ayşe
2025-09-07 14:46:38,İskender,150,65,8,Garson Ayşe
2025-09-07 13:56:38,İskender,150,65,8,Garson Ali
2025-09-07 13:50:38,Su,10,2,1,Garson Mehmet
2025-09-07 17:12:38,Su,10,2,1,Garson Ayşe
2025-09-07 11:15:38,İskender,150,65,8,Garson Ali
2025-09-07 22:52:38,Künefe,80,35,5,Garson Ali
2025-09-07 14:35:38,Ayran,15,4,1,Garson Ayşe
2025-09-07 23:30:38,Adana,140,60,7,Garson Ali
2025-09-06 21:04:38,Kola,25,15,1,Garson Ali
2025-09-06 21:49:38,Su,10,2,1,Garson Ali
2025-09-06 18:49:38,Mercimek,40,12,3,Garson Ali
2025-09-06 21:17:38,Künefe,80,35,5,Garson Ayşe
2025-09-06 17:33:38,Kola,25,15,1,Garson Ali
2025-09-06 18:48:38,Beyti,160,70,9,Garson Ayşe
2025-09-06 22:19:38,İskender,150,65,8,Garson Mehmet
2025-09-06 17:53:38,İskender,150,65,8,Garson Ali
2025-09-06 15:39:38,Künefe,80,35,5,Garson Ayşe
2025-09-06 14:49:38,Beyti,160,70,9,Garson Ayşe
2025-09-06 20:28:38,Beyti,160,70,9,Garson Ayşe
2025-09-06 21:45:38,Su,10,2,1,Garson Ali
2025-09-06 21:46:38,Beyti,160,70,9,Garson Zeynep
2025-09-06 16:44:38,İskender,150,65,8,Garson Zeynep
2025-09-06 20:35:38,Künefe,80,35,5,Garson Ayşe
2025-09-06 15:26:38,Su,10,2,1,Garson Ayşe
2025-09-06 23:44:38,Beyti,160,70,9,Garson Ayşe
2025-09-06 23:38:38,Künefe,80,35,5,Garson Ayşe
2025-09-06 15:35:38,Beyti,160,70,9,Garson Mehmet
2025-09-06 18:16:38,Kola,25,15,1,Garson Zeynep
2025-09-06 22:38:38,İskender,150,65,8,Garson Ali
2025-09-06 14:42:38,Beyti,160,70,9,Garson Mehmet
2025-09-06 17:15:38,Ezogelin,40,12,3,Garson Ayşe
2025-09-06 16:10:38,Su,10,2,1,Garson Ali
2025-09-06 18:19:38,Su,10,2,1,Garson Ayşe
2025-09-06 23:54:38,Ayran,15,4,1,Garson Mehmet
2025-09-06 13:03:38,Su,10,2,1,Garson Ali
2025-09-06 17:58:38,Su,10,2,1,Garson Ali
2025-09-06 15:28:38,Su,10,2,1,Garson Ali
2025-09-06 15:15:38,Adana,140,60,7,Garson Mehmet
2025-09-06 16:11:38,Adana,140,60,7,Garson Mehmet
2025-09-06 20:02:38,Kola,25,15,1,Garson Ayşe
2025-09-06 11:11:38,İskender,150,65,8,Garson Ali
2025-09-06 16:57:38,Kola,25,15,1,Garson Ayşe
2025-09-06 13:13:38,Künefe,80,35,5,Garson Ali
2025-09-06 16:23:38,Beyti,160,70,9,Garson Ayşe
2025-09-06 11:23:38,Kola,25,15,1,Garson Mehmet
2025-09-06 19:02:38,İskender,150,65,8,Garson Ali
2025-09-06 23:02:38,Ezogelin,40,12,3,Garson Ayşe
2025-09-06 13:38:38,Künefe,80,35,5,Garson Ayşe
2025-09-06 13:34:38,Mercimek,40,12,3,Garson Ali
2025-09-06 23:54:38,Beyti,160,70,9,Garson Ali
2025-09-06 13:38:38,Ayran,15,4,1,Garson Ali
2025-09-06 15:44:38,Adana,140,60,7,Garson Ayşe
2025-09-06 14:51:38,İskender,150,65,8,Garson Ali
2025-09-06 11:12:38,Beyti,160,70,9,Garson Ayşe
2025-09-06 12:18:38,Su,10,2,1,Garson Ali
2025-09-06 14:26:38,İskender,150,65,8,Garson Ali
2025-09-06 11:40:38,Kola,25,15,1,Garson Ali
2025-09-06 22:18:38,İskender,150,65,8,Garson Ali
2025-09-06 17:43:38,Beyti,160,70,9,Garson Ayşe
2025-09-06 23:35:38,Su,10,2,1,Garson Ayşe
2025-09-06 12:43:38,Ezogelin,40,12,3,Garson Ali
2025-09-06 19:15:38,Beyti,160,70,9,Garson Ayşe
2025-09-06 23:24:38,Su,10,2,1,Garson Ali
2025-09-06 13:10:38,İskender,150,65,8,Garson Zeynep
2025-09-06 13:37:38,Beyti,160,70,9,Garson Ali
2025-09-06 21:05:38,Su,10,2,1,Garson Mehmet
2025-09-06 18:10:38,Beyti,160,70,9,Garson Ali
2025-09-06 22:00:38,Ezogelin,40,12,3,Garson Ali
2025-09-06 19:16:38,Beyti,160,70,9,Garson Mehmet
2025-09-06 11:00:38,Beyti,160,70,9,Garson Ali
2025-09-06 13:16:38,İskender,150,65,8,Garson Ali
2025-09-06 14:35:38,Beyti,160,70,9,Garson Ali
2025-09-06 20:42:38,Beyti,160,70,9,Garson Ali
2025-09-06 19:52:38,Beyti,160,70,9,Garson Zeynep
2025-09-06 23:26:38,Beyti,160,70,9,Garson Ali
2025-09-06 17:16:38,Künefe,80,35,5,Garson Mehmet
2025-09-06 13:02:38,Künefe,80,35,5,Garson Ali
2025-09-06 15:56:38,Ayran,15,4,1,Garson Ali
2025-09-05 22:20:38,Su,10,2,1,Garson Ali
2025-09-05 20:22:38,Su,10,2,1,Garson Ayşe
2025-09-05 16:18:38,İskender,150,65,8,Garson Ayşe
2025-09-05 23:13:38,İskender,150,65,8,Garson Ayşe
2025-09-05 13:35:38,Kola,25,15,1,Garson Mehmet
2025-09-05 23:08:38,Adana,140,60,7,Garson Ali
2025-09-05 17:49:38,Su,10,2,1,Garson Ali
2025-09-05 13:13:38,Künefe,80,35,5,Garson Ayşe
2025-09-05 21:08:38,Su,10,2,1,Garson Ali
2025-09-05 21:18:38,Beyti,160,70,9,Garson Ali
2025-09-05 14:41:38,İskender,150,65,8,Garson Ali
2025-09-05 17:46:38,Su,10,2,1,Garson Mehmet
2025-09-05 21:18:38,Ayran,15,4,1,Garson Ayşe
2025-09-05 23:18:38,Beyti,160,70,9,Garson Ali
2025-09-05 23:49:38,Beyti,160,70,9,Garson Ali
2025-09-05 22:12:38,Kola,25,15,1,Garson Ali
2025-09-05 16:01:38,Su,10,2,1,Garson Ayşe
2025-09-05 18:05:38,Beyti,160,70,9,Garson Ali
2025-09-05 12:10:38,Su,10,2,1,Garson Ali
2025-09-05 21:58:38,Beyti,160,70,9,Garson Ayşe
2025-09-05 11:58:38,Beyti,160,70,9,Garson Mehmet
2025-09-05 16:56:38,Adana,140,60,7,Garson Ali
2025-09-05 21:38:38,Ayran,15,4,1,Garson Ali
2025-09-05 19:38:38,Mercimek,40,12,3,Garson Ali
2025-09-05 16:59:38,Ayran,15,4,1,Garson Ali
2025-09-05 23:42:38,Beyti,160,70,9,Garson Ayşe
2025-09-05 15:10:38,Beyti,160,70,9,Garson Ali
2025-09-05 15:02:38,İskender,150,65,8,Garson Ayşe
2025-09-05 13:42:38,Su,10,2,1,Garson Ali
2025-09-04 23:23:38,Beyti,160,70,9,Garson Ayşe
2025-09-04 16:18:38,Kola,25,15,1,Garson Ayşe
2025-09-04 22:51:38,İskender,150,65,8,Garson Ayşe
2025-09-04 20:17:38,Su,10,2,1,Garson Ali
2025-09-04 19:06:38,Su,10,2,1,Garson Ali
2025-09-04 19:07:38,Su,10,2,1,Garson Ali
2025-09-04 20:03:38,Beyti,160,70,9,Garson Ali
2025-09-04 11:40:38,İskender,150,65,8,Garson Zeynep
2025-09-04 21:29:38,Künefe,80,35,5,Garson Ali
2025-09-04 20:32:38,Su,10,2,1,Garson Ali
2025-09-04 16:50:38,Su,10,2,1,Garson Zeynep
2025-09-04 20:35:38,Ayran,15,4,1,Garson Ali
2025-09-04 11:40:38,Beyti,160,70,9,Garson Ayşe
2025-09-04 23:21:38,Su,10,2,1,Garson Ayşe
2025-09-04 16:34:38,Su,10,2,1,Garson Ayşe
2025-09-04 20:38:38,Mercimek,40,12,3,Garson Ali
2025-09-04 16:34:38,Su,10,2,1,Garson Ayşe
2025-09-04 19:08:38,Adana,140,60,7,Garson Ayşe
2025-09-04 19:12:38,Künefe,80,35,5,Garson Mehmet
2025-09-04 13:57:38,Beyti,160,70,9,Garson Zeynep
2025-09-04 18:06:38,Su,10,2,1,Garson Ayşe
2025-09-04 21:34:38,Su,10,2,1,Garson Ali
2025-09-04 13:53:38,İskender,150,65,8,Garson Ali
2025-09-04 15:42:38,Su,10,2,1,Garson Ali
2025-09-04 21:48:38,Kola,25,15,1,Garson Ali
2025-09-04 14:03:38,Ayran,15,4,1,Garson Ayşe
2025-09-04 20:46:38,Adana,140,60,7,Garson Ali
2025-09-03 14:26:38,Beyti,160,70,9,Garson Ayşe
2025-09-03 17:28:38,İskender,150,65,8,Garson Ali
2025-09-03 19:47:38,İskender,150,65,8,Garson Ayşe
2025-09-03 17:27:38,İskender,150,65,8,Garson Ali
2025-09-03 19:26:38,İskender,150,65,8,Garson Ali
2025-09-03 18:37:38,Su,10,2,1,Garson Mehmet
2025-09-03 22:59:38,Beyti,160,70,9,Garson Ali
2025-09-03 15:39:38,Su,10,2,1,Garson Ayşe
2025-09-03 22:39:38,Su,10,2,1,Garson Ali
2025-09-03 15:27:38,Su,10,2,1,Garson Mehmet
2025-09-03 16:14:38,Beyti,160,70,9,Garson Ayşe
2025-09-03 13:47:38,İskender,150,65,8,Garson Ali
2025-09-03 19:12:38,Su,10,2,1,Garson Zeynep
2025-09-03 14:18:38,Beyti,160,70,9,Garson Zeynep
2025-09-03 13:25:38,İskender,150,65,8,Garson Ali
2025-09-03 22:46:38,Künefe,80,35,5,Garson Ali
2025-09-03 12:40:38,Beyti,160,70,9,Garson Ali
2025-09-03 17:36:38,Adana,140,60,7,Garson Ayşe
2025-09-03 19:33:38,Künefe,80,35,5,Garson Ali
2025-09-03 20:46:38,Su,10,2,1,Garson Ali
2025-09-03 23:16:38,Ezogelin,40,12,3,Garson Ali
2025-09-02 19:39:38,Beyti,160,70,9,Garson Ali
2025-09-02 15:31:38,Beyti,160,70,9,Garson Ali
2025-09-02 11:59:38,Künefe,80,35,5,Garson Ali
2025-09-02 20:40:38,Beyti,160,70,9,Garson Ayşe
2025-09-02 18:48:38,Mercimek,40,12,3,Garson Ali
2025-09-02 13:03:38,İskender,150,65,8,Garson Ali
2025-09-02 11:51:38,İskender,150,65,8,Garson Ayşe
2025-09-02 22:40:38,Beyti,160,70,9,Garson Ayşe
2025-09-02 16:53:38,İskender,150,65,8,Garson Ali
2025-09-02 20:11:38,Ayran,15,4,1,Garson Ayşe
2025-09-02 16:17:38,İskender,150,65,8,Garson Ayşe
2025-09-02 22:23:38,Mercimek,40,12,3,Garson Ali
2025-09-02 18:05:38,Kola,25,15,1,Garson Ayşe
2025-09-02 19:40:38,Su,10,2,1,Garson Ali
2025-09-02 16:44:38,İskender,150,65,8,Garson Ayşe
2025-09-02 22:17:38,İskender,150,65,8,Garson Ayşe
2025-09-02 16:51:38,Ezogelin,40,12,3,Garson Ayşe
2025-09-02 16:36:38,İskender,150,65,8,Garson Ali
2025-09-02 17:07:38,Mercimek,40,12,3,Garson Ali
2025-09-02 11:42:38,Beyti,160,70,9,Garson Ali
2025-09-02 16:44:38,Su,10,2,1,Garson Ali
2025-09-02 14:44:38,Beyti,160,70,9,Garson Ayşe
2025-09-02 17:07:38,İskender,150,65,8,Garson Ayşe
2025-09-02 11:31:38,Kola,25,15,1,Garson Ayşe
2025-09-02 22:26:38,İskender,150,65,8,Garson Ali
2025-09-02 14:06:38,Su,10,2,1,Garson Ali
2025-09-02 11:24:38,Beyti,160,70,9,Garson Ayşe
2025-09-02 12:56:38,Ayran,15,4,1,Garson Ayşe
2025-09-02 11:28:38,Su,10,2,1,Garson Ali
2025-09-02 16:37:38,Kola,25,15,1,Garson Ayşe
2025-09-02 23:35:38,Kola,25,15,1,Garson Ali
2025-09-02 15:12:38,Beyti,160,70,9,Garson Ali
2025-09-02 13:02:38,Adana,140,60,7,Garson Ayşe
2025-09-02 19:23:38,Künefe,80,35,5,Garson Ali
2025-09-02 21:18:38,Adana,140,60,7,Garson Ali
2025-09-02 21:17:38,Beyti,160,70,9,Garson Ali
2025-09-02 20:19:38,İskender,150,65,8,Garson Ayşe
2025-09-02 20:18:38,İskender,150,65,8,Garson Ayşe
2025-09-02 22:56:38,Ezogelin,40,12,3,Garson Ali
2025-09-01 12:45:38,Kola,25,15,1,Garson Zeynep
2025-09-01 17:54:38,Su,10,2,1,Garson Ali
2025-09-01 19:27:38,Kola,25,15,1,Garson Mehmet
2025-09-01 20:05:38,Su,10,2,1,Garson Ali
2025-09-01 16:00:38,Mercimek,40,12,3,Garson Ali
2025-09-01 17:41:38,Beyti,160,70,9,Garson Ayşe
2025-09-01 23:37:38,Beyti,160,70,9,Garson Ali
2025-09-01 23:32:38,İskender,150,65,8,Garson Ali
2025-09-01 18:57:38,İskender,150,65,8,Garson Ayşe
2025-09-01 17:59:38,Ezogelin,40,12,3,Garson Ayşe
2025-09-01 15:03:38,Su,10,2,1,Garson Mehmet
2025-09-01 17:11:38,Künefe,80,35,5,Garson Ali
2025-09-01 18:00:38,Künefe,80,35,5,Garson Ayşe
2025-09-01 23:27:38,Beyti,160,70,9,Garson Mehmet
2025-09-01 13:28:38,Kola,25,15,1,Garson Ali
2025-09-01 14:42:38,Künefe,80,35,5,Garson Ali
2025-09-01 11:23:38,İskender,150,65,8,Garson Ali
2025-09-01 19:35:38,Beyti,160,70,9,Garson Ali
2025-09-01 11:52:38,Ezogelin,40,12,3,Garson Ayşe
2025-09-01 12:20:38,Su,10,2,1,Garson Ali
2025-08-31 17:02:38,Mercimek,40,12,3,Garson Ali
2025-08-31 18:04:38,Kola,25,15,1,Garson Ali
2025-08-31 20:50:38,Su,10,2,1,Garson Ayşe
2025-08-31 17:56:38,Ayran,15,4,1,Garson Mehmet
2025-08-31 17:11:38,Adana,140,60,7,Garson Ayşe
2025-08-31 17:55:38,Su,10,2,1,Garson Ayşe
2025-08-31 19:21:38,Ayran,15,4,1,Garson Ali
2025-08-31 12:06:38,Beyti,160,70,9,Garson Ali
2025-08-31 12:09:38,Beyti,160,70,9,Garson Ali
2025-08-31 22:24:38,İskender,150,65,8,Garson Ali
2025-08-31 17:38:38,İskender,150,65,8,Garson Ali
2025-08-31 19:10:38,Su,10,2,1,Garson Ali
2025-08-31 14:13:38,İskender,150,65,8,Garson Ali
2025-08-31 23:33:38,İskender,150,65,8,Garson Ali
2025-08-31 12:41:38,Su,10,2,1,Garson Ali
2025-08-31 20:42:38,Adana,140,60,7,Garson Ayşe
2025-08-31 20:42:38,Beyti,160,70,9,Garson Zeynep
2025-08-31 17:09:38,Kola,25,15,1,Garson Ali
2025-08-31 12:21:38,İskender,150,65,8,Garson Ayşe
2025-08-31 22:53:38,Beyti,160,70,9,Garson Mehmet
2025-08-31 22:18:38,Beyti,160,70,9,Garson Mehmet
2025-08-31 13:22:38,Su,10,2,1,Garson Mehmet
2025-08-31 11:55:38,Beyti,160,70,9,Garson Ayşe
2025-08-31 13:54:38,Ezogelin,40,12,3,Garson Ali
2025-08-31 22:39:38,Adana,140,60,7,Garson Ayşe
2025-08-31 13:49:38,Kola,25,15,1,Garson Ali
2025-08-31 11:28:38,Beyti,160,70,9,Garson Ali
2025-08-31 12:03:38,Su,10,2,1,Garson Ayşe
2025-08-31 19:45:38,Kola,25,15,1,Garson Ali
2025-08-31 23:38:38,Mercimek,40,12,3,Garson Ali
2025-08-31 19:03:38,Kola,25,15,1,Garson Ali
2025-08-31 17:30:38,İskender,150,65,8,Garson Ali
2025-08-31 17:54:38,İskender,150,65,8,Garson Ayşe
2025-08-31 13:40:38,Su,10,2,1,Garson Ayşe
2025-08-31 12:36:38,İskender,150,65,8,Garson Mehmet
2025-08-31 21:25:38,Beyti,160,70,9,Garson Ali
2025-08-31 18:09:38,Su,10,2,1,Garson Ali
2025-08-31 14:48:38,Adana,140,60,7,Garson Ali
2025-08-31 20:02:38,Künefe,80,35,5,Garson Ali
2025-08-31 20:24:38,Beyti,160,70,9,Garson Ali
2025-08-31 17:41:38,Kola,25,15,1,Garson Mehmet
2025-08-31 16:21:38,Ayran,15,4,1,Garson Ayşe
2025-08-31 18:48:38,Beyti,160,70,9,Garson Zeynep
2025-08-31 22:08:38,İskender,150,65,8,Garson Ali
2025-08-31 21:25:38,İskender,150,65,8,Garson Ayşe
2025-08-31 16:51:38,İskender,150,65,8,Garson Ali
2025-08-31 19:05:38,Su,10,2,1,Garson Ayşe
2025-08-31 23:28:38,Mercimek,40,12,3,Garson Ali
2025-08-31 15:42:38,Beyti,160,70,9,Garson Ali
2025-08-31 11:27:38,Künefe,80,35,5,Garson Ayşe
2025-08-31 16:45:38,Beyti,160,70,9,Garson Ali
2025-08-31 15:42:38,Beyti,160,70,9,Garson Ali
2025-08-31 23:20:38,Ayran,15,4,1,Garson Ayşe
2025-08-31 17:40:38,Kola,25,15,1,Garson Ali
2025-08-31 19:45:38,Kola,25,15,1,Garson Ali
2025-08-31 20:31:38,Beyti,160,70,9,Garson Ali
2025-08-31 17:18:38,Künefe,80,35,5,Garson Mehmet
2025-08-31 22:35:38,Ayran,15,4,1,Garson Ayşe
2025-08-30 12:04:38,Ayran,15,4,1,Garson Ali
2025-08-30 11:37:38,Su,10,2,1,Garson Ali
2025-08-30 21:24:38,Beyti,160,70,9,Garson Ali
2025-08-30 23:13:38,Su,10,2,1,Garson Ayşe
2025-08-30 23:23:38,Su,10,2,1,Garson Ayşe
2025-08-30 14:27:38,Beyti,160,70,9,Garson Ayşe
2025-08-30 12:24:38,Ayran,15,4,1,Garson Ali
2025-08-30 15:54:38,Mercimek,40,12,3,Garson Ali
2025-08-30 15:01:38,İskender,150,65,8,Garson Zeynep
2025-08-30 22:49:38,Künefe,80,35,5,Garson Ali
2025-08-30 22:08:38,Su,10,2,1,Garson Ayşe
2025-08-30 20:09:38,Su,10,2,1,Garson Mehmet
2025-08-30 20:27:38,İskender,150,65,8,Garson Ali
2025-08-30 11:05:38,Su,10,2,1,Garson Mehmet
2025-08-30 18:43:38,Beyti,160,70,9,Garson Ayşe
2025-08-30 15:13:38,Ezogelin,40,12,3,Garson Mehmet
2025-08-30 19:33:38,İskender,150,65,8,Garson Ali
2025-08-30 13:50:38,Beyti,160,70,9,Garson Ali
2025-08-30 14:14:38,Beyti,160,70,9,Garson Ali
2025-08-30 16:30:38,Beyti,160,70,9,Garson Ayşe
2025-08-30 18:50:38,İskender,150,65,8,Garson Ayşe
2025-08-30 18:54:38,Adana,140,60,7,Garson Ayşe
2025-08-30 16:03:38,Su,10,2,1,Garson Ali
2025-08-30 23:42:38,Künefe,80,35,5,Garson Ayşe
2025-08-30 11:22:38,Su,10,2,1,Garson Ali
2025-08-30 14:46:38,İskender,150,65,8,Garson Ali
2025-08-30 21:30:38,Beyti,160,70,9,Garson Ayşe
2025-08-30 15:47:38,Kola,25,15,1,Garson Ali
2025-08-30 16:54:38,Kola,25,15,1,Garson Mehmet
2025-08-30 21:26:38,Su,10,2,1,Garson Ali
2025-08-30 18:15:38,Su,10,2,1,Garson Ali
2025-08-30 11:47:38,Beyti,160,70,9,Garson Ali
2025-08-30 23:02:38,Mercimek,40,12,3,Garson Ayşe
2025-08-30 22:26:38,Su,10,2,1,Garson Ali
2025-08-30 22:16:38,İskender,150,65,8,Garson Ayşe
2025-08-30 13:30:38,Su,10,2,1,Garson Ali
2025-08-30 15:54:38,Su,10,2,1,Garson Ayşe
2025-08-30 13:43:38,Kola,25,15,1,Garson Ali
2025-08-30 17:48:38,Ayran,15,4,1,Garson Ali
2025-08-30 12:28:38,Adana,140,60,7,Garson Ali
2025-08-30 12:06:38,Su,10,2,1,Garson Mehmet
2025-08-30 19:15:38,Beyti,160,70,9,Garson Ali
2025-08-30 14:58:38,İskender,150,65,8,Garson Ali
2025-08-30 12:13:38,Beyti,160,70,9,Garson Ali
2025-08-30 11:12:38,Kola,25,15,1,Garson Mehmet
2025-08-30 11:31:38,Beyti,160,70,9,Garson Ali
2025-08-30 13:17:38,Su,10,2,1,Garson Mehmet
2025-08-30 19:21:38,Su,10,2,1,Garson Ali
2025-08-30 18:01:38,Ayran,15,4,1,Garson Ali
2025-08-30 18:52:38,Künefe,80,35,5,Garson Mehmet
2025-08-30 21:04:38,Beyti,160,70,9,Garson Ayşe
2025-08-30 11:24:38,Ezogelin,40,12,3,Garson Ali
2025-08-30 23:29:38,Adana,140,60,7,Garson Ali
2025-08-30 11:18:38,İskender,150,65,8,Garson Ali
2025-08-30 16:26:38,Beyti,160,70,9,Garson Ayşe
2025-08-30 19:05:38,Su,10,2,1,Garson Ali
2025-08-30 12:03:38,Su,10,2,1,Garson Ali
2025-08-30 11:14:38,Künefe,80,35,5,Garson Ali
2025-08-30 17:31:38,Ayran,15,4,1,Garson Ali
2025-08-30 18:31:38,İskender,150,65,8,Garson Ali
2025-08-30 17:33:38,Ayran,15,4,1,Garson Ayşe
2025-08-30 14:22:38,Adana,140,60,7,Garson Ali
2025-08-30 22:40:38,İskender,150,65,8,Garson Mehmet
2025-08-30 16:16:38,Beyti,160,70,9,Garson Ali
2025-08-30 14:56:38,İskender,150,65,8,Garson Zeynep
2025-08-30 12:33:38,Ayran,15,4,1,Garson Ayşe
2025-08-30 14:20:38,Künefe,80,35,5,Garson Zeynep
2025-08-30 18:07:38,Su,10,2,1,Garson Ali
2025-08-30 16:21:38,Adana,140,60,7,Garson Mehmet
2025-08-30 21:56:38,Beyti,160,70,9,Garson Ali
2025-08-30 21:59:38,Su,10,2,1,Garson Ali
2025-08-30 15:10:38,İskender,150,65,8,Garson Ali
2025-08-30 18:46:38,Ayran,15,4,1,Garson Ali
2025-08-29 12:39:38,Adana,140,60,7,Garson Ali
2025-08-29 16:40:38,Künefe,80,35,5,Garson Ali
2025-08-29 17:22:38,Su,10,2,1,Garson Ali
2025-08-29 23:45:38,Adana,140,60,7,Garson Ali
2025-08-29 22:49:38,Adana,140,60,7,Garson Ali
2025-08-29 11:34:38,İskender,150,65,8,Garson Ali
2025-08-29 12:57:38,Kola,25,15,1,Garson Mehmet
2025-08-29 16:10:38,Beyti,160,70,9,Garson Ali
2025-08-29 16:08:38,Mercimek,40,12,3,Garson Ali
2025-08-29 13:28:38,İskender,150,65,8,Garson Ali
2025-08-29 15:02:38,Künefe,80,35,5,Garson Ayşe
2025-08-29 13:25:38,Beyti,160,70,9,Garson Ali
2025-08-29 20:34:38,Ayran,15,4,1,Garson Ayşe
2025-08-29 14:02:38,Su,10,2,1,Garson Ali
2025-08-29 13:58:38,Su,10,2,1,Garson Ali
2025-08-29 20:03:38,Su,10,2,1,Garson Ali
2025-08-29 22:06:38,Ayran,15,4,1,Garson Ali
2025-08-29 15:49:38,Su,10,2,1,Garson Zeynep
2025-08-29 19:11:38,İskender,150,65,8,Garson Ali
2025-08-29 15:55:38,Mercimek,40,12,3,Garson Ayşe
2025-08-29 15:46:38,Su,10,2,1,Garson Ayşe
2025-08-29 15:00:38,Kola,25,15,1,Garson Ali
2025-08-29 20:54:38,Beyti,160,70,9,Garson Ali
2025-08-29 22:23:38,Künefe,80,35,5,Garson Ali
2025-08-29 22:18:38,Adana,140,60,7,Garson Ali
2025-08-29 16:05:38,Kola,25,15,1,Garson Ali
2025-08-29 13:03:38,Su,10,2,1,Garson Ali
2025-08-29 18:16:38,Su,10,2,1,Garson Ali
2025-08-29 21:05:38,İskender,150,65,8,Garson Ali
2025-08-29 18:14:38,Mercimek,40,12,3,Garson Ali
2025-08-29 19:06:38,Su,10,2,1,Garson Ayşe
2025-08-29 12:19:38,Ayran,15,4,1,Garson Ayşe
2025-08-29 22:46:38,Ayran,15,4,1,Garson Ali
2025-08-29 20:34:38,İskender,150,65,8,Garson Mehmet
2025-08-29 19:58:38,Kola,25,15,1,Garson Ali
2025-08-29 16:02:38,Künefe,80,35,5,Garson Ali
2025-08-28 15:18:38,Beyti,160,70,9,Garson Zeynep
2025-08-28 13:00:38,Su,10,2,1,Garson Ayşe
2025-08-28 20:52:38,Su,10,2,1,Garson Ayşe
2025-08-28 22:09:38,Adana,140,60,7,Garson Ali
2025-08-28 15:26:38,İskender,150,65,8,Garson Ayşe
2025-08-28 21:34:38,İskender,150,65,8,Garson Ali
2025-08-28 18:58:38,Künefe,80,35,5,Garson Ayşe
2025-08-28 15:30:38,Adana,140,60,7,Garson Ali
2025-08-28 16:48:38,İskender,150,65,8,Garson Ayşe
2025-08-28 15:56:38,Su,10,2,1,Garson Mehmet
2025-08-28 17:37:38,Künefe,80,35,5,Garson Mehmet
2025-08-28 19:05:38,Kola,25,15,1,Garson Ali
2025-08-28 12:11:38,Beyti,160,70,9,Garson Ali
2025-08-28 22:58:38,İskender,150,65,8,Garson Ayşe
2025-08-28 14:08:38,Su,10,2,1,Garson Mehmet
2025-08-28 17:26:38,Su,10,2,1,Garson Ali
2025-08-28 21:21:38,Su,10,2,1,Garson Mehmet
2025-08-28 18:35:38,Su,10,2,1,Garson Ali
2025-08-28 12:35:38,Beyti,160,70,9,Garson Mehmet
2025-08-28 23:53:38,İskender,150,65,8,Garson Zeynep
2025-08-27 20:50:38,Su,10,2,1,Garson Ali
2025-08-27 21:52:38,Beyti,160,70,9,Garson Ali
2025-08-27 15:42:38,Ayran,15,4,1,Garson Ali
2025-08-27 12:17:38,Su,10,2,1,Garson Ali
2025-08-27 19:55:38,Ayran,15,4,1,Garson Mehmet
2025-08-27 15:50:38,Beyti,160,70,9,Garson Ali
2025-08-27 13:07:38,Künefe,80,35,5,Garson Ali
2025-08-27 16:59:38,Su,10,2,1,Garson Ayşe
2025-08-27 16:27:38,Su,10,2,1,Garson Ayşe
2025-08-27 12:07:38,Beyti,160,70,9,Garson Ali
2025-08-27 11:43:38,Ayran,15,4,1,Garson Ali
2025-08-27 20:55:38,Beyti,160,70,9,Garson Ali
2025-08-27 14:20:38,Adana,140,60,7,Garson Ali
2025-08-27 12:42:38,İskender,150,65,8,Garson Ayşe
2025-08-27 23:37:38,Ayran,15,4,1,Garson Ali
2025-08-27 22:57:38,Adana,140,60,7,Garson Ali
2025-08-27 12:43:38,Su,10,2,1,Garson Ayşe
2025-08-27 21:09:38,Su,10,2,1,Garson Ayşe
2025-08-27 17:35:38,Kola,25,15,1,Garson Ali
2025-08-27 11:27:38,Kola,25,15,1,Garson Zeynep
2025-08-27 17:31:38,Mercimek,40,12,3,Garson Ali
2025-08-27 20:28:38,Beyti,160,70,9,Garson Ali
2025-08-27 21:11:38,Kola,25,15,1,Garson Ali
2025-08-27 19:11:38,Mercimek,40,12,3,Garson Ayşe
2025-08-27 20:23:38,Beyti,160,70,9,Garson Ali
2025-08-27 12:00:38,Ayran,15,4,1,Garson Ali
2025-08-27 15:21:38,Adana,140,60,7,Garson Mehmet
2025-08-27 13:39:38,Adana,140,60,7,Garson Ayşe
2025-08-26 11:24:38,Künefe,80,35,5,Garson Ali
2025-08-26 23:56:38,Su,10,2,1,Garson Ali
2025-08-26 15:12:38,Su,10,2,1,Garson Ayşe
2025-08-26 14:30:38,Adana,140,60,7,Garson Ali
2025-08-26 15:28:38,İskender,150,65,8,Garson Ayşe
2025-08-26 16:29:38,Su,10,2,1,Garson Mehmet
2025-08-26 23:33:38,Beyti,160,70,9,Garson Ali
2025-08-26 18:00:38,Su,10,2,1,Garson Ali
2025-08-26 22:43:38,İskender,150,65,8,Garson Ali
2025-08-26 14:22:38,Kola,25,15,1,Garson Ayşe
2025-08-26 11:12:38,Ayran,15,4,1,Garson Ali
2025-08-26 13:52:38,Ayran,15,4,1,Garson Ali
2025-08-26 14:09:38,Beyti,160,70,9,Garson Ali
2025-08-26 14:43:38,Su,10,2,1,Garson Ali
2025-08-26 16:41:38,Beyti,160,70,9,Garson Ali
2025-08-26 23:12:38,Beyti,160,70,9,Garson Mehmet
2025-08-26 12:01:38,Kola,25,15,1,Garson Ali
2025-08-26 22:24:38,İskender,150,65,8,Garson Ayşe
2025-08-26 17:09:38,Beyti,160,70,9,Garson Ayşe
2025-08-26 22:12:38,Su,10,2,1,Garson Mehmet
2025-08-26 22:45:38,Su,10,2,1,Garson Ayşe
2025-08-26 22:28:38,İskender,150,65,8,Garson Ayşe
2025-08-26 11:30:38,Su,10,2,1,Garson Ali
2025-08-26 23:29:38,Su,10,2,1,Garson Ali
2025-08-26 14:07:38,İskender,150,65,8,Garson Ali
2025-08-26 18:20:38,Su,10,2,1,Garson Ali
2025-08-26 16:14:38,Su,10,2,1,Garson Ali
2025-08-26 23:29:38,Kola,25,15,1,Garson Ayşe
2025-08-26 14:02:38,Ayran,15,4,1,Garson Ayşe
2025-08-26 12:55:38,Su,10,2,1,Garson Ali
2025-08-26 19:31:38,Kola,25,15,1,Garson Ali
2025-08-26 12:50:38,Künefe,80,35,5,Garson Ayşe
2025-08-26 15:25:38,İskender,150,65,8,Garson Ayşe
2025-08-26 17:58:38,Mercimek,40,12,3,Garson Ali
2025-08-26 20:33:38,Beyti,160,70,9,Garson Ayşe
2025-08-26 13:38:38,Mercimek,40,12,3,Garson Ali
2025-08-26 12:47:38,Su,10,2,1,Garson Mehmet
2025-08-26 19:42:38,Adana,140,60,7,Garson Ali
2025-08-26 21:14:38,Su,10,2,1,Garson Ali
2025-08-25 15:52:38,Künefe,80,35,5,Garson Ali
2025-08-25 16:50:38,Beyti,160,70,9,Garson Ali
2025-08-25 16:39:38,Ayran,15,4,1,Garson Mehmet
2025-08-25 11:57:38,İskender,150,65,8,Garson Ayşe
2025-08-25 15:00:38,Su,10,2,1,Garson Mehmet
2025-08-25 19:20:38,Su,10,2,1,Garson Ali
2025-08-25 22:56:38,İskender,150,65,8,Garson Ali
2025-08-25 17:11:38,Su,10,2,1,Garson Ali
2025-08-25 14:27:38,İskender,150,65,8,Garson Ali
2025-08-25 15:08:38,İskender,150,65,8,Garson Ayşe
2025-08-25 18:30:38,Su,10,2,1,Garson Ali
2025-08-25 21:17:38,İskender,150,65,8,Garson Ali
2025-08-25 16:59:38,Kola,25,15,1,Garson Ali
2025-08-25 15:35:38,Kola,25,15,1,Garson Ali
2025-08-25 19:15:38,Ayran,15,4,1,Garson Ayşe
2025-08-25 12:10:38,İskender,150,65,8,Garson Ali
2025-08-25 20:12:38,Adana,140,60,7,Garson Ayşe
2025-08-25 21:06:38,Beyti,160,70,9,Garson Ali
2025-08-25 22:00:38,Su,10,2,1,Garson Ali
2025-08-25 15:48:38,Su,10,2,1,Garson Ali
2025-08-25 15:18:38,İskender,150,65,8,Garson Ali
2025-08-25 17:31:38,Kola,25,15,1,Garson Ali
2025-08-25 18:53:38,Adana,140,60,7,Garson Zeynep
2025-08-25 15:45:38,Su,10,2,1,Garson Ayşe
2025-08-25 22:40:38,Beyti,160,70,9,Garson Zeynep
2025-08-25 17:50:38,Kola,25,15,1,Garson Ali
2025-08-25 19:07:38,Beyti,160,70,9,Garson Ali
2025-08-25 20:36:38,Su,10,2,1,Garson Ali
2025-08-25 13:43:38,Mercimek,40,12,3,Garson Ayşe
2025-08-25 16:40:38,Su,10,2,1,Garson Ayşe
2025-08-25 12:27:38,Su,10,2,1,Garson Ali
2025-08-25 22:56:38,Kola,25,15,1,Garson Ayşe
2025-08-25 19:22:38,İskender,150,65,8,Garson Mehmet
2025-08-25 11:31:38,Su,10,2,1,Garson Ali
2025-08-24 14:30:38,Kola,25,15,1,Garson Ali
2025-08-24 18:12:38,İskender,150,65,8,Garson Ali
2025-08-24 14:48:38,Mercimek,40,12,3,Garson Ayşe
2025-08-24 21:24:38,Ayran,15,4,1,Garson Ali
2025-08-24 12:41:38,Beyti,160,70,9,Garson Mehmet
2025-08-24 11:31:38,Mercimek,40,12,3,Garson Ali
2025-08-24 20:13:38,Beyti,160,70,9,Garson Mehmet
2025-08-24 12:10:38,İskender,150,65,8,Garson Ayşe
2025-08-24 13:08:38,Künefe,80,35,5,Garson Ayşe
2025-08-24 18:49:38,Su,10,2,1,Garson Ali
2025-08-24 13:29:38,Su,10,2,1,Garson Zeynep
2025-08-24 13:07:38,İskender,150,65,8,Garson Ali
2025-08-24 17:15:38,İskender,150,65,8,Garson Ali
2025-08-24 19:50:38,İskender,150,65,8,Garson Ali
2025-08-24 18:32:38,Su,10,2,1,Garson Ali
2025-08-24 15:32:38,Beyti,160,70,9,Garson Ali
2025-08-24 21:15:38,Su,10,2,1,Garson Ali
2025-08-24 22:06:38,Adana,140,60,7,Garson Ali
2025-08-24 17:17:38,Su,10,2,1,Garson Ali
2025-08-24 11:38:38,Beyti,160,70,9,Garson Ayşe
2025-08-24 12:33:38,Adana,140,60,7,Garson Ali
2025-08-24 22:26:38,Beyti,160,70,9,Garson Ali
2025-08-24 19:42:38,Su,10,2,1,Garson Ali
2025-08-24 13:34:38,İskender,150,65,8,Garson Zeynep
2025-08-24 16:53:38,Adana,140,60,7,Garson Ali
2025-08-24 16:58:38,Künefe,80,35,5,Garson Ali
2025-08-24 14:16:38,Su,10,2,1,Garson Ali
2025-08-24 21:40:38,Ayran,15,4,1,Garson Ali
2025-08-24 19:01:38,Beyti,160,70,9,Garson Ali
2025-08-24 21:30:38,Su,10,2,1,Garson Ali
2025-08-24 17:56:38,Su,10,2,1,Garson Ali
2025-08-24 21:49:38,Beyti,160,70,9,Garson Ali
2025-08-24 12:00:38,Beyti,160,70,9,Garson Ayşe
2025-08-24 23:14:38,Su,10,2,1,Garson Ayşe
2025-08-24 14:56:38,İskender,150,65,8,Garson Ayşe
2025-08-24 12:33:38,Künefe,80,35,5,Garson Ali
2025-08-24 11:17:38,Ezogelin,40,12,3,Garson Ali
2025-08-24 23:40:38,Su,10,2,1,Garson Ayşe
2025-08-24 20:49:38,Ayran,15,4,1,Garson Ali
2025-08-24 12:11:38,Kola,25,15,1,Garson Ali
2025-08-24 21:14:38,Su,10,2,1,Garson Mehmet
2025-08-24 20:02:38,Ezogelin,40,12,3,Garson Ali
2025-08-24 19:25:38,Kola,25,15,1,Garson Ayşe
2025-08-24 13:50:38,Su,10,2,1,Garson Ali
2025-08-24 22:28:38,Su,10,2,1,Garson Ayşe
2025-08-24 16:05:38,İskender,150,65,8,Garson Mehmet
2025-08-24 15:28:38,Su,10,2,1,Garson Ali
2025-08-24 19:45:38,Beyti,160,70,9,Garson Ayşe
2025-08-24 11:38:38,Ayran,15,4,1,Garson Ali
2025-08-24 12:29:38,Su,10,2,1,Garson Mehmet
2025-08-24 15:13:38,İskender,150,65,8,Garson Ali
2025-08-24 15:44:38,Beyti,160,70,9,Garson Mehmet
2025-08-24 19:49:38,Ayran,15,4,1,Garson Ali
2025-08-24 13:25:38,Ayran,15,4,1,Garson Ayşe
2025-08-24 17:12:38,Su,10,2,1,Garson Ayşe
2025-08-24 23:55:38,Kola,25,15,1,Garson Zeynep
2025-08-24 13:46:38,Kola,25,15,1,Garson Ali
2025-08-24 15:36:38,İskender,150,65,8,Garson Ali
2025-08-24 11:28:38,Su,10,2,1,Garson Ayşe
2025-08-24 14:24:38,Beyti,160,70,9,Garson Ayşe
2025-08-24 17:40:38,Beyti,160,70,9,Garson Ali
2025-08-24 14:31:38,Beyti,160,70,9,Garson Mehmet
2025-08-24 16:48:38,İskender,150,65,8,Garson Mehmet
2025-08-24 15:56:38,İskender,150,65,8,Garson Ali
2025-08-24 18:19:38,Ayran,15,4,1,Garson Ali
2025-08-24 15:17:38,Beyti,160,70,9,Garson Ali
2025-08-24 13:40:38,Kola,25,15,1,Garson Ali
2025-08-24 16:37:38,Su,10,2,1,Garson Ali
2025-08-24 22:54:38,Ayran,15,4,1,Garson Ali
2025-08-24 22:17:38,Su,10,2,1,Garson Ali
2025-08-24 22:24:38,Adana,140,60,7,Garson Mehmet
2025-08-24 23:43:38,Beyti,160,70,9,Garson Ayşe
2025-08-24 17:18:38,İskender,150,65,8,Garson Ayşe
2025-08-24 22:50:38,Adana,140,60,7,Garson Ali
2025-08-24 19:04:38,Su,10,2,1,Garson Mehmet
2025-08-24 20:27:38,Adana,140,60,7,Garson Ali
2025-08-24 19:24:38,İskender,150,65,8,Garson Ayşe
2025-08-24 21:30:38,Adana,140,60,7,Garson Ali
2025-08-24 16:43:38,Su,10,2,1,Garson Ali
2025-08-24 17:24:38,Kola,25,15,1,Garson Ali
2025-08-24 23:59:38,Su,10,2,1,Garson Mehmet
2025-08-24 23:27:38,Mercimek,40,12,3,Garson Ayşe
2025-08-24 16:15:38,Kola,25,15,1,Garson Ali
2025-08-23 18:04:38,Su,10,2,1,Garson Mehmet
2025-08-23 11:49:38,Beyti,160,70,9,Garson Ali
2025-08-23 20:08:38,Adana,140,60,7,Garson Ali
2025-08-23 15:08:38,Beyti,160,70,9,Garson Ali
2025-08-23 21:26:38,İskender,150,65,8,Garson Ali
2025-08-23 19:22:38,Beyti,160,70,9,Garson Ali
2025-08-23 18:05:38,Su,10,2,1,Garson Ayşe
2025-08-23 12:32:38,İskender,150,65,8,Garson Mehmet
2025-08-23 22:39:38,İskender,150,65,8,Garson Ayşe
2025-08-23 19:10:38,İskender,150,65,8,Garson Ayşe
2025-08-23 17:53:38,Künefe,80,35,5,Garson Ayşe
2025-08-23 16:27:38,Ezogelin,40,12,3,Garson Ali
2025-08-23 16:33:38,Ayran,15,4,1,Garson Ali
2025-08-23 11:06:38,Beyti,160,70,9,Garson Ayşe
2025-08-23 21:35:38,Su,10,2,1,Garson Mehmet
2025-08-23 13:22:38,Su,10,2,1,Garson Zeynep
2025-08-23 17:32:38,Künefe,80,35,5,Garson Ali
2025-08-23 21:20:38,Ayran,15,4,1,Garson Ali
2025-08-23 22:55:38,Su,10,2,1,Garson Ayşe
2025-08-23 13:26:38,Adana,140,60,7,Garson Ali
2025-08-23 17:37:38,Künefe,80,35,5,Garson Ali
2025-08-23 14:39:38,Kola,25,15,1,Garson Ali
2025-08-23 11:38:38,Su,10,2,1,Garson Ayşe
2025-08-23 18:48:38,İskender,150,65,8,Garson Ali
2025-08-23 12:18:38,Ezogelin,40,12,3,Garson Ali
2025-08-23 23:24:38,Su,10,2,1,Garson Ali
2025-08-23 20:05:38,Ezogelin,40,12,3,Garson Ayşe
2025-08-23 13:53:38,Künefe,80,35,5,Garson Ayşe
2025-08-23 14:12:38,Ayran,15,4,1,Garson Ali
2025-08-23 21:36:38,Beyti,160,70,9,Garson Ayşe
2025-08-23 19:59:38,İskender,150,65,8,Garson Ali
2025-08-23 17:56:38,Ayran,15,4,1,Garson Ali
2025-08-23 17:27:38,Beyti,160,70,9,Garson Ali
2025-08-23 23:59:38,Ayran,15,4,1,Garson Ali
2025-08-23 19:39:38,Beyti,160,70,9,Garson Ayşe
2025-08-23 20:01:38,Beyti,160,70,9,Garson Ayşe
2025-08-23 19:04:38,Su,10,2,1,Garson Ayşe
2025-08-23 16:08:38,Su,10,2,1,Garson Ali
2025-08-23 23:11:38,Su,10,2,1,Garson Ali
2025-08-23 15:19:38,Su,10,2,1,Garson Ayşe
2025-08-23 19:41:38,Su,10,2,1,Garson Ali
2025-08-23 19:11:38,Su,10,2,1,Garson Ali
2025-08-23 22:54:38,İskender,150,65,8,Garson Ali
2025-08-23 21:09:38,Su,10,2,1,Garson Zeynep
2025-08-23 16:39:38,Mercimek,40,12,3,Garson Ayşe
2025-08-23 14:50:38,Su,10,2,1,Garson Ali
2025-08-23 12:20:38,Künefe,80,35,5,Garson Ayşe
2025-08-23 18:23:38,Adana,140,60,7,Garson Ali
2025-08-23 21:08:38,Beyti,160,70,9,Garson Mehmet
2025-08-23 14:31:38,İskender,150,65,8,Garson Ali
2025-08-23 12:07:38,Mercimek,40,12,3,Garson Ayşe
2025-08-22 14:44:38,Su,10,2,1,Garson Ayşe
2025-08-22 20:01:38,İskender,150,65,8,Garson Zeynep
2025-08-22 16:08:38,İskender,150,65,8,Garson Ali
2025-08-22 11:23:38,İskender,150,65,8,Garson Ali
2025-08-22 13:57:38,Kola,25,15,1,Garson Ayşe
2025-08-22 21:01:38,Ayran,15,4,1,Garson Ali
2025-08-22 18:38:38,Künefe,80,35,5,Garson Ali
2025-08-22 23:07:38,İskender,150,65,8,Garson Ayşe
2025-08-22 22:26:38,Su,10,2,1,Garson Ayşe
2025-08-22 22:40:38,Kola,25,15,1,Garson Ali
2025-08-22 20:06:38,Ezogelin,40,12,3,Garson Zeynep
2025-08-22 19:10:38,İskender,150,65,8,Garson Ayşe
2025-08-22 19:42:38,Beyti,160,70,9,Garson Ali
2025-08-22 12:36:38,Adana,140,60,7,Garson Ali
2025-08-22 21:32:38,Beyti,160,70,9,Garson Ayşe
2025-08-22 13:02:38,Su,10,2,1,Garson Ali
2025-08-22 21:17:38,İskender,150,65,8,Garson Ali
2025-08-22 20:40:38,Beyti,160,70,9,Garson Ayşe
2025-08-22 17:36:38,Kola,25,15,1,Garson Ali
2025-08-22 15:03:38,Su,10,2,1,Garson Zeynep
2025-08-22 12:09:38,İskender,150,65,8,Garson Ali
2025-08-22 22:08:38,İskender,150,65,8,Garson Ali
2025-08-22 17:23:38,Su,10,2,1,Garson Ali
2025-08-22 12:53:38,Beyti,160,70,9,Garson Ayşe
2025-08-22 21:53:38,Su,10,2,1,Garson Ayşe
2025-08-22 17:21:38,İskender,150,65,8,Garson Mehmet
2025-08-22 12:47:38,Su,10,2,1,Garson Ayşe
2025-08-22 14:21:38,Su,10,2,1,Garson Ali
2025-08-22 20:19:38,Su,10,2,1,Garson Ali
2025-08-21 14:15:38,İskender,150,65,8,Garson Ali
2025-08-21 13:12:38,Su,10,2,1,Garson Mehmet
2025-08-21 16:16:38,Kola,25,15,1,Garson Ali
2025-08-21 18:43:38,Ayran,15,4,1,Garson Ayşe
2025-08-21 20:25:38,Beyti,160,70,9,Garson Mehmet
2025-08-21 18:12:38,Su,10,2,1,Garson Ali
2025-08-21 18:21:38,Beyti,160,70,9,Garson Ali
2025-08-21 13:47:38,Beyti,160,70,9,Garson Ali
2025-08-21 23:13:38,Kola,25,15,1,Garson Ayşe
2025-08-21 15:31:38,İskender,150,65,8,Garson Ali
2025-08-21 18:00:38,Beyti,160,70,9,Garson Ali
2025-08-21 11:52:38,Su,10,2,1,Garson Ali
2025-08-21 21:18:38,Ayran,15,4,1,Garson Ayşe
2025-08-21 17:18:38,Beyti,160,70,9,Garson Ayşe
2025-08-21 19:39:38,Kola,25,15,1,Garson Ayşe
2025-08-21 21:00:38,Ayran,15,4,1,Garson Ali
2025-08-21 12:25:38,İskender,150,65,8,Garson Ali
2025-08-21 21:10:38,Künefe,80,35,5,Garson Ali
2025-08-21 11:12:38,Ayran,15,4,1,Garson Mehmet
2025-08-21 13:19:38,Su,10,2,1,Garson Ali
2025-08-21 11:02:38,Künefe,80,35,5,Garson Ali
2025-08-21 22:03:38,Ezogelin,40,12,3,Garson Ayşe
2025-08-21 23:24:38,Su,10,2,1,Garson Mehmet
2025-08-21 19:55:38,Künefe,80,35,5,Garson Ali
2025-08-21 16:46:38,Ezogelin,40,12,3,Garson Ali
2025-08-21 12:52:38,Beyti,160,70,9,Garson Ali
2025-08-21 18:13:38,Beyti,160,70,9,Garson Ayşe
2025-08-21 22:02:38,İskender,150,65,8,Garson Mehmet
2025-08-21 12:20:38,Su,10,2,1,Garson Ali
2025-08-20 15:06:38,Su,10,2,1,Garson Zeynep
2025-08-20 18:27:38,Su,10,2,1,Garson Ali
2025-08-20 23:43:38,İskender,150,65,8,Garson Mehmet
2025-08-20 17:06:38,İskender,150,65,8,Garson Ali
2025-08-20 14:16:38,İskender,150,65,8,Garson Ayşe
2025-08-20 14:14:38,İskender,150,65,8,Garson Ali
2025-08-20 23:42:38,İskender,150,65,8,Garson Mehmet
2025-08-20 14:50:38,Künefe,80,35,5,Garson Ali
2025-08-20 19:21:38,Beyti,160,70,9,Garson Ali
2025-08-20 21:34:38,Kola,25,15,1,Garson Ali
2025-08-20 11:12:38,Beyti,160,70,9,Garson Ali
2025-08-20 11:42:38,Su,10,2,1,Garson Ali
2025-08-20 16:20:38,Kola,25,15,1,Garson Ayşe
2025-08-20 14:35:38,Beyti,160,70,9,Garson Ali
2025-08-20 19:06:38,Su,10,2,1,Garson Mehmet
2025-08-20 23:41:38,İskender,150,65,8,Garson Ali
2025-08-20 19:51:38,Mercimek,40,12,3,Garson Ayşe
2025-08-20 19:46:38,Künefe,80,35,5,Garson Ayşe
2025-08-20 12:25:38,Ayran,15,4,1,Garson Ali
2025-08-20 16:09:38,İskender,150,65,8,Garson Ali
2025-08-20 23:07:38,İskender,150,65,8,Garson Ali
2025-08-20 13:32:38,Beyti,160,70,9,Garson Zeynep
2025-08-20 20:38:38,Su,10,2,1,Garson Mehmet
2025-08-20 20:47:38,Beyti,160,70,9,Garson Ali
2025-08-20 12:09:38,Künefe,80,35,5,Garson Ali
2025-08-20 19:02:38,İskender,150,65,8,Garson Mehmet
2025-08-20 20:18:38,İskender,150,65,8,Garson Ayşe
2025-08-20 17:29:38,Adana,140,60,7,Garson Ayşe
2025-08-19 18:41:38,Beyti,160,70,9,Garson Ali
2025-08-19 15:11:38,İskender,150,65,8,Garson Zeynep
2025-08-19 15:12:38,Beyti,160,70,9,Garson Ayşe
2025-08-19 22:02:38,Künefe,80,35,5,Garson Ali
2025-08-19 21:42:38,İskender,150,65,8,Garson Ali
2025-08-19 22:43:38,Su,10,2,1,Garson Ali
2025-08-19 17:19:38,Ezogelin,40,12,3,Garson Ali
2025-08-19 14:54:38,Kola,25,15,1,Garson Ali
2025-08-19 14:31:38,Adana,140,60,7,Garson Ayşe
2025-08-19 17:23:38,İskender,150,65,8,Garson Zeynep
2025-08-19 16:02:38,Su,10,2,1,Garson Ayşe
2025-08-19 11:06:38,İskender,150,65,8,Garson Ayşe
2025-08-19 11:38:38,İskender,150,65,8,Garson Mehmet
2025-08-19 13:01:38,Ayran,15,4,1,Garson Ali
2025-08-19 15:55:38,Beyti,160,70,9,Garson Ali
2025-08-19 14:41:38,Beyti,160,70,9,Garson Ali
2025-08-19 11:06:38,İskender,150,65,8,Garson Ayşe
2025-08-19 19:13:38,Mercimek,40,12,3,Garson Ali
2025-08-19 13:10:38,İskender,150,65,8,Garson Mehmet
2025-08-19 21:23:38,Beyti,160,70,9,Garson Ali
2025-08-19 20:42:38,Künefe,80,35,5,Garson Ali
2025-08-19 12:45:38,Adana,140,60,7,Garson Ayşe
2025-08-19 17:31:38,İskender,150,65,8,Garson Ali
2025-08-19 22:38:38,Beyti,160,70,9,Garson Ali
2025-08-19 11:30:38,Beyti,160,70,9,Garson Ali
2025-08-19 22:33:38,Beyti,160,70,9,Garson Ali
2025-08-19 15:10:38,Beyti,160,70,9,Garson Mehmet
2025-08-19 21:15:38,İskender,150,65,8,Garson Ayşe
2025-08-19 13:38:38,Kola,25,15,1,Garson Ali
2025-08-19 21:13:38,Su,10,2,1,Garson Ayşe
2025-08-19 11:07:38,Kola,25,15,1,Garson Ali
2025-08-19 13:59:38,Kola,25,15,1,Garson Ayşe
2025-08-19 21:34:38,Kola,25,15,1,Garson Ali
2025-08-18 23:15:38,İskender,150,65,8,Garson Ali
2025-08-18 11:02:38,Adana,140,60,7,Garson Ali
2025-08-18 23:43:38,İskender,150,65,8,Garson Ali
2025-08-18 12:02:38,Beyti,160,70,9,Garson Ayşe
2025-08-18 13:59:38,Su,10,2,1,Garson Ayşe
2025-08-18 19:31:38,Ayran,15,4,1,Garson Ali
2025-08-18 22:02:38,Su,10,2,1,Garson Ali
2025-08-18 23:40:38,Ayran,15,4,1,Garson Ali
2025-08-18 16:28:38,Beyti,160,70,9,Garson Mehmet
2025-08-18 22:53:38,Su,10,2,1,Garson Ayşe
2025-08-18 11:13:38,Ayran,15,4,1,Garson Zeynep
2025-08-18 17:19:38,İskender,150,65,8,Garson Ali
2025-08-18 20:36:38,Adana,140,60,7,Garson Ali
2025-08-18 19:12:38,Ezogelin,40,12,3,Garson Mehmet
2025-08-18 12:49:38,İskender,150,65,8,Garson Ali
2025-08-18 18:05:38,İskender,150,65,8,Garson Mehmet
2025-08-18 17:19:38,Adana,140,60,7,Garson Ali
2025-08-18 23:01:38,Kola,25,15,1,Garson Ali
2025-08-18 17:01:38,Su,10,2,1,Garson Ali
2025-08-18 20:23:38,Künefe,80,35,5,Garson Ali
2025-08-18 11:35:38,Mercimek,40,12,3,Garson Ayşe
2025-08-18 20:55:38,Beyti,160,70,9,Garson Ali
2025-08-18 14:48:38,Beyti,160,70,9,Garson Ali
2025-08-18 12:23:38,Ayran,15,4,1,Garson Ayşe
2025-08-17 19:32:38,Mercimek,40,12,3,Garson Ali
2025-08-17 11:26:38,Kola,25,15,1,Garson Ali
2025-08-17 16:37:38,Künefe,80,35,5,Garson Ali
2025-08-17 13:10:38,Beyti,160,70,9,Garson Ali
2025-08-17 16:15:38,İskender,150,65,8,Garson Ali
2025-08-17 22:23:38,Su,10,2,1,Garson Ali
2025-08-17 18:43:38,Su,10,2,1,Garson Zeynep
2025-08-17 14:27:38,Beyti,160,70,9,Garson Mehmet
2025-08-17 11:07:38,Mercimek,40,12,3,Garson Ali
2025-08-17 17:20:38,Beyti,160,70,9,Garson Ali
2025-08-17 21:47:38,Kola,25,15,1,Garson Ayşe
2025-08-17 19:37:38,Beyti,160,70,9,Garson Ali
2025-08-17 13:49:38,Beyti,160,70,9,Garson Ali
2025-08-17 22:47:38,Kola,25,15,1,Garson Ali
2025-08-17 13:22:38,İskender,150,65,8,Garson Ayşe
2025-08-17 22:52:38,İskender,150,65,8,Garson Ali
2025-08-17 23:06:38,Su,10,2,1,Garson Mehmet
2025-08-17 12:56:38,Kola,25,15,1,Garson Ali
2025-08-17 23:23:38,Kola,25,15,1,Garson Ali
2025-08-17 16:21:38,Adana,140,60,7,Garson Ali
2025-08-17 23:38:38,Kola,25,15,1,Garson Ali
2025-08-17 21:34:38,Kola,25,15,1,Garson Ayşe
2025-08-17 12:48:38,Su,10,2,1,Garson Ayşe
2025-08-17 17:07:38,Su,10,2,1,Garson Ali
2025-08-17 14:33:38,Beyti,160,70,9,Garson Ali
2025-08-17 13:49:38,Su,10,2,1,Garson Ayşe
2025-08-17 21:33:38,Beyti,160,70,9,Garson Ayşe
2025-08-17 15:15:38,İskender,150,65,8,Garson Zeynep
2025-08-17 19:55:38,Su,10,2,1,Garson Ali
2025-08-17 11:01:38,Su,10,2,1,Garson Ali
2025-08-17 23:05:38,İskender,150,65,8,Garson Mehmet
2025-08-17 12:28:38,Su,10,2,1,Garson Ayşe
2025-08-17 13:36:38,Beyti,160,70,9,Garson Ali
2025-08-17 23:09:38,Beyti,160,70,9,Garson Ali
2025-08-17 16:22:38,Beyti,160,70,9,Garson Ali
2025-08-17 16:36:38,Beyti,160,70,9,Garson Ali
2025-08-17 14:00:38,Mercimek,40,12,3,Garson Ali
2025-08-17 12:20:38,Kola,25,15,1,Garson Mehmet
2025-08-17 17:00:38,Beyti,160,70,9,Garson Ali
2025-08-17 19:40:38,Ayran,15,4,1,Garson Mehmet
2025-08-17 11:22:38,Beyti,160,70,9,Garson Ali
2025-08-17 16:06:38,Beyti,160,70,9,Garson Ali
2025-08-17 23:24:38,Mercimek,40,12,3,Garson Ali
2025-08-17 17:35:38,Künefe,80,35,5,Garson Ali
2025-08-17 22:35:38,Kola,25,15,1,Garson Ali
2025-08-17 17:31:38,Su,10,2,1,Garson Ali
2025-08-17 20:15:38,İskender,150,65,8,Garson Ali
2025-08-17 20:23:38,Beyti,160,70,9,Garson Zeynep
2025-08-17 22:35:38,Adana,140,60,7,Garson Ayşe
2025-08-17 13:17:38,Ayran,15,4,1,Garson Ali
2025-08-17 15:07:38,Su,10,2,1,Garson Ayşe
2025-08-17 12:49:38,Su,10,2,1,Garson Ayşe
2025-08-17 15:33:38,Su,10,2,1,Garson Mehmet
2025-08-17 18:53:38,Adana,140,60,7,Garson Ali
2025-08-17 20:25:38,İskender,150,65,8,Garson Ali
2025-08-17 15:39:38,Ayran,15,4,1,Garson Ali
2025-08-17 11:14:38,Adana,140,60,7,Garson Ayşe
2025-08-17 15:54:38,Künefe,80,35,5,Garson Ali
2025-08-17 19:50:38,Beyti,160,70,9,Garson Ayşe
2025-08-17 14:33:38,İskender,150,65,8,Garson Ali
2025-08-17 18:37:38,Mercimek,40,12,3,Garson Ali
2025-08-17 12:54:38,Su,10,2,1,Garson Ali
2025-08-17 22:35:38,Su,10,2,1,Garson Ali
2025-08-17 12:55:38,Su,10,2,1,Garson Ali
2025-08-17 16:55:38,Su,10,2,1,Garson Ali
2025-08-17 16:43:38,Beyti,160,70,9,Garson Ali
2025-08-17 11:26:38,Su,10,2,1,Garson Ayşe
2025-08-17 16:50:38,Beyti,160,70,9,Garson Ali
2025-08-17 19:58:38,Beyti,160,70,9,Garson Ali
2025-08-17 19:12:38,Kola,25,15,1,Garson Ayşe
2025-08-17 14:29:38,Su,10,2,1,Garson Ayşe
2025-08-17 17:47:38,Ezogelin,40,12,3,Garson Ayşe
2025-08-17 17:21:38,Ayran,15,4,1,Garson Ali
2025-08-16 17:18:38,İskender,150,65,8,Garson Ali
2025-08-16 18:10:38,Kola,25,15,1,Garson Ayşe
2025-08-16 16:49:38,Ezogelin,40,12,3,Garson Ayşe
2025-08-16 14:54:38,Adana,140,60,7,Garson Ali
2025-08-16 22:01:38,Mercimek,40,12,3,Garson Ayşe
2025-08-16 14:05:38,Su,10,2,1,Garson Ali
2025-08-16 18:39:38,Beyti,160,70,9,Garson Ali
2025-08-16 22:39:38,Adana,140,60,7,Garson Ali
2025-08-16 18:55:38,Su,10,2,1,Garson Ali
2025-08-16 11:52:38,Künefe,80,35,5,Garson Ali
2025-08-16 18:55:38,Kola,25,15,1,Garson Ayşe
2025-08-16 20:42:38,İskender,150,65,8,Garson Ayşe
2025-08-16 15:37:38,Beyti,160,70,9,Garson Ali
2025-08-16 19:12:38,Ayran,15,4,1,Garson Zeynep
2025-08-16 19:11:38,Beyti,160,70,9,Garson Ali
2025-08-16 21:50:38,İskender,150,65,8,Garson Ali
2025-08-16 11:26:38,Künefe,80,35,5,Garson Ayşe
2025-08-16 16:40:38,İskender,150,65,8,Garson Zeynep
2025-08-16 16:00:38,Kola,25,15,1,Garson Ayşe
2025-08-16 22:33:38,Kola,25,15,1,Garson Ali
2025-08-16 12:54:38,Künefe,80,35,5,Garson Ali
2025-08-16 11:11:38,İskender,150,65,8,Garson Ali
2025-08-16 20:51:38,İskender,150,65,8,Garson Ali
2025-08-16 23:31:38,Su,10,2,1,Garson Ayşe
2025-08-16 11:42:38,İskender,150,65,8,Garson Ali
2025-08-16 19:39:38,Ezogelin,40,12,3,Garson Ayşe
2025-08-16 20:38:38,İskender,150,65,8,Garson Ali
2025-08-16 22:08:38,İskender,150,65,8,Garson Ayşe
2025-08-16 23:08:38,Ayran,15,4,1,Garson Ali
2025-08-16 12:02:38,Kola,25,15,1,Garson Ali
2025-08-16 22:53:38,Su,10,2,1,Garson Ali
2025-08-16 21:35:38,Su,10,2,1,Garson Ali
2025-08-16 19:29:38,Beyti,160,70,9,Garson Mehmet
2025-08-16 20:49:38,İskender,150,65,8,Garson Ali
2025-08-16 11:09:38,İskender,150,65,8,Garson Ali
2025-08-16 16:01:38,Beyti,160,70,9,Garson Ayşe
2025-08-16 15:41:38,Kola,25,15,1,Garson Ali
2025-08-16 20:06:38,İskender,150,65,8,Garson Ali
2025-08-16 20:58:38,Beyti,160,70,9,Garson Ayşe
2025-08-16 23:55:38,Beyti,160,70,9,Garson Ali
2025-08-16 12:16:38,Su,10,2,1,Garson Ali
2025-08-16 22:48:38,Mercimek,40,12,3,Garson Ayşe
2025-08-16 14:20:38,Beyti,160,70,9,Garson Ali
2025-08-16 13:35:38,İskender,150,65,8,Garson Mehmet
2025-08-16 15:03:38,Su,10,2,1,Garson Ayşe
2025-08-16 20:04:38,Su,10,2,1,Garson Ayşe
2025-08-16 18:37:38,Kola,25,15,1,Garson Ali
2025-08-16 19:16:38,Künefe,80,35,5,Garson Ayşe
2025-08-16 17:04:38,Su,10,2,1,Garson Mehmet
2025-08-16 19:09:38,Künefe,80,35,5,Garson Zeynep
2025-08-16 20:04:38,Künefe,80,35,5,Garson Ali
2025-08-16 13:48:38,Ayran,15,4,1,Garson Ayşe
2025-08-16 17:59:38,Su,10,2,1,Garson Ali
2025-08-16 15:24:38,Su,10,2,1,Garson Ayşe
2025-08-16 20:07:38,Künefe,80,35,5,Garson Ali
2025-08-16 15:33:38,Kola,25,15,1,Garson Ali
2025-08-16 13:06:38,Künefe,80,35,5,Garson Ayşe
2025-08-16 11:50:38,İskender,150,65,8,Garson Ayşe
2025-08-16 19:44:38,Künefe,80,35,5,Garson Ali
2025-08-16 15:05:38,Kola,25,15,1,Garson Mehmet
2025-08-16 19:04:38,Beyti,160,70,9,Garson Mehmet
2025-08-16 15:49:38,Su,10,2,1,Garson Ali
2025-08-16 18:50:38,Ayran,15,4,1,Garson Ali
2025-08-16 15:16:38,Beyti,160,70,9,Garson Ali
2025-08-16 14:32:38,Kola,25,15,1,Garson Ali
2025-08-16 19:25:38,Ayran,15,4,1,Garson Ali
2025-08-16 17:56:38,Su,10,2,1,Garson Ali
2025-08-16 16:25:38,Su,10,2,1,Garson Ali
2025-08-16 13:33:38,Ayran,15,4,1,Garson Ayşe
2025-08-16 20:54:38,İskender,150,65,8,Garson Mehmet
2025-08-15 12:53:38,Beyti,160,70,9,Garson Ali
2025-08-15 22:11:38,İskender,150,65,8,Garson Mehmet
2025-08-15 21:00:38,Ezogelin,40,12,3,Garson Ali
2025-08-15 13:18:38,İskender,150,65,8,Garson Ali
2025-08-15 13:19:38,Su,10,2,1,Garson Ali
2025-08-15 20:31:38,İskender,150,65,8,Garson Ayşe
2025-08-15 11:57:38,Beyti,160,70,9,Garson Ali
2025-08-15 11:29:38,Beyti,160,70,9,Garson Ali
2025-08-15 22:14:38,Beyti,160,70,9,Garson Ali
2025-08-15 14:30:38,İskender,150,65,8,Garson Ali
2025-08-15 20:24:38,Su,10,2,1,Garson Ayşe
2025-08-15 20:27:38,İskender,150,65,8,Garson Ali
2025-08-15 18:36:38,Künefe,80,35,5,Garson Ali
2025-08-15 17:19:38,Su,10,2,1,Garson Ayşe
2025-08-15 18:40:38,Adana,140,60,7,Garson Ayşe
2025-08-15 18:28:38,Su,10,2,1,Garson Zeynep
2025-08-15 22:46:38,Su,10,2,1,Garson Ayşe
2025-08-15 16:48:38,İskender,150,65,8,Garson Ayşe
2025-08-15 13:24:38,İskender,150,65,8,Garson Ali
2025-08-15 20:31:38,İskender,150,65,8,Garson Ayşe
2025-08-15 14:55:38,Su,10,2,1,Garson Ayşe
2025-08-15 14:59:38,İskender,150,65,8,Garson Ali
2025-08-15 17:28:38,Su,10,2,1,Garson Ali
2025-08-15 13:47:38,Beyti,160,70,9,Garson Ayşe
2025-08-15 16:39:38,Ayran,15,4,1,Garson Ayşe
2025-08-15 20:20:38,Ezogelin,40,12,3,Garson Ali
2025-08-15 19:46:38,İskender,150,65,8,Garson Ali
2025-08-15 11:02:38,İskender,150,65,8,Garson Ali
2025-08-15 14:47:38,Künefe,80,35,5,Garson Ali
2025-08-15 13:03:38,Beyti,160,70,9,Garson Ayşe
2025-08-15 18:49:38,Beyti,160,70,9,Garson Ali
2025-08-15 23:34:38,İskender,150,65,8,Garson Zeynep
2025-08-15 17:02:38,Beyti,160,70,9,Garson Ali
2025-08-15 13:40:38,Adana,140,60,7,Garson Ali
2025-08-15 13:20:38,İskender,150,65,8,Garson Ali
2025-08-14 14:48:38,Kola,25,15,1,Garson Ayşe
2025-08-14 11:41:38,Adana,140,60,7,Garson Ali
2025-08-14 18:09:38,Beyti,160,70,9,Garson Zeynep
2025-08-14 13:32:38,Mercimek,40,12,3,Garson Zeynep
2025-08-14 19:01:38,İskender,150,65,8,Garson Ali
2025-08-14 12:01:38,Ezogelin,40,12,3,Garson Ayşe
2025-08-14 16:43:38,İskender,150,65,8,Garson Ali
2025-08-14 18:12:38,Su,10,2,1,Garson Ayşe
2025-08-14 15:50:38,Künefe,80,35,5,Garson Ali
2025-08-14 21:27:38,Mercimek,40,12,3,Garson Ali
2025-08-14 16:29:38,İskender,150,65,8,Garson Ali
2025-08-14 12:15:38,İskender,150,65,8,Garson Ayşe
2025-08-14 15:42:38,Su,10,2,1,Garson Mehmet
2025-08-14 22:06:38,Su,10,2,1,Garson Ali
2025-08-14 14:31:38,Ayran,15,4,1,Garson Zeynep
2025-08-14 19:34:38,Adana,140,60,7,Garson Zeynep
2025-08-14 12:16:38,Ayran,15,4,1,Garson Ali
2025-08-14 14:43:38,İskender,150,65,8,Garson Ali
2025-08-14 15:51:38,Beyti,160,70,9,Garson Ali
2025-08-14 12:38:38,Su,10,2,1,Garson Ayşe
2025-08-14 14:48:38,Beyti,160,70,9,Garson Ali
2025-08-14 12:02:38,Su,10,2,1,Garson Ali
2025-08-14 18:35:38,Su,10,2,1,Garson Ali
2025-08-14 12:02:38,İskender,150,65,8,Garson Ayşe
2025-08-14 18:15:38,Beyti,160,70,9,Garson Ayşe
2025-08-14 21:17:38,Kola,25,15,1,Garson Ali
2025-08-13 14:14:38,İskender,150,65,8,Garson Ayşe
2025-08-13 13:58:38,Su,10,2,1,Garson Ali
2025-08-13 13:27:38,Mercimek,40,12,3,Garson Ali
2025-08-13 14:35:38,Su,10,2,1,Garson Ali
2025-08-13 19:36:38,İskender,150,65,8,Garson Ayşe
2025-08-13 12:33:38,Su,10,2,1,Garson Ali
2025-08-13 22:58:38,Künefe,80,35,5,Garson Ali
2025-08-13 11:12:38,Su,10,2,1,Garson Ali
2025-08-13 23:31:38,İskender,150,65,8,Garson Ayşe
2025-08-13 11:23:38,İskender,150,65,8,Garson Ayşe
2025-08-13 17:26:38,Mercimek,40,12,3,Garson Ali
2025-08-13 11:03:38,Beyti,160,70,9,Garson Ali
2025-08-13 18:44:38,Beyti,160,70,9,Garson Ali
2025-08-13 21:10:38,Kola,25,15,1,Garson Ayşe
2025-08-13 22:35:38,Su,10,2,1,Garson Mehmet
2025-08-13 20:35:38,Su,10,2,1,Garson Ayşe
2025-08-13 18:31:38,Mercimek,40,12,3,Garson Ali
2025-08-13 12:08:38,Beyti,160,70,9,Garson Ayşe
2025-08-13 17:34:38,Künefe,80,35,5,Garson Zeynep
2025-08-13 12:07:38,İskender,150,65,8,Garson Ali
2025-08-13 22:55:38,İskender,150,65,8,Garson Ali
2025-08-13 20:16:38,Kola,25,15,1,Garson Ali
2025-08-13 16:34:38,Künefe,80,35,5,Garson Mehmet
2025-08-13 19:54:38,Beyti,160,70,9,Garson Ali
2025-08-13 19:23:38,Su,10,2,1,Garson Ali
2025-08-13 18:15:38,Su,10,2,1,Garson Ali
2025-08-13 12:53:38,Su,10,2,1,Garson Ali
2025-08-13 16:32:38,Su,10,2,1,Garson Ayşe
2025-08-13 23:18:38,Kola,25,15,1,Garson Mehmet
2025-08-13 22:38:38,Su,10,2,1,Garson Ali
2025-08-13 17:18:38,İskender,150,65,8,Garson Ayşe
2025-08-13 15:36:38,Beyti,160,70,9,Garson Ayşe
2025-08-13 18:13:38,Adana,140,60,7,Garson Mehmet
2025-08-13 12:55:38,İskender,150,65,8,Garson Ali
2025-08-13 12:44:38,Beyti,160,70,9,Garson Ali
2025-08-13 17:32:38,Beyti,160,70,9,Garson Ayşe
2025-08-13 19:40:38,Adana,140,60,7,Garson Ali
2025-08-13 14:21:38,Su,10,2,1,Garson Ayşe
2025-08-12 15:30:38,Ayran,15,4,1,Garson Ayşe
2025-08-12 15:37:38,Mercimek,40,12,3,Garson Ali
2025-08-12 11:21:38,Su,10,2,1,Garson Ayşe
2025-08-12 21:47:38,Su,10,2,1,Garson Ali
2025-08-12 17:21:38,Adana,140,60,7,Garson Ayşe
2025-08-12 13:23:38,Adana,140,60,7,Garson Ayşe
2025-08-12 20:50:38,İskender,150,65,8,Garson Ali
2025-08-12 21:26:38,İskender,150,65,8,Garson Mehmet
2025-08-12 14:23:38,Su,10,2,1,Garson Mehmet
2025-08-12 17:08:38,Mercimek,40,12,3,Garson Ayşe
2025-08-12 19:17:38,İskender,150,65,8,Garson Ayşe
2025-08-12 11:10:38,Su,10,2,1,Garson Ali
2025-08-12 16:54:38,İskender,150,65,8,Garson Mehmet
2025-08-12 22:07:38,İskender,150,65,8,Garson Ayşe
2025-08-12 22:26:38,Kola,25,15,1,Garson Ayşe
2025-08-12 23:21:38,Künefe,80,35,5,Garson Mehmet
2025-08-12 14:36:38,Su,10,2,1,Garson Ali
2025-08-12 15:15:38,Kola,25,15,1,Garson Ali
2025-08-12 23:11:38,Beyti,160,70,9,Garson Ayşe
2025-08-12 11:03:38,Beyti,160,70,9,Garson Ayşe
2025-08-12 16:30:38,Ayran,15,4,1,Garson Mehmet
2025-08-12 18:18:38,Su,10,2,1,Garson Zeynep
2025-08-12 20:20:38,İskender,150,65,8,Garson Ali
2025-08-12 16:14:38,Kola,25,15,1,Garson Ayşe
2025-08-12 15:01:38,İskender,150,65,8,Garson Ayşe
2025-08-12 13:04:38,İskender,150,65,8,Garson Ayşe
2025-08-12 13:01:38,Su,10,2,1,Garson Ali
2025-08-12 19:48:38,Beyti,160,70,9,Garson Ali
2025-08-12 16:34:38,Künefe,80,35,5,Garson Ali
2025-08-12 12:02:38,İskender,150,65,8,Garson Ali
2025-08-12 23:40:38,Beyti,160,70,9,Garson Ayşe
2025-08-12 16:17:38,Adana,140,60,7,Garson Ayşe
2025-08-12 21:40:38,Kola,25,15,1,Garson Ali
2025-08-12 15:18:38,İskender,150,65,8,Garson Ayşe
2025-08-12 20:56:38,Beyti,160,70,9,Garson Ayşe
2025-08-12 21:47:38,Su,10,2,1,Garson Ali
2025-08-12 12:54:38,Künefe,80,35,5,Garson Ali
2025-08-12 22:42:38,İskender,150,65,8,Garson Zeynep
2025-08-12 14:18:38,Su,10,2,1,Garson Ayşe
2025-08-11 15:19:38,Su,10,2,1,Garson Ali
2025-08-11 21:44:38,Kola,25,15,1,Garson Ali
2025-08-11 12:54:38,Kola,25,15,1,Garson Ali
2025-08-11 12:20:38,Su,10,2,1,Garson Ali
2025-08-11 13:46:38,Su,10,2,1,Garson Ayşe
2025-08-11 18:46:38,Adana,140,60,7,Garson Ali
2025-08-11 21:20:38,İskender,150,65,8,Garson Ali
2025-08-11 17:57:38,Kola,25,15,1,Garson Ayşe
2025-08-11 14:08:38,Su,10,2,1,Garson Mehmet
2025-08-11 12:05:38,Mercimek,40,12,3,Garson Ali
2025-08-11 23:20:38,Su,10,2,1,Garson Ali
2025-08-11 17:36:38,İskender,150,65,8,Garson Ayşe
2025-08-11 21:45:38,Kola,25,15,1,Garson Ayşe
2025-08-11 14:36:38,Beyti,160,70,9,Garson Mehmet
2025-08-11 13:58:38,Kola,25,15,1,Garson Ali
2025-08-11 21:03:38,Beyti,160,70,9,Garson Ali
2025-08-11 12:05:38,İskender,150,65,8,Garson Ayşe
2025-08-11 19:23:38,İskender,150,65,8,Garson Ali
2025-08-11 15:30:38,Adana,140,60,7,Garson Ali
2025-08-11 18:36:38,Su,10,2,1,Garson Ali
2025-08-11 12:40:38,Beyti,160,70,9,Garson Ali
2025-08-11 19:09:38,Beyti,160,70,9,Garson Ayşe
2025-08-11 17:25:38,Mercimek,40,12,3,Garson Ali
2025-08-11 16:05:38,İskender,150,65,8,Garson Ali
2025-08-11 22:01:38,Adana,140,60,7,Garson Ayşe
2025-08-11 12:36:38,Ayran,15,4,1,Garson Ali
2025-08-11 13:47:38,Su,10,2,1,Garson Ali
2025-08-11 19:57:38,Beyti,160,70,9,Garson Ayşe
2025-08-11 23:27:38,Su,10,2,1,Garson Ali
2025-08-10 17:19:38,İskender,150,65,8,Garson Ayşe
2025-08-10 17:06:38,Beyti,160,70,9,Garson Ayşe
2025-08-10 22:10:38,Adana,140,60,7,Garson Ayşe
2025-08-10 14:45:38,Su,10,2,1,Garson Ali
2025-08-10 17:31:38,Adana,140,60,7,Garson Ali
2025-08-10 18:01:38,Adana,140,60,7,Garson Mehmet
2025-08-10 16:09:38,Adana,140,60,7,Garson Ali
2025-08-10 21:28:38,Mercimek,40,12,3,Garson Ali
2025-08-10 20:53:38,İskender,150,65,8,Garson Ayşe
2025-08-10 16:39:38,Gavurdağı,60,20,3,Garson Zeynep
2025-08-10 11:16:38,İskender,150,65,8,Garson Ali
2025-08-10 14:07:38,Su,10,2,1,Garson Ali
2025-08-10 13:05:38,İskender,150,65,8,Garson Ayşe
2025-08-10 20:02:38,İskender,150,65,8,Garson Ali
2025-08-10 16:28:38,Beyti,160,70,9,Garson Ali
2025-08-10 21:08:38,Kola,25,15,1,Garson Mehmet
2025-08-10 23:17:38,Beyti,160,70,9,Garson Ayşe
2025-08-10 21:26:38,Künefe,80,35,5,Garson Ali
2025-08-10 18:46:38,İskender,150,65,8,Garson Ayşe
2025-08-10 11:33:38,Künefe,80,35,5,Garson Ayşe
2025-08-10 22:49:38,Su,10,2,1,Garson Ayşe
2025-08-10 17:11:38,Beyti,160,70,9,Garson Ayşe
2025-08-10 16:21:38,Beyti,160,70,9,Garson Ali
2025-08-10 23:31:38,Beyti,160,70,9,Garson Ali
2025-08-10 11:58:38,Beyti,160,70,9,Garson Ali
2025-08-10 14:39:38,Ezogelin,40,12,3,Garson Ali
2025-08-10 13:40:38,Kola,25,15,1,Garson Ali
2025-08-10 11:58:38,Beyti,160,70,9,Garson Mehmet
2025-08-10 17:22:38,Su,10,2,1,Garson Ayşe
2025-08-10 20:16:38,İskender,150,65,8,Garson Ali
2025-08-10 18:58:38,İskender,150,65,8,Garson Mehmet
2025-08-10 19:04:38,Su,10,2,1,Garson Ali
2025-08-10 16:51:38,Künefe,80,35,5,Garson Ali
2025-08-10 18:57:38,Beyti,160,70,9,Garson Ali
2025-08-10 21:09:38,Su,10,2,1,Garson Ayşe
2025-08-10 19:16:38,Adana,140,60,7,Garson Ali
2025-08-10 13:45:38,Kola,25,15,1,Garson Ali
2025-08-10 16:18:38,İskender,150,65,8,Garson Ali
2025-08-10 21:24:38,Künefe,80,35,5,Garson Mehmet
2025-08-10 16:42:38,Ezogelin,40,12,3,Garson Mehmet
2025-08-10 11:36:38,Ayran,15,4,1,Garson Ali
2025-08-10 15:57:38,Su,10,2,1,Garson Ali
2025-08-10 12:09:38,Su,10,2,1,Garson Ali
2025-08-10 21:54:38,Kola,25,15,1,Garson Ali
2025-08-10 19:56:38,Mercimek,40,12,3,Garson Zeynep
2025-08-10 18:19:38,Su,10,2,1,Garson Ayşe
2025-08-10 19:22:38,Ayran,15,4,1,Garson Ayşe
2025-08-10 18:38:38,Ezogelin,40,12,3,Garson Ayşe
2025-08-10 23:00:38,Ezogelin,40,12,3,Garson Mehmet
2025-08-10 16:05:38,Ezogelin,40,12,3,Garson Ali
2025-08-10 22:47:38,Su,10,2,1,Garson Ayşe
2025-08-10 16:06:38,Beyti,160,70,9,Garson Ali
2025-08-10 20:10:38,Künefe,80,35,5,Garson Mehmet
2025-08-10 12:37:38,İskender,150,65,8,Garson Ayşe
2025-08-10 21:59:38,Su,10,2,1,Garson Ayşe
2025-08-09 13:59:38,Kola,25,15,1,Garson Ayşe
2025-08-09 14:47:38,İskender,150,65,8,Garson Ali
2025-08-09 11:38:38,Beyti,160,70,9,Garson Ali
2025-08-09 14:07:38,Kola,25,15,1,Garson Ali
2025-08-09 14:39:38,Su,10,2,1,Garson Ali
2025-08-09 13:26:38,Künefe,80,35,5,Garson Ayşe
2025-08-09 17:44:38,Mercimek,40,12,3,Garson Ayşe
2025-08-09 17:52:38,Su,10,2,1,Garson Ayşe
2025-08-09 11:19:38,Su,10,2,1,Garson Ali
2025-08-09 19:08:38,İskender,150,65,8,Garson Ali
2025-08-09 18:19:38,Beyti,160,70,9,Garson Ali
2025-08-09 12:46:38,Su,10,2,1,Garson Ali
2025-08-09 21:34:38,İskender,150,65,8,Garson Ayşe
2025-08-09 16:32:38,Beyti,160,70,9,Garson Ayşe
2025-08-09 21:15:38,Su,10,2,1,Garson Mehmet
2025-08-09 20:03:38,Kola,25,15,1,Garson Ali
2025-08-09 12:51:38,Kola,25,15,1,Garson Ayşe
2025-08-09 21:57:38,Beyti,160,70,9,Garson Ali
2025-08-09 12:23:38,Ayran,15,4,1,Garson Ali
2025-08-09 11:55:38,İskender,150,65,8,Garson Ali
2025-08-09 11:43:38,Beyti,160,70,9,Garson Zeynep
2025-08-09 22:28:38,Su,10,2,1,Garson Ali
2025-08-09 14:48:38,İskender,150,65,8,Garson Ayşe
2025-08-09 17:57:38,Su,10,2,1,Garson Ali
2025-08-09 19:39:38,Su,10,2,1,Garson Ali
2025-08-09 21:40:38,Mercimek,40,12,3,Garson Ali
2025-08-09 11:29:38,Ayran,15,4,1,Garson Ali
2025-08-09 21:04:38,Ezogelin,40,12,3,Garson Ali
2025-08-09 16:30:38,İskender,150,65,8,Garson Mehmet
2025-08-09 14:01:38,Adana,140,60,7,Garson Ayşe
2025-08-09 12:47:38,İskender,150,65,8,Garson Ali
2025-08-09 11:51:38,Beyti,160,70,9,Garson Ali
2025-08-09 23:13:38,Beyti,160,70,9,Garson Ayşe
2025-08-09 23:44:38,Beyti,160,70,9,Garson Ayşe
2025-08-09 20:40:38,Su,10,2,1,Garson Ali
2025-08-09 23:39:38,İskender,150,65,8,Garson Ali
2025-08-09 19:07:38,Su,10,2,1,Garson Ali
2025-08-09 14:31:38,Adana,140,60,7,Garson Ayşe
2025-08-09 23:44:38,Ayran,15,4,1,Garson Zeynep
2025-08-09 17:28:38,Su,10,2,1,Garson Ayşe
2025-08-09 16:36:38,Beyti,160,70,9,Garson Mehmet
2025-08-09 22:29:38,Ayran,15,4,1,Garson Ayşe
2025-08-09 17:43:38,Su,10,2,1,Garson Ali
2025-08-09 17:04:38,Su,10,2,1,Garson Ali
2025-08-09 16:30:38,İskender,150,65,8,Garson Ali
2025-08-09 17:04:38,Su,10,2,1,Garson Ayşe
2025-08-09 17:37:38,İskender,150,65,8,Garson Ali
2025-08-09 11:13:38,Su,10,2,1,Garson Mehmet
2025-08-09 14:38:38,Su,10,2,1,Garson Ayşe
2025-08-09 12:33:38,Adana,140,60,7,Garson Ali
2025-08-09 17:43:38,İskender,150,65,8,Garson Ali
2025-08-09 23:30:38,Kola,25,15,1,Garson Ali
2025-08-09 14:37:38,Su,10,2,1,Garson Ali
2025-08-09 23:56:38,Ezogelin,40,12,3,Garson Ayşe
2025-08-09 14:47:38,Adana,140,60,7,Garson Ayşe
2025-08-09 20:01:38,Adana,140,60,7,Garson Ali
2025-08-09 21:26:38,Su,10,2,1,Garson Ali
2025-08-09 12:54:38,Su,10,2,1,Garson Ali
2025-08-09 17:22:38,Su,10,2,1,Garson Ali
2025-08-09 23:55:38,İskender,150,65,8,Garson Ali
2025-08-09 21:26:38,Su,10,2,1,Garson Ali
2025-08-09 14:25:38,İskender,150,65,8,Garson Mehmet
2025-08-09 15:41:38,Beyti,160,70,9,Garson Ali
2025-08-09 14:15:38,Ayran,15,4,1,Garson Ayşe
2025-08-09 16:55:38,İskender,150,65,8,Garson Ali
2025-08-09 21:46:38,Künefe,80,35,5,Garson Ali
2025-08-09 18:34:38,Künefe,80,35,5,Garson Ayşe
2025-08-09 14:16:38,Kola,25,15,1,Garson Ali
2025-08-09 21:40:38,İskender,150,65,8,Garson Ali
2025-08-09 22:10:38,Mercimek,40,12,3,Garson Ali
2025-08-09 20:56:38,Künefe,80,35,5,Garson Ali
2025-08-09 19:32:38,Mercimek,40,12,3,Garson Ali
2025-08-09 23:54:38,Künefe,80,35,5,Garson Ali
2025-08-09 23:22:38,Su,10,2,1,Garson Ali
2025-08-09 13:35:38,Su,10,2,1,Garson Ali
2025-08-09 20:57:38,Adana,140,60,7,Garson Ayşe
2025-08-09 16:32:38,Künefe,80,35,5,Garson Ali
2025-08-09 13:22:38,Su,10,2,1,Garson Ayşe
2025-08-09 22:12:38,İskender,150,65,8,Garson Ali
2025-08-09 14:39:38,Künefe,80,35,5,Garson Zeynep
2025-08-09 22:56:38,Adana,140,60,7,Garson Ayşe
2025-08-09 15:18:38,Beyti,160,70,9,Garson Ali
2025-08-09 18:34:38,Su,10,2,1,Garson Mehmet
2025-08-09 13:03:38,Su,10,2,1,Garson Ali
2025-08-09 21:45:38,İskender,150,65,8,Garson Ayşe
2025-08-08 20:38:38,İskender,150,65,8,Garson Zeynep
2025-08-08 17:09:38,İskender,150,65,8,Garson Ali
2025-08-08 19:07:38,Ayran,15,4,1,Garson Zeynep
2025-08-08 23:13:38,Adana,140,60,7,Garson Ayşe
2025-08-08 13:25:38,Ayran,15,4,1,Garson Ayşe
2025-08-08 15:53:38,Beyti,160,70,9,Garson Ali
2025-08-08 21:37:38,İskender,150,65,8,Garson Ali
2025-08-08 11:51:38,Beyti,160,70,9,Garson Zeynep
2025-08-08 18:08:38,Su,10,2,1,Garson Zeynep
2025-08-08 16:14:38,Künefe,80,35,5,Garson Ayşe
2025-08-08 23:31:38,İskender,150,65,8,Garson Ali
2025-08-08 13:19:38,Kola,25,15,1,Garson Zeynep
2025-08-08 12:29:38,Kola,25,15,1,Garson Ayşe
2025-08-08 14:56:38,Kola,25,15,1,Garson Mehmet
2025-08-08 20:51:38,İskender,150,65,8,Garson Ali
2025-08-08 20:53:38,Mercimek,40,12,3,Garson Ali
2025-08-08 12:19:38,Künefe,80,35,5,Garson Mehmet
2025-08-08 18:15:38,Mercimek,40,12,3,Garson Ayşe
2025-08-08 14:35:38,Su,10,2,1,Garson Ayşe
2025-08-08 13:17:38,Su,10,2,1,Garson Ayşe
2025-08-08 22:08:38,İskender,150,65,8,Garson Ali
2025-08-08 22:19:38,İskender,150,65,8,Garson Ali
2025-08-08 21:42:38,Su,10,2,1,Garson Ayşe
2025-08-08 12:07:38,Beyti,160,70,9,Garson Ali
2025-08-08 22:02:38,Kola,25,15,1,Garson Ali
2025-08-08 23:10:38,Su,10,2,1,Garson Ayşe
2025-08-08 20:01:38,Su,10,2,1,Garson Ayşe
2025-08-07 13:31:38,Ezogelin,40,12,3,Garson Ali
2025-08-07 22:06:38,İskender,150,65,8,Garson Ali
2025-08-07 12:38:38,Su,10,2,1,Garson Ayşe
2025-08-07 18:29:38,Ayran,15,4,1,Garson Ali
2025-08-07 15:09:38,Beyti,160,70,9,Garson Ayşe
2025-08-07 20:24:38,Kola,25,15,1,Garson Ayşe
2025-08-07 20:29:38,Su,10,2,1,Garson Ali
2025-08-07 13:17:38,Su,10,2,1,Garson Ayşe
2025-08-07 18:05:38,Beyti,160,70,9,Garson Ayşe
2025-08-07 23:30:38,Su,10,2,1,Garson Mehmet
2025-08-07 18:35:38,Ayran,15,4,1,Garson Ayşe
2025-08-07 21:02:38,Su,10,2,1,Garson Mehmet
2025-08-07 18:48:38,Künefe,80,35,5,Garson Ali
2025-08-07 20:30:38,Su,10,2,1,Garson Ayşe
2025-08-07 16:45:38,Su,10,2,1,Garson Ali
2025-08-07 12:45:38,Beyti,160,70,9,Garson Ali
2025-08-07 21:02:38,Su,10,2,1,Garson Ayşe
2025-08-07 17:36:38,Ayran,15,4,1,Garson Ali
2025-08-07 18:06:38,Beyti,160,70,9,Garson Ayşe
2025-08-07 22:58:38,Su,10,2,1,Garson Ayşe
2025-08-06 19:37:38,Adana,140,60,7,Garson Zeynep
2025-08-06 16:51:38,Su,10,2,1,Garson Ali
2025-08-06 13:08:38,Mercimek,40,12,3,Garson Ali
2025-08-06 13:28:38,Künefe,80,35,5,Garson Mehmet
2025-08-06 22:24:38,Su,10,2,1,Garson Ali
2025-08-06 20:13:38,İskender,150,65,8,Garson Ayşe
2025-08-06 12:50:38,Su,10,2,1,Garson Ali
2025-08-06 15:43:38,Mercimek,40,12,3,Garson Ayşe
2025-08-06 12:07:38,Su,10,2,1,Garson Zeynep
2025-08-06 19:13:38,İskender,150,65,8,Garson Ayşe
2025-08-06 13:34:38,Beyti,160,70,9,Garson Ali
2025-08-06 22:47:38,İskender,150,65,8,Garson Zeynep
2025-08-06 22:27:38,Kola,25,15,1,Garson Zeynep
2025-08-06 18:30:38,Kola,25,15,1,Garson Ayşe
2025-08-06 19:06:38,İskender,150,65,8,Garson Ali
2025-08-06 13:02:38,Su,10,2,1,Garson Ali
2025-08-06 18:01:38,Ayran,15,4,1,Garson Ayşe
2025-08-06 12:55:38,İskender,150,65,8,Garson Ali
2025-08-06 13:57:38,Kola,25,15,1,Garson Ayşe
2025-08-06 21:11:38,Beyti,160,70,9,Garson Ali
2025-08-06 20:41:38,Ayran,15,4,1,Garson Ayşe
2025-08-06 18:23:38,İskender,150,65,8,Garson Ali
2025-08-06 20:34:38,Künefe,80,35,5,Garson Ali
2025-08-06 11:15:38,Künefe,80,35,5,Garson Ali
2025-08-06 12:31:38,Beyti,160,70,9,Garson Ali
2025-08-06 11:02:38,Künefe,80,35,5,Garson Ali
2025-08-06 15:22:38,Beyti,160,70,9,Garson Ali
2025-08-05 19:00:38,İskender,150,65,8,Garson Ayşe
2025-08-05 16:41:38,Ezogelin,40,12,3,Garson Ali
2025-08-05 13:12:38,Su,10,2,1,Garson Ayşe
2025-08-05 23:30:38,Beyti,160,70,9,Garson Zeynep
2025-08-05 23:20:38,İskender,150,65,8,Garson Ayşe
2025-08-05 12:41:38,İskender,150,65,8,Garson Ayşe
2025-08-05 18:40:38,Künefe,80,35,5,Garson Ayşe
2025-08-05 11:28:38,Adana,140,60,7,Garson Ayşe
2025-08-05 22:42:38,Künefe,80,35,5,Garson Ali
2025-08-05 12:31:38,Ezogelin,40,12,3,Garson Ali
2025-08-05 19:02:38,Ayran,15,4,1,Garson Ali
2025-08-05 20:33:38,Su,10,2,1,Garson Zeynep
2025-08-05 11:28:38,Su,10,2,1,Garson Ali
2025-08-05 22:53:38,Kola,25,15,1,Garson Ali
2025-08-05 20:27:38,Su,10,2,1,Garson Ali
2025-08-05 17:57:38,Adana,140,60,7,Garson Ali
2025-08-05 22:50:38,Mercimek,40,12,3,Garson Ali
2025-08-05 11:12:38,Mercimek,40,12,3,Garson Ali
2025-08-05 21:40:38,Künefe,80,35,5,Garson Ali
2025-08-05 18:57:38,Su,10,2,1,Garson Ayşe
2025-08-05 23:25:38,Adana,140,60,7,Garson Ayşe
2025-08-05 13:07:38,İskender,150,65,8,Garson Ali
2025-08-05 21:01:38,Kola,25,15,1,Garson Ali
2025-08-05 18:18:38,Su,10,2,1,Garson Ayşe
2025-08-05 15:44:38,Ayran,15,4,1,Garson Ali
2025-08-05 12:29:38,Ayran,15,4,1,Garson Ayşe
2025-08-05 23:05:38,İskender,150,65,8,Garson Ali
2025-08-05 17:56:38,Su,10,2,1,Garson Ali
2025-08-05 11:20:38,İskender,150,65,8,Garson Ayşe
2025-08-05 11:56:38,İskender,150,65,8,Garson Ayşe
2025-08-05 14:59:38,Beyti,160,70,9,Garson Ayşe
2025-08-04 11:32:38,Beyti,160,70,9,Garson Ali
2025-08-04 18:53:38,İskender,150,65,8,Garson Ayşe
2025-08-04 17:36:38,Beyti,160,70,9,Garson Ayşe
2025-08-04 13:13:38,Kola,25,15,1,Garson Ali
2025-08-04 19:14:38,Ayran,15,4,1,Garson Ali
2025-08-04 22:10:38,Adana,140,60,7,Garson Mehmet
2025-08-04 22:10:38,Beyti,160,70,9,Garson Ali
2025-08-04 14:22:38,İskender,150,65,8,Garson Ayşe
2025-08-04 15:09:38,Ayran,15,4,1,Garson Ali
2025-08-04 15:11:38,Beyti,160,70,9,Garson Ali
2025-08-04 14:02:38,Adana,140,60,7,Garson Ayşe
2025-08-04 18:52:38,İskender,150,65,8,Garson Ali
2025-08-04 13:42:38,Mercimek,40,12,3,Garson Ali
2025-08-04 20:17:38,Beyti,160,70,9,Garson Ali
2025-08-04 22:38:38,Ezogelin,40,12,3,Garson Ayşe
2025-08-04 19:05:38,Su,10,2,1,Garson Ayşe
2025-08-04 15:04:38,Ayran,15,4,1,Garson Ali
2025-08-04 11:11:38,İskender,150,65,8,Garson Ali
2025-08-04 12:02:38,Beyti,160,70,9,Garson Mehmet
2025-08-04 16:27:38,Su,10,2,1,Garson Ali
2025-08-04 13:09:38,Beyti,160,70,9,Garson Mehmet
2025-08-04 23:21:38,Su,10,2,1,Garson Ali
2025-08-04 18:32:38,İskender,150,65,8,Garson Ali
2025-08-03 21:29:38,Kola,25,15,1,Garson Ayşe
2025-08-03 21:55:38,Su,10,2,1,Garson Ali
2025-08-03 12:15:38,Beyti,160,70,9,Garson Ali
2025-08-03 17:27:38,Künefe,80,35,5,Garson Ali
2025-08-03 20:42:38,Kola,25,15,1,Garson Ali
2025-08-03 16:22:38,Su,10,2,1,Garson Ayşe
2025-08-03 16:25:38,Kola,25,15,1,Garson Ayşe
2025-08-03 18:58:38,Su,10,2,1,Garson Ali
2025-08-03 12:08:38,Kola,25,15,1,Garson Ayşe
2025-08-03 18:46:38,Kola,25,15,1,Garson Zeynep
2025-08-03 11:27:38,Beyti,160,70,9,Garson Ali
2025-08-03 16:31:38,Beyti,160,70,9,Garson Ali
2025-08-03 15:53:38,Ayran,15,4,1,Garson Ayşe
2025-08-03 12:00:38,İskender,150,65,8,Garson Ali
2025-08-03 23:17:38,Beyti,160,70,9,Garson Ali
2025-08-03 22:44:38,Mercimek,40,12,3,Garson Ayşe
2025-08-03 16:25:38,İskender,150,65,8,Garson Mehmet
2025-08-03 15:44:38,Su,10,2,1,Garson Ali
2025-08-03 23:10:38,İskender,150,65,8,Garson Ali
2025-08-03 14:07:38,Kola,25,15,1,Garson Ali
2025-08-03 15:30:38,Adana,140,60,7,Garson Ayşe
2025-08-03 14:57:38,Ayran,15,4,1,Garson Ali
2025-08-03 14:32:38,Kola,25,15,1,Garson Ali
2025-08-03 15:38:38,Su,10,2,1,Garson Ayşe
2025-08-03 11:24:38,İskender,150,65,8,Garson Ali
2025-08-03 17:23:38,İskender,150,65,8,Garson Ali
2025-08-03 17:08:38,Beyti,160,70,9,Garson Ayşe
2025-08-03 12:39:38,Su,10,2,1,Garson Ali
2025-08-03 23:07:38,Ezogelin,40,12,3,Garson Ali
2025-08-03 23:41:38,Beyti,160,70,9,Garson Mehmet
2025-08-03 13:22:38,Künefe,80,35,5,Garson Ali
2025-08-03 18:22:38,Mercimek,40,12,3,Garson Mehmet
2025-08-03 15:39:38,Adana,140,60,7,Garson Ali
2025-08-03 22:42:38,Adana,140,60,7,Garson Ali
2025-08-03 20:55:38,Su,10,2,1,Garson Ayşe
2025-08-03 11:39:38,Beyti,160,70,9,Garson Ali
2025-08-03 15:13:38,Ayran,15,4,1,Garson Ayşe
2025-08-03 19:54:38,İskender,150,65,8,Garson Ali
2025-08-03 11:57:38,Beyti,160,70,9,Garson Ayşe
2025-08-03 22:04:38,Su,10,2,1,Garson Ayşe
2025-08-03 13:29:38,İskender,150,65,8,Garson Ali
2025-08-03 13:57:38,Beyti,160,70,9,Garson Ayşe
2025-08-03 12:17:38,Su,10,2,1,Garson Ali
2025-08-03 20:23:38,Su,10,2,1,Garson Ali
2025-08-03 17:58:38,Adana,140,60,7,Garson Ali
2025-08-03 21:20:38,İskender,150,65,8,Garson Zeynep
2025-08-03 22:17:38,Adana,140,60,7,Garson Ali
2025-08-03 17:15:38,Kola,25,15,1,Garson Ali
2025-08-03 23:46:38,Mercimek,40,12,3,Garson Ali
2025-08-03 15:10:38,Ayran,15,4,1,Garson Ayşe
2025-08-03 16:16:38,Su,10,2,1,Garson Ali
2025-08-03 22:44:38,İskender,150,65,8,Garson Ali
2025-08-03 23:29:38,İskender,150,65,8,Garson Ali
2025-08-03 19:52:38,Mercimek,40,12,3,Garson Mehmet
2025-08-03 15:55:38,Su,10,2,1,Garson Ali
2025-08-03 16:31:38,Beyti,160,70,9,Garson Ali
2025-08-03 23:19:38,Künefe,80,35,5,Garson Ali
2025-08-03 22:49:38,Su,10,2,1,Garson Ali
2025-08-03 22:33:38,İskender,150,65,8,Garson Ali
2025-08-03 14:10:38,Beyti,160,70,9,Garson Ali
2025-08-03 14:59:38,Ayran,15,4,1,Garson Mehmet
2025-08-03 18:08:38,Su,10,2,1,Garson Ayşe
2025-08-03 14:24:38,Su,10,2,1,Garson Ayşe
2025-08-03 12:13:38,Ezogelin,40,12,3,Garson Mehmet
2025-08-02 11:36:38,Beyti,160,70,9,Garson Zeynep
2025-08-02 17:25:38,Kola,25,15,1,Garson Ali
2025-08-02 23:17:38,İskender,150,65,8,Garson Ali
2025-08-02 15:20:38,Künefe,80,35,5,Garson Mehmet
2025-08-02 18:15:38,Su,10,2,1,Garson Ali
2025-08-02 14:15:38,Kola,25,15,1,Garson Ayşe
2025-08-02 18:52:38,İskender,150,65,8,Garson Ali
2025-08-02 20:45:38,Beyti,160,70,9,Garson Ali
2025-08-02 16:50:38,İskender,150,65,8,Garson Ali
2025-08-02 14:03:38,Adana,140,60,7,Garson Ayşe
2025-08-02 14:01:38,İskender,150,65,8,Garson Ayşe
2025-08-02 13:35:38,Ayran,15,4,1,Garson Zeynep
2025-08-02 15:13:38,Ezogelin,40,12,3,Garson Ali
2025-08-02 15:18:38,İskender,150,65,8,Garson Ali
2025-08-02 21:59:38,Kola,25,15,1,Garson Ayşe
2025-08-02 21:55:38,İskender,150,65,8,Garson Ali
2025-08-02 19:25:38,Beyti,160,70,9,Garson Ayşe
2025-08-02 22:17:38,Beyti,160,70,9,Garson Ayşe
2025-08-02 19:14:38,İskender,150,65,8,Garson Ali
2025-08-02 22:25:38,Kola,25,15,1,Garson Ali
2025-08-02 15:07:38,Su,10,2,1,Garson Ali
2025-08-02 12:03:38,Kola,25,15,1,Garson Ali
2025-08-02 20:27:38,Adana,140,60,7,Garson Ali
2025-08-02 13:29:38,İskender,150,65,8,Garson Ayşe
2025-08-02 17:27:38,Su,10,2,1,Garson Ayşe
2025-08-02 22:11:38,Kola,25,15,1,Garson Ayşe
2025-08-02 19:38:38,Mercimek,40,12,3,Garson Ayşe
2025-08-02 17:06:38,İskender,150,65,8,Garson Ayşe
2025-08-02 17:02:38,Künefe,80,35,5,Garson Ayşe
2025-08-02 23:36:38,İskender,150,65,8,Garson Ali
2025-08-02 15:42:38,Adana,140,60,7,Garson Ali
2025-08-02 16:23:38,Künefe,80,35,5,Garson Ayşe
2025-08-02 22:40:38,Su,10,2,1,Garson Ali
2025-08-02 16:05:38,Su,10,2,1,Garson Ali
2025-08-02 16:28:38,Ayran,15,4,1,Garson Ali
2025-08-02 22:33:38,Adana,140,60,7,Garson Ali
2025-08-02 20:46:38,Beyti,160,70,9,Garson Ayşe
2025-08-02 16:42:38,İskender,150,65,8,Garson Ali
2025-08-02 11:40:38,Beyti,160,70,9,Garson Ayşe
2025-08-02 11:34:38,Su,10,2,1,Garson Ali
2025-08-02 13:55:38,Beyti,160,70,9,Garson Ayşe
2025-08-02 15:12:38,Su,10,2,1,Garson Ali
2025-08-02 19:54:38,Kola,25,15,1,Garson Ayşe
2025-08-02 13:09:38,İskender,150,65,8,Garson Mehmet
2025-08-02 20:31:38,Su,10,2,1,Garson Ali
2025-08-02 11:48:38,Adana,140,60,7,Garson Ali
2025-08-02 22:57:38,Adana,140,60,7,Garson Ali
2025-08-02 15:36:38,Beyti,160,70,9,Garson Ali
2025-08-02 21:04:38,Su,10,2,1,Garson Ali
2025-08-02 19:08:38,Ayran,15,4,1,Garson Ayşe
2025-08-02 11:12:38,Su,10,2,1,Garson Ayşe
2025-08-02 11:09:38,Su,10,2,1,Garson Ayşe
2025-08-02 16:07:38,Su,10,2,1,Garson Ayşe
2025-08-02 22:05:38,Kola,25,15,1,Garson Mehmet
2025-08-02 23:36:38,Künefe,80,35,5,Garson Ali
2025-08-02 18:01:38,İskender,150,65,8,Garson Ayşe
2025-08-02 17:53:38,İskender,150,65,8,Garson Ali
2025-08-02 13:59:38,Mercimek,40,12,3,Garson Ali
2025-08-02 22:39:38,Künefe,80,35,5,Garson Ayşe
2025-08-02 23:36:38,Beyti,160,70,9,Garson Zeynep
2025-08-02 22:26:38,Adana,140,60,7,Garson Ali
2025-08-02 20:00:38,Su,10,2,1,Garson Ali
2025-08-02 16:09:38,Mercimek,40,12,3,Garson Ali
2025-08-02 12:21:38,Ayran,15,4,1,Garson Ayşe
2025-08-02 21:20:38,Ayran,15,4,1,Garson Ali
2025-08-02 17:55:38,Beyti,160,70,9,Garson Ayşe
2025-08-02 18:09:38,Mercimek,40,12,3,Garson Ayşe
2025-08-02 15:42:38,Adana,140,60,7,Garson Ali
2025-08-02 11:35:38,Beyti,160,70,9,Garson Ayşe
2025-08-02 14:55:38,Su,10,2,1,Garson Ali
2025-08-02 19:47:38,Ayran,15,4,1,Garson Ayşe
2025-08-02 21:08:38,Kola,25,15,1,Garson Ali
2025-08-02 15:28:38,Su,10,2,1,Garson Ali
2025-08-02 19:45:38,Su,10,2,1,Garson Ayşe
2025-08-02 23:39:38,Beyti,160,70,9,Garson Ayşe
2025-08-01 16:53:38,Su,10,2,1,Garson Ali
2025-08-01 23:35:38,Ayran,15,4,1,Garson Ali
2025-08-01 18:56:38,Su,10,2,1,Garson Ali
2025-08-01 22:41:38,İskender,150,65,8,Garson Ayşe
2025-08-01 23:29:38,İskender,150,65,8,Garson Ayşe
2025-08-01 17:13:38,Adana,140,60,7,Garson Ali
2025-08-01 18:38:38,Su,10,2,1,Garson Ali
2025-08-01 15:36:38,Su,10,2,1,Garson Ali
2025-08-01 11:20:38,Mercimek,40,12,3,Garson Ayşe
2025-08-01 17:14:38,Künefe,80,35,5,Garson Ali
2025-08-01 17:08:38,Su,10,2,1,Garson Ali
2025-08-01 14:07:38,Kola,25,15,1,Garson Ayşe
2025-08-01 23:56:38,Beyti,160,70,9,Garson Ali
2025-08-01 17:24:38,Adana,140,60,7,Garson Ali
2025-08-01 13:07:38,İskender,150,65,8,Garson Ayşe
2025-08-01 12:09:38,Adana,140,60,7,Garson Ali
2025-08-01 21:07:38,Künefe,80,35,5,Garson Ali
2025-08-01 20:22:38,Kola,25,15,1,Garson Ayşe
2025-08-01 22:12:38,Kola,25,15,1,Garson Ali
2025-08-01 12:24:38,Mercimek,40,12,3,Garson Ayşe
2025-08-01 12:38:38,İskender,150,65,8,Garson Ayşe
2025-08-01 22:19:38,Beyti,160,70,9,Garson Ayşe
2025-08-01 22:40:38,Ezogelin,40,12,3,Garson Ayşe
2025-08-01 14:33:38,Su,10,2,1,Garson Ayşe
2025-08-01 14:32:38,Künefe,80,35,5,Garson Ali
2025-08-01 17:45:38,Mercimek,40,12,3,Garson Ali
2025-08-01 19:11:38,Su,10,2,1,Garson Ayşe
2025-08-01 15:40:38,Beyti,160,70,9,Garson Ayşe
2025-08-01 13:54:38,Kola,25,15,1,Garson Ayşe
2025-08-01 20:36:38,Kola,25,15,1,Garson Ali
2025-08-01 21:57:38,Künefe,80,35,5,Garson Ali
2025-08-01 17:00:38,Beyti,160,70,9,Garson Mehmet
2025-08-01 13:37:38,Ayran,15,4,1,Garson Zeynep
2025-08-01 18:38:38,Beyti,160,70,9,Garson Ayşe
2025-07-31 18:37:38,Beyti,160,70,9,Garson Ayşe
2025-07-31 16:26:38,Adana,140,60,7,Garson Ayşe
2025-07-31 23:43:38,Beyti,160,70,9,Garson Mehmet
2025-07-31 22:09:38,İskender,150,65,8,Garson Ali
2025-07-31 18:40:38,Künefe,80,35,5,Garson Ali
2025-07-31 17:47:38,Ayran,15,4,1,Garson Ali
2025-07-31 23:37:38,Künefe,80,35,5,Garson Ali
2025-07-31 11:27:38,Su,10,2,1,Garson Mehmet
2025-07-31 17:16:38,Beyti,160,70,9,Garson Ayşe
2025-07-31 14:06:38,Mercimek,40,12,3,Garson Ali
2025-07-31 15:35:38,Su,10,2,1,Garson Ali
2025-07-31 11:44:38,Beyti,160,70,9,Garson Ali
2025-07-31 21:41:38,İskender,150,65,8,Garson Ayşe
2025-07-31 20:10:38,İskender,150,65,8,Garson Ali
2025-07-31 16:26:38,Beyti,160,70,9,Garson Ali
2025-07-31 21:46:38,Kola,25,15,1,Garson Ayşe
2025-07-31 19:25:38,Ayran,15,4,1,Garson Ali
2025-07-31 18:54:38,İskender,150,65,8,Garson Ali
2025-07-31 13:38:38,Kola,25,15,1,Garson Ali
2025-07-31 15:42:38,Su,10,2,1,Garson Ayşe
2025-07-31 20:21:38,Su,10,2,1,Garson Zeynep
2025-07-31 14:15:38,Künefe,80,35,5,Garson Ali
2025-07-31 11:03:38,Kola,25,15,1,Garson Mehmet
2025-07-31 14:59:38,Su,10,2,1,Garson Ayşe
2025-07-31 19:03:38,Su,10,2,1,Garson Zeynep
2025-07-31 23:33:38,Beyti,160,70,9,Garson Ali
2025-07-31 17:44:38,İskender,150,65,8,Garson Ali
2025-07-31 17:23:38,Su,10,2,1,Garson Ayşe
2025-07-31 22:09:38,Su,10,2,1,Garson Ayşe
2025-07-31 14:31:38,Su,10,2,1,Garson Ayşe
2025-07-30 18:46:38,Mercimek,40,12,3,Garson Ali
2025-07-30 22:43:38,Beyti,160,70,9,Garson Ali
2025-07-30 16:40:38,Beyti,160,70,9,Garson Ali
2025-07-30 12:41:38,Beyti,160,70,9,Garson Ali
2025-07-30 19:51:38,Su,10,2,1,Garson Ayşe
2025-07-30 15:09:38,Su,10,2,1,Garson Ali
2025-07-30 12:03:38,İskender,150,65,8,Garson Ayşe
2025-07-30 23:10:38,Su,10,2,1,Garson Ali
2025-07-30 23:42:38,Beyti,160,70,9,Garson Ali
2025-07-30 12:15:38,Beyti,160,70,9,Garson Ali
2025-07-30 14:16:38,Adana,140,60,7,Garson Mehmet
2025-07-30 11:54:38,İskender,150,65,8,Garson Ali
2025-07-30 21:42:38,Beyti,160,70,9,Garson Ayşe
2025-07-30 13:28:38,Kola,25,15,1,Garson Ali
2025-07-30 14:23:38,Su,10,2,1,Garson Ali
2025-07-30 19:15:38,Beyti,160,70,9,Garson Ali
2025-07-30 20:19:38,Beyti,160,70,9,Garson Ali
2025-07-30 11:19:38,Su,10,2,1,Garson Ali
2025-07-30 16:46:38,Künefe,80,35,5,Garson Ali
2025-07-30 11:48:38,Künefe,80,35,5,Garson Ayşe
2025-07-30 20:36:38,Künefe,80,35,5,Garson Ali
2025-07-30 18:18:38,Beyti,160,70,9,Garson Ali
2025-07-30 13:11:38,İskender,150,65,8,Garson Ali
2025-07-30 17:18:38,Beyti,160,70,9,Garson Zeynep
2025-07-30 13:27:38,Beyti,160,70,9,Garson Ali
2025-07-30 22:29:38,Künefe,80,35,5,Garson Ali
2025-07-30 12:45:38,Künefe,80,35,5,Garson Zeynep
2025-07-30 23:40:38,İskender,150,65,8,Garson Ali
2025-07-30 20:43:38,Kola,25,15,1,Garson Ayşe
2025-07-30 23:58:38,Beyti,160,70,9,Garson Ali
2025-07-30 18:09:38,Su,10,2,1,Garson Ayşe
2025-07-30 21:09:38,Kola,25,15,1,Garson Ali
2025-07-30 16:08:38,İskender,150,65,8,Garson Ayşe
2025-07-30 14:47:38,Beyti,160,70,9,Garson Ali
2025-07-30 17:06:38,İskender,150,65,8,Garson Ali
2025-07-30 18:48:38,İskender,150,65,8,Garson Ayşe
2025-07-30 13:15:38,Beyti,160,70,9,Garson Zeynep
2025-07-30 15:20:38,Kola,25,15,1,Garson Ali
2025-07-30 13:40:38,Beyti,160,70,9,Garson Ali
2025-07-30 16:10:38,Su,10,2,1,Garson Ali
2025-07-29 12:18:38,Adana,140,60,7,Garson Ayşe
2025-07-29 12:14:38,Beyti,160,70,9,Garson Mehmet
2025-07-29 14:25:38,Ayran,15,4,1,Garson Ali
2025-07-29 14:20:38,Adana,140,60,7,Garson Ali
2025-07-29 20:56:38,Beyti,160,70,9,Garson Ali
2025-07-29 11:38:38,Kola,25,15,1,Garson Ali
2025-07-29 13:16:38,Beyti,160,70,9,Garson Ali
2025-07-29 20:08:38,İskender,150,65,8,Garson Mehmet
2025-07-29 15:21:38,Su,10,2,1,Garson Zeynep
2025-07-29 11:57:38,Su,10,2,1,Garson Ali
2025-07-29 17:44:38,İskender,150,65,8,Garson Mehmet
2025-07-29 16:48:38,Ezogelin,40,12,3,Garson Ayşe
2025-07-29 20:43:38,Beyti,160,70,9,Garson Ayşe
2025-07-29 14:23:38,Ayran,15,4,1,Garson Ali
2025-07-29 15:42:38,Künefe,80,35,5,Garson Ayşe
2025-07-29 22:07:38,Su,10,2,1,Garson Ali
2025-07-29 22:26:38,Su,10,2,1,Garson Ali
2025-07-29 22:02:38,Künefe,80,35,5,Garson Mehmet
2025-07-29 13:59:38,Adana,140,60,7,Garson Ali
2025-07-29 19:37:38,Beyti,160,70,9,Garson Ali
2025-07-29 12:08:38,Ayran,15,4,1,Garson Ali
2025-07-29 16:55:38,Beyti,160,70,9,Garson Zeynep
2025-07-29 21:11:38,Su,10,2,1,Garson Ali
2025-07-29 20:23:38,Ayran,15,4,1,Garson Ali
2025-07-29 21:01:38,Mercimek,40,12,3,Garson Ayşe
2025-07-29 13:07:38,Beyti,160,70,9,Garson Ali
2025-07-29 13:33:38,İskender,150,65,8,Garson Ali
2025-07-29 15:35:38,Su,10,2,1,Garson Zeynep
2025-07-29 23:34:38,Kola,25,15,1,Garson Ali
2025-07-29 18:47:38,Beyti,160,70,9,Garson Mehmet
2025-07-29 23:26:38,Su,10,2,1,Garson Ali
2025-07-29 17:13:38,Adana,140,60,7,Garson Ali
2025-07-29 16:34:38,İskender,150,65,8,Garson Mehmet
2025-07-29 21:35:38,İskender,150,65,8,Garson Ali
2025-07-28 22:16:38,Su,10,2,1,Garson Ayşe
2025-07-28 15:29:38,Beyti,160,70,9,Garson Ali
2025-07-28 17:34:38,Beyti,160,70,9,Garson Mehmet
2025-07-28 19:09:38,Kola,25,15,1,Garson Ayşe
2025-07-28 15:04:38,İskender,150,65,8,Garson Ali
2025-07-28 11:29:38,Su,10,2,1,Garson Ayşe
2025-07-28 17:07:38,Beyti,160,70,9,Garson Ali
2025-07-28 19:03:38,Kola,25,15,1,Garson Ali
2025-07-28 17:01:38,Su,10,2,1,Garson Ayşe
2025-07-28 20:15:38,Su,10,2,1,Garson Zeynep
2025-07-28 15:11:38,Ayran,15,4,1,Garson Ayşe
2025-07-28 19:21:38,Beyti,160,70,9,Garson Ali
2025-07-28 12:37:38,İskender,150,65,8,Garson Mehmet
2025-07-28 20:30:38,İskender,150,65,8,Garson Ali
2025-07-28 13:28:38,Su,10,2,1,Garson Ali
2025-07-28 14:46:38,İskender,150,65,8,Garson Ayşe
2025-07-28 18:30:38,Mercimek,40,12,3,Garson Mehmet
2025-07-28 13:06:38,Kola,25,15,1,Garson Ali
2025-07-28 21:32:38,Ezogelin,40,12,3,Garson Ali
2025-07-28 20:47:38,Ayran,15,4,1,Garson Ayşe
2025-07-28 13:47:38,Mercimek,40,12,3,Garson Ali
2025-07-28 12:05:38,İskender,150,65,8,Garson Ayşe
2025-07-28 20:24:38,İskender,150,65,8,Garson Ali
2025-07-28 11:59:38,İskender,150,65,8,Garson Zeynep
2025-07-28 23:53:38,Adana,140,60,7,Garson Ali
2025-07-28 11:29:38,Beyti,160,70,9,Garson Ali
2025-07-28 17:00:38,Künefe,80,35,5,Garson Ali
2025-07-28 19:04:38,Beyti,160,70,9,Garson Ayşe
2025-07-28 21:23:38,İskender,150,65,8,Garson Zeynep
2025-07-28 13:30:38,İskender,150,65,8,Garson Ayşe
2025-07-28 14:19:38,Su,10,2,1,Garson Ali
2025-07-28 19:53:38,Su,10,2,1,Garson Ayşe
2025-07-28 22:44:38,Kola,25,15,1,Garson Ali
2025-07-28 22:56:38,Kola,25,15,1,Garson Ali
2025-07-27 11:03:38,Ezogelin,40,12,3,Garson Ali
2025-07-27 22:05:38,Mercimek,40,12,3,Garson Ali
2025-07-27 17:03:38,Beyti,160,70,9,Garson Mehmet
2025-07-27 19:11:38,İskender,150,65,8,Garson Ali
2025-07-27 23:51:38,Su,10,2,1,Garson Ali
2025-07-27 17:15:38,Su,10,2,1,Garson Ayşe
2025-07-27 21:20:38,Mercimek,40,12,3,Garson Ayşe
2025-07-27 14:28:38,Beyti,160,70,9,Garson Ayşe
2025-07-27 21:09:38,Beyti,160,70,9,Garson Ayşe
2025-07-27 18:41:38,Su,10,2,1,Garson Ali
2025-07-27 14:32:38,Beyti,160,70,9,Garson Ali
2025-07-27 12:12:38,Beyti,160,70,9,Garson Ali
2025-07-27 16:33:38,Su,10,2,1,Garson Zeynep
2025-07-27 20:58:38,Su,10,2,1,Garson Mehmet
2025-07-27 16:37:38,Su,10,2,1,Garson Ali
2025-07-27 13:46:38,Su,10,2,1,Garson Ayşe
2025-07-27 13:08:38,Ayran,15,4,1,Garson Ali
2025-07-27 12:04:38,Su,10,2,1,Garson Mehmet
2025-07-27 18:54:38,Su,10,2,1,Garson Ali
2025-07-27 23:28:38,Ayran,15,4,1,Garson Ali
2025-07-27 20:48:38,Beyti,160,70,9,Garson Ali
2025-07-27 17:21:38,Künefe,80,35,5,Garson Ayşe
2025-07-27 21:26:38,Kola,25,15,1,Garson Ayşe
2025-07-27 23:41:38,İskender,150,65,8,Garson Ali
2025-07-27 17:58:38,Su,10,2,1,Garson Mehmet
2025-07-27 13:56:38,Beyti,160,70,9,Garson Ali
2025-07-27 19:26:38,İskender,150,65,8,Garson Ali
2025-07-27 17:47:38,Beyti,160,70,9,Garson Ayşe
2025-07-27 23:37:38,Künefe,80,35,5,Garson Ayşe
2025-07-27 12:29:38,Beyti,160,70,9,Garson Ayşe
2025-07-27 21:52:38,Mercimek,40,12,3,Garson Ayşe
2025-07-27 21:50:38,Ayran,15,4,1,Garson Ayşe
2025-07-27 13:17:38,Beyti,160,70,9,Garson Ayşe
2025-07-27 21:02:38,İskender,150,65,8,Garson Zeynep
2025-07-27 16:50:38,İskender,150,65,8,Garson Ali
2025-07-27 21:59:38,İskender,150,65,8,Garson Ali
2025-07-27 15:53:38,Su,10,2,1,Garson Ayşe
2025-07-27 23:01:38,Su,10,2,1,Garson Ali
2025-07-27 20:26:38,Ayran,15,4,1,Garson Ayşe
2025-07-27 19:42:38,İskender,150,65,8,Garson Mehmet
2025-07-27 23:11:38,İskender,150,65,8,Garson Ali
2025-07-27 15:18:38,Beyti,160,70,9,Garson Ayşe
2025-07-27 18:03:38,İskender,150,65,8,Garson Ali
2025-07-27 12:27:38,İskender,150,65,8,Garson Mehmet
2025-07-27 12:19:38,Su,10,2,1,Garson Zeynep
2025-07-27 20:55:38,Su,10,2,1,Garson Ayşe
2025-07-27 22:56:38,Beyti,160,70,9,Garson Ali
2025-07-27 22:58:38,Künefe,80,35,5,Garson Ayşe
2025-07-27 23:28:38,İskender,150,65,8,Garson Ali
2025-07-27 17:47:38,Kola,25,15,1,Garson Ali
2025-07-27 11:04:38,Kola,25,15,1,Garson Ali
2025-07-27 21:09:38,Beyti,160,70,9,Garson Ali
2025-07-27 14:46:38,Ayran,15,4,1,Garson Ali
2025-07-27 13:58:38,Beyti,160,70,9,Garson Ayşe
2025-07-27 14:11:38,Adana,140,60,7,Garson Ayşe
2025-07-27 17:33:38,Ayran,15,4,1,Garson Mehmet
2025-07-27 17:45:38,Beyti,160,70,9,Garson Ali
2025-07-27 17:04:38,İskender,150,65,8,Garson Ayşe
2025-07-27 22:43:38,Adana,140,60,7,Garson Mehmet
2025-07-27 16:17:38,İskender,150,65,8,Garson Ali
2025-07-27 13:51:38,İskender,150,65,8,Garson Ayşe
2025-07-26 13:47:38,İskender,150,65,8,Garson Zeynep
2025-07-26 15:33:38,Su,10,2,1,Garson Ayşe
2025-07-26 13:37:38,Su,10,2,1,Garson Ali
2025-07-26 16:33:38,Mercimek,40,12,3,Garson Ali
2025-07-26 22:04:38,Kola,25,15,1,Garson Ali
2025-07-26 23:10:38,İskender,150,65,8,Garson Ali
2025-07-26 16:00:38,Beyti,160,70,9,Garson Ayşe
2025-07-26 17:27:38,Kola,25,15,1,Garson Ali
2025-07-26 13:34:38,Beyti,160,70,9,Garson Ayşe
2025-07-26 17:31:38,Su,10,2,1,Garson Ali
2025-07-26 15:36:38,Su,10,2,1,Garson Ali
2025-07-26 13:51:38,İskender,150,65,8,Garson Ayşe
2025-07-26 16:07:38,İskender,150,65,8,Garson Ayşe
2025-07-26 14:45:38,Su,10,2,1,Garson Ali
2025-07-26 18:55:38,Kola,25,15,1,Garson Ali
2025-07-26 15:04:38,İskender,150,65,8,Garson Mehmet
2025-07-26 18:20:38,Su,10,2,1,Garson Ayşe
2025-07-26 23:08:38,Su,10,2,1,Garson Ali
2025-07-26 21:30:38,Künefe,80,35,5,Garson Ali
2025-07-26 18:56:38,Beyti,160,70,9,Garson Ali
2025-07-26 19:08:38,İskender,150,65,8,Garson Ali
2025-07-26 23:55:38,Su,10,2,1,Garson Mehmet
2025-07-26 22:42:38,Beyti,160,70,9,Garson Mehmet
2025-07-26 22:07:38,Beyti,160,70,9,Garson Ayşe
2025-07-26 13:38:38,Su,10,2,1,Garson Ali
2025-07-26 20:58:38,İskender,150,65,8,Garson Mehmet
2025-07-26 13:32:38,Su,10,2,1,Garson Ali
2025-07-26 17:54:38,Beyti,160,70,9,Garson Ali
2025-07-26 13:52:38,İskender,150,65,8,Garson Ayşe
2025-07-26 17:53:38,Beyti,160,70,9,Garson Ayşe
2025-07-26 16:01:38,İskender,150,65,8,Garson Ayşe
2025-07-26 20:08:38,Su,10,2,1,Garson Ali
2025-07-26 19:34:38,İskender,150,65,8,Garson Ayşe
2025-07-26 15:00:38,Kola,25,15,1,Garson Ayşe
2025-07-26 19:29:38,Su,10,2,1,Garson Ali
2025-07-26 16:23:38,Ezogelin,40,12,3,Garson Ali
2025-07-26 20:25:38,Ezogelin,40,12,3,Garson Ayşe
2025-07-26 23:40:38,Mercimek,40,12,3,Garson Ali
2025-07-26 15:49:38,Mercimek,40,12,3,Garson Ayşe
2025-07-26 19:41:38,Beyti,160,70,9,Garson Ali
2025-07-26 16:13:38,Beyti,160,70,9,Garson Ali
2025-07-26 22:48:38,Beyti,160,70,9,Garson Mehmet
2025-07-26 11:50:38,Su,10,2,1,Garson Zeynep
2025-07-26 14:59:38,Su,10,2,1,Garson Ali
2025-07-26 23:41:38,Beyti,160,70,9,Garson Zeynep
2025-07-26 13:51:38,Adana,140,60,7,Garson Ali
2025-07-26 11:17:38,Mercimek,40,12,3,Garson Mehmet
2025-07-26 18:27:38,Beyti,160,70,9,Garson Ayşe
2025-07-26 11:52:38,Ayran,15,4,1,Garson Ayşe
2025-07-26 14:14:38,Künefe,80,35,5,Garson Ayşe
2025-07-26 18:39:38,Su,10,2,1,Garson Ayşe
2025-07-26 11:56:38,Su,10,2,1,Garson Ayşe
2025-07-26 15:54:38,Beyti,160,70,9,Garson Ali
2025-07-26 19:54:38,Su,10,2,1,Garson Ayşe
2025-07-26 13:51:38,Su,10,2,1,Garson Ali
2025-07-26 15:29:38,Ezogelin,40,12,3,Garson Ayşe
2025-07-26 15:27:38,Adana,140,60,7,Garson Ali
2025-07-26 22:44:38,Su,10,2,1,Garson Ali
2025-07-26 16:02:38,Su,10,2,1,Garson Ali
2025-07-26 11:49:38,İskender,150,65,8,Garson Mehmet
2025-07-26 21:10:38,Beyti,160,70,9,Garson Ali
2025-07-26 16:55:38,Beyti,160,70,9,Garson Ayşe
2025-07-26 18:39:38,Su,10,2,1,Garson Zeynep
2025-07-26 13:14:38,Su,10,2,1,Garson Mehmet
2025-07-26 16:20:38,Su,10,2,1,Garson Ayşe
2025-07-26 23:03:38,Kola,25,15,1,Garson Ayşe
2025-07-26 17:54:38,Beyti,160,70,9,Garson Ayşe
2025-07-26 14:26:38,Adana,140,60,7,Garson Ayşe
2025-07-26 18:43:38,İskender,150,65,8,Garson Mehmet
2025-07-26 18:27:38,Su,10,2,1,Garson Ayşe
2025-07-26 22:27:38,İskender,150,65,8,Garson Ali
2025-07-26 21:41:38,Su,10,2,1,Garson Ali
2025-07-26 22:05:38,Su,10,2,1,Garson Ayşe
2025-07-26 13:12:38,Ayran,15,4,1,Garson Ayşe
2025-07-26 18:40:38,Künefe,80,35,5,Garson Ali
2025-07-26 13:44:38,Su,10,2,1,Garson Ali
2025-07-26 17:59:38,Su,10,2,1,Garson Ali
2025-07-26 18:53:38,İskender,150,65,8,Garson Ayşe
2025-07-26 23:59:38,İskender,150,65,8,Garson Ali
2025-07-26 13:20:38,Künefe,80,35,5,Garson Ayşe
2025-07-26 19:34:38,Kola,25,15,1,Garson Ali
2025-07-26 14:21:38,Beyti,160,70,9,Garson Ali
2025-07-26 17:26:38,Su,10,2,1,Garson Ayşe
2025-07-26 17:27:38,Künefe,80,35,5,Garson Ayşe
2025-07-26 11:38:38,Kola,25,15,1,Garson Ayşe
2025-07-26 15:42:38,Künefe,80,35,5,Garson Ayşe
2025-07-26 23:24:38,Ezogelin,40,12,3,Garson Zeynep
2025-07-26 11:51:38,Adana,140,60,7,Garson Ali
2025-07-25 17:15:38,Künefe,80,35,5,Garson Zeynep
2025-07-25 18:11:38,Beyti,160,70,9,Garson Ali
2025-07-25 12:48:38,Su,10,2,1,Garson Ali
2025-07-25 15:37:38,Su,10,2,1,Garson Ayşe
2025-07-25 18:37:38,Kola,25,15,1,Garson Ali
2025-07-25 20:48:38,Mercimek,40,12,3,Garson Ali
2025-07-25 14:14:38,Künefe,80,35,5,Garson Ayşe
2025-07-25 13:55:38,Beyti,160,70,9,Garson Mehmet
2025-07-25 16:33:38,Adana,140,60,7,Garson Ali
2025-07-25 13:01:38,Adana,140,60,7,Garson Ali
2025-07-25 16:47:38,Künefe,80,35,5,Garson Ali
2025-07-25 17:43:38,İskender,150,65,8,Garson Ali
2025-07-25 20:39:38,Beyti,160,70,9,Garson Ayşe
2025-07-25 17:41:38,Ezogelin,40,12,3,Garson Ali
2025-07-25 21:41:38,Ezogelin,40,12,3,Garson Ali
2025-07-25 14:10:38,Kola,25,15,1,Garson Ayşe
2025-07-25 22:51:38,Kola,25,15,1,Garson Ayşe
2025-07-25 23:47:38,Künefe,80,35,5,Garson Ali
2025-07-25 23:45:38,Beyti,160,70,9,Garson Ali
2025-07-25 17:48:38,İskender,150,65,8,Garson Ali
2025-07-25 17:48:38,Mercimek,40,12,3,Garson Ayşe
2025-07-25 11:43:38,Kola,25,15,1,Garson Ali
2025-07-24 21:01:38,Su,10,2,1,Garson Ali
2025-07-24 11:09:38,Beyti,160,70,9,Garson Ayşe
2025-07-24 18:53:38,Su,10,2,1,Garson Zeynep
2025-07-24 18:33:38,Kola,25,15,1,Garson Ali
2025-07-24 21:30:38,Su,10,2,1,Garson Ayşe
2025-07-24 13:00:38,Beyti,160,70,9,Garson Mehmet
2025-07-24 19:07:38,İskender,150,65,8,Garson Ali
2025-07-24 15:24:38,Beyti,160,70,9,Garson Ali
2025-07-24 16:40:38,Kola,25,15,1,Garson Ali
2025-07-24 16:03:38,Beyti,160,70,9,Garson Ali
2025-07-24 23:50:38,Su,10,2,1,Garson Ali
2025-07-24 20:23:38,Su,10,2,1,Garson Ali
2025-07-24 15:39:38,Ezogelin,40,12,3,Garson Ali
2025-07-24 16:02:38,Su,10,2,1,Garson Ali
2025-07-24 12:20:38,Beyti,160,70,9,Garson Ayşe
2025-07-24 16:35:38,Su,10,2,1,Garson Ayşe
2025-07-24 17:50:38,Adana,140,60,7,Garson Ali
2025-07-24 22:54:38,Adana,140,60,7,Garson Ali
2025-07-24 12:23:38,İskender,150,65,8,Garson Ali
2025-07-24 16:02:38,Mercimek,40,12,3,Garson Ali
2025-07-24 14:54:38,Ezogelin,40,12,3,Garson Ali
2025-07-24 14:29:38,Su,10,2,1,Garson Ayşe
2025-07-24 20:12:38,Ayran,15,4,1,Garson Ayşe
2025-07-24 20:47:38,Ayran,15,4,1,Garson Ali
2025-07-24 22:23:38,Su,10,2,1,Garson Ali
2025-07-24 15:30:38,İskender,150,65,8,Garson Ayşe
2025-07-24 20:03:38,Su,10,2,1,Garson Zeynep
2025-07-24 18:18:38,Beyti,160,70,9,Garson Ayşe
2025-07-24 19:47:38,Künefe,80,35,5,Garson Ali
2025-07-24 22:46:38,Ezogelin,40,12,3,Garson Zeynep
2025-07-24 14:31:38,Su,10,2,1,Garson Zeynep
2025-07-24 23:13:38,İskender,150,65,8,Garson Ali
2025-07-24 23:41:38,İskender,150,65,8,Garson Ayşe
2025-07-24 18:40:38,Adana,140,60,7,Garson Ali
2025-07-24 12:08:38,İskender,150,65,8,Garson Ali
2025-07-24 23:23:38,İskender,150,65,8,Garson Zeynep
2025-07-24 11:25:38,Beyti,160,70,9,Garson Ali
2025-07-24 23:03:38,Su,10,2,1,Garson Ayşe
2025-07-24 23:56:38,İskender,150,65,8,Garson Ayşe
2025-07-24 19:42:38,Beyti,160,70,9,Garson Mehmet
2025-07-23 18:55:38,Kola,25,15,1,Garson Ali
2025-07-23 18:28:38,İskender,150,65,8,Garson Ayşe
2025-07-23 14:38:38,Ezogelin,40,12,3,Garson Ali
2025-07-23 12:38:38,Su,10,2,1,Garson Ali
2025-07-23 17:43:38,İskender,150,65,8,Garson Ayşe
2025-07-23 15:01:38,Beyti,160,70,9,Garson Ayşe
2025-07-23 11:17:38,Beyti,160,70,9,Garson Ayşe
2025-07-23 19:14:38,İskender,150,65,8,Garson Ali
2025-07-23 14:57:38,İskender,150,65,8,Garson Ali
2025-07-23 22:58:38,Su,10,2,1,Garson Ayşe
2025-07-23 14:25:38,Ayran,15,4,1,Garson Mehmet
2025-07-23 23:32:38,Kola,25,15,1,Garson Ali
2025-07-23 20:40:38,Mercimek,40,12,3,Garson Ayşe
2025-07-23 12:44:38,İskender,150,65,8,Garson Ali
2025-07-23 18:16:38,Ezogelin,40,12,3,Garson Ali
2025-07-23 14:47:38,Su,10,2,1,Garson Ali
2025-07-23 17:54:38,Su,10,2,1,Garson Ayşe
2025-07-23 20:12:38,İskender,150,65,8,Garson Mehmet
2025-07-23 22:06:38,Su,10,2,1,Garson Ayşe
2025-07-23 23:54:38,Mercimek,40,12,3,Garson Mehmet
2025-07-23 13:43:38,Mercimek,40,12,3,Garson Ayşe
2025-07-23 13:45:38,Kola,25,15,1,Garson Ali
2025-07-23 17:40:38,Su,10,2,1,Garson Ayşe
2025-07-23 11:12:38,Ezogelin,40,12,3,Garson Ali
2025-07-23 23:45:38,Ezogelin,40,12,3,Garson Ayşe
2025-07-22 15:03:38,Adana,140,60,7,Garson Ayşe
2025-07-22 12:24:38,Kola,25,15,1,Garson Ayşe
2025-07-22 15:00:38,Su,10,2,1,Garson Mehmet
2025-07-22 14:46:38,Adana,140,60,7,Garson Ali
2025-07-22 23:56:38,Ayran,15,4,1,Garson Ali
2025-07-22 18:51:38,İskender,150,65,8,Garson Ali
2025-07-22 17:28:38,Su,10,2,1,Garson Mehmet
2025-07-22 22:16:38,Kola,25,15,1,Garson Zeynep
2025-07-22 14:08:38,Su,10,2,1,Garson Ali
2025-07-22 17:35:38,Ayran,15,4,1,Garson Ali
2025-07-22 11:01:38,Adana,140,60,7,Garson Ayşe
2025-07-22 21:13:38,Mercimek,40,12,3,Garson Ayşe
2025-07-22 21:22:38,Mercimek,40,12,3,Garson Ayşe
2025-07-22 12:28:38,Su,10,2,1,Garson Ali
2025-07-22 11:20:38,İskender,150,65,8,Garson Ayşe
2025-07-22 23:10:38,Su,10,2,1,Garson Ayşe
2025-07-22 13:30:38,Ezogelin,40,12,3,Garson Ayşe
2025-07-22 19:20:38,İskender,150,65,8,Garson Ali
2025-07-22 18:23:38,Kola,25,15,1,Garson Ali
2025-07-22 17:25:38,İskender,150,65,8,Garson Ali
2025-07-22 19:18:38,İskender,150,65,8,Garson Ayşe
2025-07-22 15:46:38,Mercimek,40,12,3,Garson Ali
2025-07-22 15:47:38,Su,10,2,1,Garson Zeynep
2025-07-22 11:32:38,İskender,150,65,8,Garson Ali
2025-07-22 23:20:38,İskender,150,65,8,Garson Mehmet
2025-07-22 11:21:38,İskender,150,65,8,Garson Ayşe
2025-07-22 11:34:38,Su,10,2,1,Garson Ali
2025-07-22 11:15:38,Beyti,160,70,9,Garson Ali
2025-07-22 16:08:38,İskender,150,65,8,Garson Zeynep
2025-07-22 18:12:38,İskender,150,65,8,Garson Ali
2025-07-21 15:43:38,Beyti,160,70,9,Garson Ali
2025-07-21 17:33:38,Su,10,2,1,Garson Ali
2025-07-21 22:15:38,Ayran,15,4,1,Garson Ali
2025-07-21 12:27:38,Su,10,2,1,Garson Ali
2025-07-21 23:18:38,Su,10,2,1,Garson Ali
2025-07-21 19:29:38,Beyti,160,70,9,Garson Ayşe
2025-07-21 16:16:38,İskender,150,65,8,Garson Zeynep
2025-07-21 20:43:38,İskender,150,65,8,Garson Ali
2025-07-21 23:14:38,İskender,150,65,8,Garson Ayşe
2025-07-21 23:46:38,Beyti,160,70,9,Garson Ayşe
2025-07-21 18:50:38,Su,10,2,1,Garson Ali
2025-07-21 17:46:38,Beyti,160,70,9,Garson Ayşe
2025-07-21 23:22:38,Su,10,2,1,Garson Ali
2025-07-21 23:57:38,İskender,150,65,8,Garson Ali
2025-07-21 22:49:38,Beyti,160,70,9,Garson Ali
2025-07-21 21:01:38,Beyti,160,70,9,Garson Ayşe
2025-07-21 12:20:38,Su,10,2,1,Garson Ali
2025-07-21 11:45:38,Ayran,15,4,1,Garson Ayşe
2025-07-21 17:11:38,Beyti,160,70,9,Garson Ayşe
2025-07-21 18:15:38,Su,10,2,1,Garson Ayşe
2025-07-21 17:47:38,Su,10,2,1,Garson Ayşe
2025-07-21 15:13:38,Künefe,80,35,5,Garson Zeynep
2025-07-21 14:27:38,Ezogelin,40,12,3,Garson Ayşe
2025-07-21 14:27:38,Kola,25,15,1,Garson Ayşe
2025-07-21 17:42:38,İskender,150,65,8,Garson Mehmet
2025-07-21 14:43:38,Su,10,2,1,Garson Ayşe
2025-07-21 14:03:38,İskender,150,65,8,Garson Ayşe
2025-07-21 22:31:38,Ezogelin,40,12,3,Garson Ali
2025-07-20 20:28:38,İskender,150,65,8,Garson Ayşe
2025-07-20 14:34:38,Su,10,2,1,Garson Ali
2025-07-20 19:32:38,İskender,150,65,8,Garson Ali
2025-07-20 21:17:38,Ayran,15,4,1,Garson Ali
2025-07-20 20:08:38,İskender,150,65,8,Garson Ayşe
2025-07-20 23:45:38,Beyti,160,70,9,Garson Ali
2025-07-20 20:16:38,İskender,150,65,8,Garson Ali
2025-07-20 23:04:38,Beyti,160,70,9,Garson Mehmet
2025-07-20 15:14:38,Künefe,80,35,5,Garson Ali
2025-07-20 12:44:38,Beyti,160,70,9,Garson Ali
2025-07-20 20:05:38,Beyti,160,70,9,Garson Ali
2025-07-20 21:35:38,Kola,25,15,1,Garson Ali
2025-07-20 15:43:38,Beyti,160,70,9,Garson Ali
2025-07-20 17:21:38,Ayran,15,4,1,Garson Ali
2025-07-20 21:06:38,İskender,150,65,8,Garson Ali
2025-07-20 15:17:38,İskender,150,65,8,Garson Ali
2025-07-20 18:19:38,İskender,150,65,8,Garson Ali
2025-07-20 12:50:38,Ezogelin,40,12,3,Garson Ayşe
2025-07-20 16:54:38,Kola,25,15,1,Garson Mehmet
2025-07-20 14:23:38,Künefe,80,35,5,Garson Ayşe
2025-07-20 19:59:38,Adana,140,60,7,Garson Ayşe
2025-07-20 17:41:38,İskender,150,65,8,Garson Zeynep
2025-07-20 13:57:38,Ezogelin,40,12,3,Garson Ali
2025-07-20 19:43:38,Beyti,160,70,9,Garson Ali
2025-07-20 23:15:38,Beyti,160,70,9,Garson Ayşe
2025-07-20 12:16:38,İskender,150,65,8,Garson Ali
2025-07-20 13:25:38,Künefe,80,35,5,Garson Ali
2025-07-20 14:10:38,Beyti,160,70,9,Garson Ayşe
2025-07-20 14:15:38,İskender,150,65,8,Garson Ali
2025-07-20 13:17:38,İskender,150,65,8,Garson Ali
2025-07-20 19:36:38,Ayran,15,4,1,Garson Ali
2025-07-20 15:50:38,Su,10,2,1,Garson Ayşe
2025-07-20 18:44:38,Adana,140,60,7,Garson Mehmet
2025-07-20 20:09:38,İskender,150,65,8,Garson Ayşe
2025-07-20 20:24:38,Beyti,160,70,9,Garson Ali
2025-07-20 16:56:38,İskender,150,65,8,Garson Ali
2025-07-20 11:39:38,Beyti,160,70,9,Garson Ali
2025-07-20 14:14:38,İskender,150,65,8,Garson Ali
2025-07-20 17:25:38,Ayran,15,4,1,Garson Zeynep
2025-07-20 16:17:38,Künefe,80,35,5,Garson Ayşe
2025-07-20 18:50:38,İskender,150,65,8,Garson Ayşe
2025-07-20 12:28:38,Beyti,160,70,9,Garson Ali
2025-07-20 17:50:38,İskender,150,65,8,Garson Ali
2025-07-20 17:25:38,Su,10,2,1,Garson Ayşe
2025-07-20 12:56:38,Su,10,2,1,Garson Mehmet
2025-07-20 14:27:38,Ezogelin,40,12,3,Garson Ayşe
2025-07-20 16:53:38,Adana,140,60,7,Garson Ali
2025-07-20 17:20:38,Ezogelin,40,12,3,Garson Ali
2025-07-20 23:12:38,İskender,150,65,8,Garson Ayşe
2025-07-20 12:44:38,Su,10,2,1,Garson Ali
2025-07-20 17:09:38,Ezogelin,40,12,3,Garson Ali
2025-07-20 14:50:38,İskender,150,65,8,Garson Ali
2025-07-20 16:57:38,Su,10,2,1,Garson Ayşe
2025-07-20 20:02:38,Ezogelin,40,12,3,Garson Ali
2025-07-20 14:32:38,Kola,25,15,1,Garson Ayşe
2025-07-20 14:37:38,Kola,25,15,1,Garson Ayşe
2025-07-20 15:30:38,Beyti,160,70,9,Garson Ali
2025-07-20 20:25:38,İskender,150,65,8,Garson Ali
2025-07-20 14:01:38,Kola,25,15,1,Garson Ali
2025-07-20 21:33:38,Beyti,160,70,9,Garson Ayşe
2025-07-20 11:25:38,Künefe,80,35,5,Garson Mehmet
2025-07-20 13:06:38,Beyti,160,70,9,Garson Ali
2025-07-20 11:27:38,Adana,140,60,7,Garson Ali
2025-07-20 18:26:38,Adana,140,60,7,Garson Ali
2025-07-20 18:39:38,Su,10,2,1,Garson Ali
2025-07-20 14:21:38,Adana,140,60,7,Garson Ali
2025-07-20 12:39:38,Su,10,2,1,Garson Ali
2025-07-20 23:12:38,Adana,140,60,7,Garson Ayşe
2025-07-20 17:54:38,Mercimek,40,12,3,Garson Ali
2025-07-20 22:54:38,Beyti,160,70,9,Garson Ali
2025-07-20 15:59:38,Mercimek,40,12,3,Garson Mehmet
2025-07-20 15:14:38,İskender,150,65,8,Garson Ali
2025-07-20 20:58:38,Kola,25,15,1,Garson Mehmet
2025-07-20 23:15:38,Su,10,2,1,Garson Ali
2025-07-20 11:25:38,Künefe,80,35,5,Garson Ali
2025-07-20 12:00:38,Mercimek,40,12,3,Garson Ali
2025-07-20 21:14:38,Beyti,160,70,9,Garson Ayşe
2025-07-20 21:11:38,Su,10,2,1,Garson Ayşe
2025-07-20 15:18:38,Su,10,2,1,Garson Ali
2025-07-20 15:26:38,İskender,150,65,8,Garson Ali
2025-07-20 12:09:38,Beyti,160,70,9,Garson Ali
2025-07-20 23:55:38,Adana,140,60,7,Garson Ali
2025-07-20 11:02:38,Su,10,2,1,Garson Ali
2025-07-19 17:47:38,Ezogelin,40,12,3,Garson Ali
2025-07-19 16:11:38,Beyti,160,70,9,Garson Ali
2025-07-19 14:41:38,Su,10,2,1,Garson Ayşe
2025-07-19 11:08:38,Mercimek,40,12,3,Garson Ayşe
2025-07-19 17:12:38,Su,10,2,1,Garson Ayşe
2025-07-19 23:34:38,Künefe,80,35,5,Garson Ali
2025-07-19 15:28:38,Su,10,2,1,Garson Ayşe
2025-07-19 23:51:38,Su,10,2,1,Garson Mehmet
2025-07-19 14:40:38,Beyti,160,70,9,Garson Ali
2025-07-19 11:49:38,Künefe,80,35,5,Garson Ayşe
2025-07-19 14:33:38,Adana,140,60,7,Garson Ali
2025-07-19 11:17:38,Beyti,160,70,9,Garson Ayşe
2025-07-19 16:20:38,İskender,150,65,8,Garson Ayşe
2025-07-19 19:07:38,İskender,150,65,8,Garson Ali
2025-07-19 20:16:38,Ayran,15,4,1,Garson Ali
2025-07-19 19:22:38,Adana,140,60,7,Garson Zeynep
2025-07-19 21:53:38,Kola,25,15,1,Garson Ayşe
2025-07-19 21:17:38,İskender,150,65,8,Garson Ali
2025-07-19 21:14:38,İskender,150,65,8,Garson Ali
2025-07-19 19:30:38,Su,10,2,1,Garson Ali
2025-07-19 18:59:38,Beyti,160,70,9,Garson Ayşe
2025-07-19 18:21:38,İskender,150,65,8,Garson Ali
2025-07-19 12:46:38,İskender,150,65,8,Garson Ali
2025-07-19 14:23:38,Su,10,2,1,Garson Ali
2025-07-19 21:51:38,Su,10,2,1,Garson Mehmet
2025-07-19 18:58:38,Beyti,160,70,9,Garson Ayşe
2025-07-19 21:29:38,İskender,150,65,8,Garson Ali
2025-07-19 12:18:38,İskender,150,65,8,Garson Ali
2025-07-19 21:06:38,Kola,25,15,1,Garson Ali
2025-07-19 15:10:38,Mercimek,40,12,3,Garson Ayşe
2025-07-19 15:21:38,İskender,150,65,8,Garson Ayşe
2025-07-19 18:01:38,İskender,150,65,8,Garson Ali
2025-07-19 16:34:38,Kola,25,15,1,Garson Ali
2025-07-19 13:21:38,Künefe,80,35,5,Garson Zeynep
2025-07-19 19:41:38,Künefe,80,35,5,Garson Ayşe
2025-07-19 22:43:38,Adana,140,60,7,Garson Ayşe
2025-07-19 18:58:38,Su,10,2,1,Garson Ali
2025-07-19 22:23:38,İskender,150,65,8,Garson Ali
2025-07-19 15:20:38,İskender,150,65,8,Garson Ayşe
2025-07-19 19:41:38,İskender,150,65,8,Garson Mehmet
2025-07-19 19:29:38,İskender,150,65,8,Garson Ayşe
2025-07-19 14:15:38,Su,10,2,1,Garson Ali
2025-07-19 11:00:38,Su,10,2,1,Garson Ali
2025-07-19 11:58:38,Su,10,2,1,Garson Ali
2025-07-19 12:16:38,Künefe,80,35,5,Garson Ali
2025-07-19 21:20:38,İskender,150,65,8,Garson Ali
2025-07-19 12:08:38,Kola,25,15,1,Garson Ayşe
2025-07-19 12:19:38,Künefe,80,35,5,Garson Ali
2025-07-19 12:10:38,Su,10,2,1,Garson Mehmet
2025-07-19 18:14:38,Beyti,160,70,9,Garson Ayşe
2025-07-19 21:51:38,Ezogelin,40,12,3,Garson Ali
2025-07-19 20:59:38,Beyti,160,70,9,Garson Ayşe
2025-07-19 13:35:38,Su,10,2,1,Garson Ayşe
2025-07-19 12:22:38,Ayran,15,4,1,Garson Ali
2025-07-19 13:04:38,Beyti,160,70,9,Garson Ayşe
2025-07-19 18:51:38,Su,10,2,1,Garson Ali
2025-07-19 22:40:38,Kola,25,15,1,Garson Ali
2025-07-19 21:48:38,İskender,150,65,8,Garson Ali
2025-07-19 17:53:38,İskender,150,65,8,Garson Ayşe
2025-07-19 19:16:38,Beyti,160,70,9,Garson Mehmet
2025-07-19 11:20:38,İskender,150,65,8,Garson Ali
2025-07-19 23:02:38,Kola,25,15,1,Garson Ayşe
2025-07-19 14:26:38,Beyti,160,70,9,Garson Ali
2025-07-19 14:17:38,Su,10,2,1,Garson Mehmet
2025-07-19 19:23:38,Kola,25,15,1,Garson Zeynep
2025-07-19 23:46:38,İskender,150,65,8,Garson Ali
2025-07-19 21:10:38,Beyti,160,70,9,Garson Ali
2025-07-19 19:27:38,Künefe,80,35,5,Garson Ali
2025-07-19 18:25:38,Beyti,160,70,9,Garson Ayşe
2025-07-19 11:20:38,Kola,25,15,1,Garson Ali
2025-07-19 19:04:38,İskender,150,65,8,Garson Ayşe
2025-07-19 22:59:38,İskender,150,65,8,Garson Ali
2025-07-19 17:46:38,Adana,140,60,7,Garson Ali
2025-07-19 16:45:38,Su,10,2,1,Garson Ayşe
2025-07-19 21:18:38,Künefe,80,35,5,Garson Mehmet
2025-07-19 23:36:38,Beyti,160,70,9,Garson Ayşe
2025-07-19 16:50:38,Su,10,2,1,Garson Ali
2025-07-19 20:19:38,Beyti,160,70,9,Garson Ali
2025-07-19 23:45:38,Kola,25,15,1,Garson Ali
2025-07-19 13:38:38,İskender,150,65,8,Garson Ayşe
2025-07-19 19:14:38,Künefe,80,35,5,Garson Ayşe
2025-07-19 18:30:38,Beyti,160,70,9,Garson Ayşe
2025-07-18 20:04:38,Su,10,2,1,Garson Ali
2025-07-18 11:42:38,Mercimek,40,12,3,Garson Ali
2025-07-18 20:43:38,Kola,25,15,1,Garson Ayşe
2025-07-18 12:24:38,İskender,150,65,8,Garson Ali
2025-07-18 22:51:38,Mercimek,40,12,3,Garson Zeynep
2025-07-18 11:13:38,Beyti,160,70,9,Garson Ayşe
2025-07-18 20:31:38,Beyti,160,70,9,Garson Ayşe
2025-07-18 17:53:38,Su,10,2,1,Garson Ayşe
2025-07-18 14:43:38,Kola,25,15,1,Garson Ali
2025-07-18 17:45:38,İskender,150,65,8,Garson Mehmet
2025-07-18 21:29:38,İskender,150,65,8,Garson Ali
2025-07-18 22:12:38,Beyti,160,70,9,Garson Ali
2025-07-18 20:46:38,İskender,150,65,8,Garson Ali
2025-07-18 21:53:38,Kola,25,15,1,Garson Ayşe
2025-07-18 21:42:38,İskender,150,65,8,Garson Ali
2025-07-18 16:15:38,Su,10,2,1,Garson Mehmet
2025-07-18 19:30:38,Ayran,15,4,1,Garson Mehmet
2025-07-18 13:26:38,Su,10,2,1,Garson Ali
2025-07-18 16:28:38,İskender,150,65,8,Garson Ali
2025-07-18 14:00:38,Su,10,2,1,Garson Ali
2025-07-18 21:26:38,Su,10,2,1,Garson Ayşe
2025-07-18 20:30:38,İskender,150,65,8,Garson Ali
2025-07-18 21:47:38,Kola,25,15,1,Garson Ayşe
2025-07-18 13:40:38,Künefe,80,35,5,Garson Ali
2025-07-17 15:49:38,Beyti,160,70,9,Garson Ali
2025-07-17 14:57:38,İskender,150,65,8,Garson Ali
2025-07-17 23:05:38,İskender,150,65,8,Garson Mehmet
2025-07-17 21:15:38,Beyti,160,70,9,Garson Ayşe
2025-07-17 18:12:38,Su,10,2,1,Garson Ali
2025-07-17 11:00:38,Su,10,2,1,Garson Ali
2025-07-17 17:03:38,Beyti,160,70,9,Garson Ali
2025-07-17 13:50:38,İskender,150,65,8,Garson Ali
2025-07-17 12:31:38,İskender,150,65,8,Garson Ali
2025-07-17 11:17:38,İskender,150,65,8,Garson Ali
2025-07-17 19:17:38,Su,10,2,1,Garson Ali
2025-07-17 11:15:38,Su,10,2,1,Garson Mehmet
2025-07-17 16:32:38,İskender,150,65,8,Garson Mehmet
2025-07-17 16:53:38,Künefe,80,35,5,Garson Ayşe
2025-07-17 13:26:38,İskender,150,65,8,Garson Ali
2025-07-17 17:29:38,Ezogelin,40,12,3,Garson Ali
2025-07-17 20:01:38,Künefe,80,35,5,Garson Ali
2025-07-17 22:05:38,Mercimek,40,12,3,Garson Ali
2025-07-17 18:23:38,Su,10,2,1,Garson Ali
2025-07-17 14:16:38,Ezogelin,40,12,3,Garson Ali
2025-07-17 13:47:38,Beyti,160,70,9,Garson Ali
2025-07-17 20:53:38,Kola,25,15,1,Garson Ali
2025-07-17 11:32:38,Su,10,2,1,Garson Ayşe
2025-07-17 19:26:38,Mercimek,40,12,3,Garson Ali
2025-07-17 14:25:38,Ayran,15,4,1,Garson Ali
2025-07-17 13:46:38,Su,10,2,1,Garson Mehmet
2025-07-17 19:45:38,İskender,150,65,8,Garson Mehmet
2025-07-17 18:59:38,Mercimek,40,12,3,Garson Ali
2025-07-17 23:55:38,Mercimek,40,12,3,Garson Ayşe
2025-07-17 22:03:38,Su,10,2,1,Garson Ayşe
2025-07-17 19:57:38,Adana,140,60,7,Garson Ali
2025-07-17 13:13:38,Adana,140,60,7,Garson Ali
2025-07-17 22:46:38,Su,10,2,1,Garson Ali
2025-07-17 16:56:38,Su,10,2,1,Garson Ali
2025-07-17 18:45:38,İskender,150,65,8,Garson Ali
2025-07-17 17:53:38,Su,10,2,1,Garson Ali
2025-07-17 20:17:38,Su,10,2,1,Garson Ali
2025-07-17 16:40:38,Kola,25,15,1,Garson Ali
2025-07-17 19:18:38,Ayran,15,4,1,Garson Ali
2025-07-16 18:39:38,Ayran,15,4,1,Garson Mehmet
2025-07-16 15:31:38,Adana,140,60,7,Garson Ayşe
2025-07-16 15:00:38,Su,10,2,1,Garson Ayşe
2025-07-16 17:01:38,Beyti,160,70,9,Garson Ayşe
2025-07-16 21:19:38,Su,10,2,1,Garson Mehmet
2025-07-16 15:22:38,Ayran,15,4,1,Garson Ali
2025-07-16 12:53:38,İskender,150,65,8,Garson Mehmet
2025-07-16 23:06:38,Künefe,80,35,5,Garson Ali
2025-07-16 23:29:38,Adana,140,60,7,Garson Ayşe
2025-07-16 20:21:38,Kola,25,15,1,Garson Ayşe
2025-07-16 13:49:38,Mercimek,40,12,3,Garson Ali
2025-07-16 14:44:38,Beyti,160,70,9,Garson Ali
2025-07-16 18:05:38,Su,10,2,1,Garson Ali
2025-07-16 12:48:38,Mercimek,40,12,3,Garson Ali
2025-07-16 14:30:38,Adana,140,60,7,Garson Ali
2025-07-16 12:26:38,Kola,25,15,1,Garson Ali
2025-07-16 19:29:38,Kola,25,15,1,Garson Ali
2025-07-16 18:23:38,Künefe,80,35,5,Garson Ali
2025-07-16 14:15:38,İskender,150,65,8,Garson Ali
2025-07-16 23:59:38,Su,10,2,1,Garson Ali
2025-07-16 16:41:38,Kola,25,15,1,Garson Ayşe
2025-07-16 22:38:38,Su,10,2,1,Garson Ayşe
2025-07-16 13:03:38,Adana,140,60,7,Garson Ali
2025-07-16 21:55:38,Su,10,2,1,Garson Ayşe
2025-07-16 13:53:38,Beyti,160,70,9,Garson Ali
2025-07-16 21:22:38,Su,10,2,1,Garson Ali
2025-07-16 21:53:38,Ayran,15,4,1,Garson Ali
2025-07-16 20:28:38,Mercimek,40,12,3,Garson Ayşe
2025-07-16 17:52:38,İskender,150,65,8,Garson Ali
2025-07-15 13:58:38,Künefe,80,35,5,Garson Ali
2025-07-15 23:12:38,Beyti,160,70,9,Garson Ali
2025-07-15 21:56:38,Adana,140,60,7,Garson Ali
2025-07-15 15:55:38,Ayran,15,4,1,Garson Ayşe
2025-07-15 18:17:38,Adana,140,60,7,Garson Ali
2025-07-15 11:56:38,Beyti,160,70,9,Garson Ali
2025-07-15 16:13:38,Su,10,2,1,Garson Mehmet
2025-07-15 12:52:38,Beyti,160,70,9,Garson Ali
2025-07-15 21:57:38,Su,10,2,1,Garson Ali
2025-07-15 14:57:38,İskender,150,65,8,Garson Ali
2025-07-15 16:10:38,Su,10,2,1,Garson Ali
2025-07-15 11:49:38,Kola,25,15,1,Garson Ali
2025-07-15 17:46:38,Ayran,15,4,1,Garson Ayşe
2025-07-15 18:24:38,Adana,140,60,7,Garson Ali
2025-07-15 20:32:38,Ayran,15,4,1,Garson Ali
2025-07-15 17:02:38,İskender,150,65,8,Garson Ali
2025-07-15 16:18:38,Künefe,80,35,5,Garson Mehmet
2025-07-15 14:19:38,Adana,140,60,7,Garson Ayşe
2025-07-15 22:41:38,Beyti,160,70,9,Garson Ali
2025-07-15 16:56:38,Beyti,160,70,9,Garson Ayşe
2025-07-15 20:39:38,Adana,140,60,7,Garson Ayşe
2025-07-15 16:39:38,İskender,150,65,8,Garson Ayşe
2025-07-15 16:23:38,Beyti,160,70,9,Garson Mehmet
2025-07-15 23:10:38,Su,10,2,1,Garson Ali
2025-07-15 14:38:38,Su,10,2,1,Garson Ayşe
2025-07-15 23:12:38,İskender,150,65,8,Garson Ali
2025-07-15 16:21:38,Beyti,160,70,9,Garson Zeynep
2025-07-15 21:56:38,Su,10,2,1,Garson Ayşe
2025-07-14 19:15:38,İskender,150,65,8,Garson Ali
2025-07-14 23:28:38,Su,10,2,1,Garson Mehmet
2025-07-14 18:08:38,Su,10,2,1,Garson Ali
2025-07-14 15:49:38,Ayran,15,4,1,Garson Ali
2025-07-14 17:52:38,Su,10,2,1,Garson Ali
2025-07-14 15:34:38,Beyti,160,70,9,Garson Ali
2025-07-14 23:29:38,Kola,25,15,1,Garson Ali
2025-07-14 22:47:38,Beyti,160,70,9,Garson Mehmet
2025-07-14 14:10:38,İskender,150,65,8,Garson Mehmet
2025-07-14 13:19:38,Beyti,160,70,9,Garson Ali
2025-07-14 23:42:38,Su,10,2,1,Garson Ayşe
2025-07-14 21:27:38,Su,10,2,1,Garson Ayşe
2025-07-14 17:59:38,Su,10,2,1,Garson Mehmet
2025-07-14 20:13:38,Ezogelin,40,12,3,Garson Ali
2025-07-14 20:29:38,Su,10,2,1,Garson Ayşe
2025-07-14 15:21:38,Kola,25,15,1,Garson Ali
2025-07-14 22:22:38,Beyti,160,70,9,Garson Ali
2025-07-14 11:10:38,Adana,140,60,7,Garson Ali
2025-07-14 15:48:38,Künefe,80,35,5,Garson Ayşe
2025-07-14 23:51:38,Su,10,2,1,Garson Ayşe
2025-07-14 16:43:38,Beyti,160,70,9,Garson Mehmet
2025-07-14 18:03:38,İskender,150,65,8,Garson Mehmet
2025-07-13 14:01:38,Beyti,160,70,9,Garson Ali
2025-07-13 19:15:38,Künefe,80,35,5,Garson Ali
2025-07-13 13:53:38,İskender,150,65,8,Garson Zeynep
2025-07-13 20:16:38,İskender,150,65,8,Garson Ayşe
2025-07-13 17:17:38,Beyti,160,70,9,Garson Ayşe
2025-07-13 14:39:38,Beyti,160,70,9,Garson Ali
2025-07-13 13:24:38,Kola,25,15,1,Garson Mehmet
2025-07-13 13:06:38,Su,10,2,1,Garson Ali
2025-07-13 18:41:38,Su,10,2,1,Garson Ali
2025-07-13 23:50:38,Su,10,2,1,Garson Mehmet
2025-07-13 23:46:38,Su,10,2,1,Garson Ayşe
2025-07-13 15:31:38,Su,10,2,1,Garson Ali
2025-07-13 11:44:38,Beyti,160,70,9,Garson Ali
2025-07-13 21:41:38,Künefe,80,35,5,Garson Ali
2025-07-13 16:05:38,Kola,25,15,1,Garson Ali
2025-07-13 19:50:38,Beyti,160,70,9,Garson Ali
2025-07-13 19:59:38,Kola,25,15,1,Garson Ali
2025-07-13 14:45:38,Su,10,2,1,Garson Zeynep
2025-07-13 15:00:38,Beyti,160,70,9,Garson Zeynep
2025-07-13 21:11:38,İskender,150,65,8,Garson Ali
2025-07-13 11:38:38,Kola,25,15,1,Garson Ayşe
2025-07-13 15:13:38,Künefe,80,35,5,Garson Ayşe
2025-07-13 20:38:38,Künefe,80,35,5,Garson Ali
2025-07-13 12:13:38,Ayran,15,4,1,Garson Ali
2025-07-13 13:15:38,Ezogelin,40,12,3,Garson Ali
2025-07-13 22:11:38,Beyti,160,70,9,Garson Ali
2025-07-13 22:29:38,İskender,150,65,8,Garson Ali
2025-07-13 19:04:38,Su,10,2,1,Garson Ali
2025-07-13 11:24:38,İskender,150,65,8,Garson Ali
2025-07-13 19:32:38,Beyti,160,70,9,Garson Ali
2025-07-13 21:55:38,Künefe,80,35,5,Garson Mehmet
2025-07-13 20:59:38,Ayran,15,4,1,Garson Ali
2025-07-13 18:08:38,Su,10,2,1,Garson Ayşe
2025-07-13 16:53:38,Ayran,15,4,1,Garson Mehmet
2025-07-13 16:40:38,Beyti,160,70,9,Garson Ayşe
2025-07-13 21:56:38,Beyti,160,70,9,Garson Ayşe
2025-07-13 12:44:38,Kola,25,15,1,Garson Ali
2025-07-13 23:00:38,Künefe,80,35,5,Garson Ayşe
2025-07-13 23:04:38,Künefe,80,35,5,Garson Ali
2025-07-13 12:12:38,Künefe,80,35,5,Garson Ali
2025-07-13 12:10:38,Beyti,160,70,9,Garson Zeynep
2025-07-13 13:23:38,Su,10,2,1,Garson Ayşe
2025-07-13 21:49:38,Beyti,160,70,9,Garson Ali
2025-07-13 22:36:38,Su,10,2,1,Garson Ayşe
2025-07-13 16:03:38,İskender,150,65,8,Garson Ayşe
2025-07-13 20:11:38,Su,10,2,1,Garson Zeynep
2025-07-13 16:16:38,Künefe,80,35,5,Garson Ayşe
2025-07-13 13:25:38,İskender,150,65,8,Garson Ayşe
2025-07-13 22:31:38,Beyti,160,70,9,Garson Ayşe
2025-07-13 23:29:38,Künefe,80,35,5,Garson Ali
2025-07-13 23:47:38,Adana,140,60,7,Garson Ali
2025-07-13 21:07:38,Su,10,2,1,Garson Ali
2025-07-13 18:33:38,Su,10,2,1,Garson Ali
2025-07-13 23:20:38,Kola,25,15,1,Garson Ali
2025-07-13 14:53:38,Adana,140,60,7,Garson Ali
2025-07-13 15:10:38,Kola,25,15,1,Garson Ayşe
2025-07-13 12:15:38,Beyti,160,70,9,Garson Ali
2025-07-13 12:28:38,Kola,25,15,1,Garson Ali
2025-07-13 20:40:38,İskender,150,65,8,Garson Ali
2025-07-13 22:54:38,Su,10,2,1,Garson Ali
2025-07-12 23:59:38,Beyti,160,70,9,Garson Ali
2025-07-12 21:30:38,İskender,150,65,8,Garson Mehmet
2025-07-12 21:25:38,Beyti,160,70,9,Garson Mehmet
2025-07-12 15:55:38,İskender,150,65,8,Garson Ayşe
2025-07-12 21:36:38,Künefe,80,35,5,Garson Ayşe
2025-07-12 22:02:38,Künefe,80,35,5,Garson Ali
2025-07-12 11:11:38,Ezogelin,40,12,3,Garson Ali
2025-07-12 12:54:38,Adana,140,60,7,Garson Ayşe
2025-07-12 14:41:38,Kola,25,15,1,Garson Ali
2025-07-12 20:11:38,Su,10,2,1,Garson Ali
2025-07-12 21:58:38,Su,10,2,1,Garson Ayşe
2025-07-12 16:35:38,Su,10,2,1,Garson Ayşe
2025-07-12 19:07:38,Su,10,2,1,Garson Mehmet
2025-07-12 17:17:38,Adana,140,60,7,Garson Ali
2025-07-12 15:49:38,İskender,150,65,8,Garson Ayşe
2025-07-12 23:12:38,İskender,150,65,8,Garson Ali
2025-07-12 14:41:38,Ayran,15,4,1,Garson Ali
2025-07-12 20:35:38,Adana,140,60,7,Garson Ali
2025-07-12 23:37:38,Mercimek,40,12,3,Garson Ayşe
2025-07-12 16:18:38,Künefe,80,35,5,Garson Ali
2025-07-12 17:54:38,Su,10,2,1,Garson Ali
2025-07-12 20:36:38,Künefe,80,35,5,Garson Zeynep
2025-07-12 16:40:38,Beyti,160,70,9,Garson Ali
2025-07-12 22:42:38,Su,10,2,1,Garson Mehmet
2025-07-12 23:46:38,Kola,25,15,1,Garson Ali
2025-07-12 19:58:38,Su,10,2,1,Garson Zeynep
2025-07-12 14:00:38,İskender,150,65,8,Garson Ali
2025-07-12 14:01:38,İskender,150,65,8,Garson Ali
2025-07-12 17:29:38,Beyti,160,70,9,Garson Ayşe
2025-07-12 18:16:38,Su,10,2,1,Garson Mehmet
2025-07-12 18:09:38,Su,10,2,1,Garson Ayşe
2025-07-12 16:25:38,İskender,150,65,8,Garson Ali
2025-07-12 11:12:38,Kola,25,15,1,Garson Ali
2025-07-12 22:53:38,Künefe,80,35,5,Garson Ayşe
2025-07-12 19:28:38,Su,10,2,1,Garson Mehmet
2025-07-12 19:10:38,Ayran,15,4,1,Garson Ayşe
2025-07-12 13:36:38,Su,10,2,1,Garson Mehmet
2025-07-12 18:51:38,Beyti,160,70,9,Garson Ali
2025-07-12 15:35:38,Beyti,160,70,9,Garson Ayşe
2025-07-12 15:54:38,Mercimek,40,12,3,Garson Ali
2025-07-12 20:34:38,Su,10,2,1,Garson Ali
2025-07-12 14:37:38,Kola,25,15,1,Garson Ali
2025-07-12 21:35:38,İskender,150,65,8,Garson Ayşe
2025-07-12 13:13:38,Su,10,2,1,Garson Ayşe
2025-07-12 20:18:38,Ezogelin,40,12,3,Garson Ali
2025-07-12 19:18:38,Su,10,2,1,Garson Ali
2025-07-12 17:52:38,İskender,150,65,8,Garson Ali
2025-07-12 15:02:38,Ezogelin,40,12,3,Garson Ali
2025-07-12 16:17:38,Su,10,2,1,Garson Ayşe
2025-07-12 23:21:38,İskender,150,65,8,Garson Ayşe
2025-07-12 21:35:38,Su,10,2,1,Garson Ali
2025-07-12 17:05:38,Su,10,2,1,Garson Ali
2025-07-12 20:39:38,İskender,150,65,8,Garson Ali
2025-07-12 15:08:38,Ezogelin,40,12,3,Garson Ali
2025-07-12 18:20:38,Ayran,15,4,1,Garson Ayşe
2025-07-12 23:36:38,Kola,25,15,1,Garson Mehmet
2025-07-12 19:14:38,Su,10,2,1,Garson Ayşe
2025-07-12 18:37:38,Beyti,160,70,9,Garson Mehmet
2025-07-12 20:38:38,Ezogelin,40,12,3,Garson Ali
2025-07-12 21:56:38,İskender,150,65,8,Garson Mehmet
2025-07-12 23:17:38,Ayran,15,4,1,Garson Ayşe
2025-07-12 17:19:38,İskender,150,65,8,Garson Ali
2025-07-12 20:18:38,İskender,150,65,8,Garson Ayşe
2025-07-12 19:27:38,İskender,150,65,8,Garson Zeynep
2025-07-12 16:10:38,Ayran,15,4,1,Garson Ali
2025-07-12 22:46:38,İskender,150,65,8,Garson Zeynep
2025-07-12 21:15:38,İskender,150,65,8,Garson Ali
2025-07-12 21:17:38,İskender,150,65,8,Garson Ali
2025-07-12 15:01:38,İskender,150,65,8,Garson Ali
2025-07-12 18:06:38,Su,10,2,1,Garson Ali
2025-07-12 13:23:38,İskender,150,65,8,Garson Ayşe
2025-07-12 12:56:38,İskender,150,65,8,Garson Ayşe
2025-07-12 11:24:38,Ayran,15,4,1,Garson Mehmet
2025-07-12 19:09:38,İskender,150,65,8,Garson Ali
2025-07-12 22:42:38,Adana,140,60,7,Garson Ayşe
2025-07-12 12:11:38,Su,10,2,1,Garson Ali
2025-07-11 16:57:38,Beyti,160,70,9,Garson Mehmet
2025-07-11 22:03:38,Su,10,2,1,Garson Ayşe
2025-07-11 12:04:38,Su,10,2,1,Garson Ali
2025-07-11 14:37:38,Ezogelin,40,12,3,Garson Ali
2025-07-11 12:03:38,Su,10,2,1,Garson Mehmet
2025-07-11 19:12:38,Kola,25,15,1,Garson Ali
2025-07-11 12:56:38,Su,10,2,1,Garson Ayşe
2025-07-11 17:55:38,İskender,150,65,8,Garson Ali
2025-07-11 15:52:38,Adana,140,60,7,Garson Mehmet
2025-07-11 11:43:38,Kola,25,15,1,Garson Ali
2025-07-11 13:50:38,Su,10,2,1,Garson Ali
2025-07-11 21:11:38,Ayran,15,4,1,Garson Ayşe
2025-07-11 15:11:38,İskender,150,65,8,Garson Ali
2025-07-11 11:37:38,Beyti,160,70,9,Garson Ayşe
2025-07-11 16:56:38,Su,10,2,1,Garson Ayşe
2025-07-11 18:18:38,Su,10,2,1,Garson Ayşe
2025-07-11 20:22:38,Su,10,2,1,Garson Ali
2025-07-11 19:08:38,İskender,150,65,8,Garson Ali
2025-07-11 13:06:38,Su,10,2,1,Garson Ali
2025-07-11 13:32:38,Ayran,15,4,1,Garson Mehmet
2025-07-11 15:20:38,Su,10,2,1,Garson Ali
2025-07-11 21:56:38,Beyti,160,70,9,Garson Ayşe
2025-07-10 14:46:38,Beyti,160,70,9,Garson Ali
2025-07-10 21:19:38,Su,10,2,1,Garson Ali
2025-07-10 14:08:38,Su,10,2,1,Garson Ali
2025-07-10 20:57:38,Kola,25,15,1,Garson Ali
2025-07-10 20:28:38,Ayran,15,4,1,Garson Ali
2025-07-10 21:03:38,Su,10,2,1,Garson Ayşe
2025-07-10 14:28:38,Beyti,160,70,9,Garson Ali
2025-07-10 11:33:38,İskender,150,65,8,Garson Mehmet
2025-07-10 17:48:38,Beyti,160,70,9,Garson Mehmet
2025-07-10 20:46:38,Su,10,2,1,Garson Ali
2025-07-10 23:25:38,Kola,25,15,1,Garson Ayşe
2025-07-10 14:26:38,Mercimek,40,12,3,Garson Mehmet
2025-07-10 19:56:38,Su,10,2,1,Garson Ayşe
2025-07-10 23:05:38,Su,10,2,1,Garson Ali
2025-07-10 23:21:38,Su,10,2,1,Garson Ayşe
2025-07-10 22:11:38,Ayran,15,4,1,Garson Ayşe
2025-07-10 19:52:38,İskender,150,65,8,Garson Ali
2025-07-10 12:59:38,İskender,150,65,8,Garson Ayşe
2025-07-10 18:50:38,Su,10,2,1,Garson Ali
2025-07-10 14:30:38,Mercimek,40,12,3,Garson Ayşe
2025-07-10 21:35:38,Mercimek,40,12,3,Garson Zeynep
2025-07-10 22:10:38,Kola,25,15,1,Garson Ali
2025-07-10 12:17:38,Künefe,80,35,5,Garson Ali
2025-07-10 15:37:38,Su,10,2,1,Garson Ali
2025-07-10 11:10:38,Beyti,160,70,9,Garson Ali
2025-07-10 19:34:38,Beyti,160,70,9,Garson Ayşe
2025-07-10 15:54:38,Beyti,160,70,9,Garson Ayşe
2025-07-10 22:04:38,Ayran,15,4,1,Garson Mehmet
2025-07-10 16:11:38,İskender,150,65,8,Garson Ali
2025-07-10 21:38:38,Adana,140,60,7,Garson Ayşe
2025-07-10 20:02:38,Beyti,160,70,9,Garson Mehmet
2025-07-10 14:32:38,Su,10,2,1,Garson Ali
2025-07-09 13:58:38,Beyti,160,70,9,Garson Ali
2025-07-09 15:03:38,Ezogelin,40,12,3,Garson Ayşe
2025-07-09 15:55:38,Ayran,15,4,1,Garson Ali
2025-07-09 11:29:38,Su,10,2,1,Garson Ayşe
2025-07-09 22:41:38,Mercimek,40,12,3,Garson Ali
2025-07-09 16:09:38,Ayran,15,4,1,Garson Ali
2025-07-09 16:34:38,Su,10,2,1,Garson Ali
2025-07-09 22:08:38,İskender,150,65,8,Garson Ayşe
2025-07-09 13:09:38,Su,10,2,1,Garson Ayşe
2025-07-09 16:24:38,Su,10,2,1,Garson Ali
2025-07-09 21:31:38,İskender,150,65,8,Garson Zeynep
2025-07-09 12:38:38,Su,10,2,1,Garson Ayşe
2025-07-09 21:20:38,Ayran,15,4,1,Garson Mehmet
2025-07-09 14:32:38,İskender,150,65,8,Garson Mehmet
2025-07-09 20:06:38,Su,10,2,1,Garson Ali
2025-07-09 11:37:38,Su,10,2,1,Garson Ayşe
2025-07-09 15:58:38,Ezogelin,40,12,3,Garson Ali
2025-07-09 15:49:38,İskender,150,65,8,Garson Ali
2025-07-09 22:01:38,İskender,150,65,8,Garson Ali
2025-07-09 20:28:38,Kola,25,15,1,Garson Ayşe
2025-07-09 11:46:38,Kola,25,15,1,Garson Ali
2025-07-09 18:49:38,Mercimek,40,12,3,Garson Ayşe
2025-07-09 20:07:38,İskender,150,65,8,Garson Ali
2025-07-08 17:05:38,İskender,150,65,8,Garson Ali
2025-07-08 21:23:38,Ezogelin,40,12,3,Garson Ali
2025-07-08 22:15:38,Ezogelin,40,12,3,Garson Ali
2025-07-08 14:02:38,Su,10,2,1,Garson Ayşe
2025-07-08 15:29:38,İskender,150,65,8,Garson Ayşe
2025-07-08 12:02:38,Su,10,2,1,Garson Ali
2025-07-08 13:15:38,İskender,150,65,8,Garson Ali
2025-07-08 11:02:38,Ayran,15,4,1,Garson Ayşe
2025-07-08 15:30:38,Kola,25,15,1,Garson Ali
2025-07-08 18:41:38,Ezogelin,40,12,3,Garson Ali
2025-07-08 23:24:38,Beyti,160,70,9,Garson Ali
2025-07-08 18:27:38,Kola,25,15,1,Garson Ayşe
2025-07-08 22:27:38,Ayran,15,4,1,Garson Ali
2025-07-08 22:20:38,Kola,25,15,1,Garson Ali
2025-07-08 20:05:38,İskender,150,65,8,Garson Ali
2025-07-08 23:32:38,Beyti,160,70,9,Garson Ayşe
2025-07-08 21:29:38,Ayran,15,4,1,Garson Ali
2025-07-08 16:57:38,Beyti,160,70,9,Garson Ayşe
2025-07-08 16:39:38,Künefe,80,35,5,Garson Ali
2025-07-08 14:28:38,İskender,150,65,8,Garson Ali
2025-07-08 14:19:38,Künefe,80,35,5,Garson Ali
2025-07-08 23:18:38,Mercimek,40,12,3,Garson Ayşe
2025-07-08 21:58:38,Su,10,2,1,Garson Ali
2025-07-08 11:46:38,İskender,150,65,8,Garson Ali
2025-07-08 20:25:38,Beyti,160,70,9,Garson Ayşe
2025-07-08 14:03:38,İskender,150,65,8,Garson Ayşe
2025-07-08 12:50:38,Su,10,2,1,Garson Zeynep
2025-07-07 21:13:38,Su,10,2,1,Garson Ali
2025-07-07 19:46:38,İskender,150,65,8,Garson Ali
2025-07-07 22:03:38,Su,10,2,1,Garson Ali
2025-07-07 19:47:38,Su,10,2,1,Garson Zeynep
2025-07-07 19:51:38,Beyti,160,70,9,Garson Zeynep
2025-07-07 17:02:38,Ezogelin,40,12,3,Garson Ayşe
2025-07-07 21:29:38,Künefe,80,35,5,Garson Ali
2025-07-07 13:55:38,Su,10,2,1,Garson Mehmet
2025-07-07 23:26:38,Kola,25,15,1,Garson Mehmet
2025-07-07 15:49:38,Kola,25,15,1,Garson Ayşe
2025-07-07 16:28:38,Gavurdağı,60,20,3,Garson Ayşe
2025-07-07 19:42:38,Su,10,2,1,Garson Ali
2025-07-07 12:34:38,Ayran,15,4,1,Garson Ayşe
2025-07-07 20:36:38,Kola,25,15,1,Garson Ayşe
2025-07-07 14:41:38,İskender,150,65,8,Garson Ali
2025-07-07 13:34:38,Beyti,160,70,9,Garson Zeynep
2025-07-07 15:58:38,Ayran,15,4,1,Garson Ali
2025-07-07 15:52:38,Su,10,2,1,Garson Ali
2025-07-07 14:05:38,Su,10,2,1,Garson Ali
2025-07-07 22:29:38,Ezogelin,40,12,3,Garson Ali
2025-07-07 17:00:38,Su,10,2,1,Garson Ayşe
2025-07-07 23:41:38,Adana,140,60,7,Garson Ali
2025-07-07 14:07:38,Beyti,160,70,9,Garson Ali
2025-07-07 15:23:38,Ayran,15,4,1,Garson Ali
2025-07-07 14:39:38,Beyti,160,70,9,Garson Ayşe
2025-07-07 15:35:38,Adana,140,60,7,Garson Ayşe
2025-07-07 17:41:38,Adana,140,60,7,Garson Ali
2025-07-07 18:46:38,İskender,150,65,8,Garson Ali
2025-07-07 19:34:38,Ezogelin,40,12,3,Garson Ali
2025-07-06 13:58:38,Su,10,2,1,Garson Ali
2025-07-06 11:56:38,Su,10,2,1,Garson Ali
2025-07-06 19:37:38,Mercimek,40,12,3,Garson Ali
2025-07-06 21:20:38,Su,10,2,1,Garson Ali
2025-07-06 15:58:38,Su,10,2,1,Garson Ayşe
2025-07-06 17:37:38,Mercimek,40,12,3,Garson Ali
2025-07-06 15:55:38,Mercimek,40,12,3,Garson Ali
2025-07-06 14:05:38,Künefe,80,35,5,Garson Ali
2025-07-06 19:00:38,Beyti,160,70,9,Garson Ali
2025-07-06 14:58:38,Adana,140,60,7,Garson Ali
2025-07-06 22:01:38,Su,10,2,1,Garson Ali
2025-07-06 13:51:38,İskender,150,65,8,Garson Ali
2025-07-06 11:09:38,Su,10,2,1,Garson Ayşe
2025-07-06 21:51:38,Ayran,15,4,1,Garson Ayşe
2025-07-06 20:00:38,Ezogelin,40,12,3,Garson Mehmet
2025-07-06 12:34:38,Su,10,2,1,Garson Ali
2025-07-06 14:26:38,Su,10,2,1,Garson Ayşe
2025-07-06 12:55:38,Künefe,80,35,5,Garson Ayşe
2025-07-06 20:37:38,Beyti,160,70,9,Garson Ali
2025-07-06 17:22:38,Su,10,2,1,Garson Ali
2025-07-06 14:54:38,Beyti,160,70,9,Garson Mehmet
2025-07-06 20:12:38,Künefe,80,35,5,Garson Ali
2025-07-06 18:38:38,Adana,140,60,7,Garson Ayşe
2025-07-06 18:25:38,Ayran,15,4,1,Garson Ali
2025-07-06 21:55:38,Künefe,80,35,5,Garson Ayşe
2025-07-06 17:48:38,Mercimek,40,12,3,Garson Ayşe
2025-07-06 19:41:38,Ezogelin,40,12,3,Garson Ali
2025-07-06 12:07:38,İskender,150,65,8,Garson Mehmet
2025-07-06 19:21:38,Kola,25,15,1,Garson Ali
2025-07-06 23:17:38,Ayran,15,4,1,Garson Mehmet
2025-07-06 11:00:38,Beyti,160,70,9,Garson Ayşe
2025-07-06 15:58:38,Adana,140,60,7,Garson Ali
2025-07-06 17:23:38,Ayran,15,4,1,Garson Ali
2025-07-06 12:20:38,Ezogelin,40,12,3,Garson Ali
2025-07-06 22:56:38,Kola,25,15,1,Garson Ali
2025-07-06 13:49:38,Su,10,2,1,Garson Ayşe
2025-07-06 16:20:38,Beyti,160,70,9,Garson Ayşe
2025-07-06 20:24:38,Künefe,80,35,5,Garson Ayşe
2025-07-06 16:30:38,Künefe,80,35,5,Garson Ali
2025-07-06 19:01:38,Kola,25,15,1,Garson Ali
2025-07-06 17:20:38,Su,10,2,1,Garson Ali
2025-07-06 15:52:38,Ezogelin,40,12,3,Garson Ali
2025-07-06 11:21:38,Beyti,160,70,9,Garson Mehmet
2025-07-06 12:24:38,İskender,150,65,8,Garson Ali
2025-07-06 21:54:38,Su,10,2,1,Garson Ali
2025-07-06 13:18:38,Beyti,160,70,9,Garson Zeynep
2025-07-06 17:39:38,İskender,150,65,8,Garson Zeynep
2025-07-06 18:32:38,Kola,25,15,1,Garson Ali
2025-07-06 16:57:38,Kola,25,15,1,Garson Ayşe
2025-07-06 11:50:38,Künefe,80,35,5,Garson Ali
2025-07-06 11:14:38,İskender,150,65,8,Garson Ayşe
2025-07-06 11:07:38,Beyti,160,70,9,Garson Ayşe
2025-07-06 16:44:38,Su,10,2,1,Garson Ali
2025-07-06 14:22:38,Kola,25,15,1,Garson Ayşe
2025-07-06 17:18:38,Mercimek,40,12,3,Garson Ayşe
2025-07-05 11:46:38,İskender,150,65,8,Garson Ayşe
2025-07-05 15:01:38,Künefe,80,35,5,Garson Ali
2025-07-05 15:09:38,Ezogelin,40,12,3,Garson Ali
2025-07-05 12:41:38,Su,10,2,1,Garson Ali
2025-07-05 14:34:38,Mercimek,40,12,3,Garson Mehmet
2025-07-05 18:06:38,Su,10,2,1,Garson Ayşe
2025-07-05 21:32:38,Beyti,160,70,9,Garson Ayşe
2025-07-05 20:15:38,Ezogelin,40,12,3,Garson Ali
2025-07-05 21:03:38,Ayran,15,4,1,Garson Ali
2025-07-05 17:35:38,İskender,150,65,8,Garson Ayşe
2025-07-05 17:39:38,Beyti,160,70,9,Garson Zeynep
2025-07-05 22:11:38,Ayran,15,4,1,Garson Ali
2025-07-05 12:44:38,Beyti,160,70,9,Garson Ali
2025-07-05 14:54:38,Ezogelin,40,12,3,Garson Ayşe
2025-07-05 21:04:38,Künefe,80,35,5,Garson Mehmet
2025-07-05 11:13:38,Beyti,160,70,9,Garson Ali
2025-07-05 13:43:38,Su,10,2,1,Garson Ali
2025-07-05 21:23:38,Su,10,2,1,Garson Ali
2025-07-05 16:28:38,İskender,150,65,8,Garson Mehmet
2025-07-05 12:16:38,Adana,140,60,7,Garson Mehmet
2025-07-05 15:37:38,Beyti,160,70,9,Garson Ali
2025-07-05 18:55:38,Adana,140,60,7,Garson Ali
2025-07-05 11:43:38,Künefe,80,35,5,Garson Ali
2025-07-05 18:48:38,Beyti,160,70,9,Garson Mehmet
2025-07-05 15:39:38,Mercimek,40,12,3,Garson Ayşe
2025-07-05 12:30:38,Su,10,2,1,Garson Ali
2025-07-05 23:09:38,İskender,150,65,8,Garson Ayşe
2025-07-05 18:29:38,Künefe,80,35,5,Garson Ayşe
2025-07-05 15:09:38,Beyti,160,70,9,Garson Ali
2025-07-05 15:30:38,Beyti,160,70,9,Garson Ali
2025-07-05 20:30:38,Su,10,2,1,Garson Ali
2025-07-05 22:45:38,Su,10,2,1,Garson Ali
2025-07-05 15:56:38,Su,10,2,1,Garson Ali
2025-07-05 13:07:38,Adana,140,60,7,Garson Ayşe
2025-07-05 19:28:38,Su,10,2,1,Garson Ali
2025-07-05 18:45:38,Ayran,15,4,1,Garson Ali
2025-07-05 20:10:38,Kola,25,15,1,Garson Ali
2025-07-05 12:10:38,Su,10,2,1,Garson Ali
2025-07-05 17:52:38,Adana,140,60,7,Garson Ali
2025-07-05 20:36:38,İskender,150,65,8,Garson Ayşe
2025-07-05 17:12:38,Beyti,160,70,9,Garson Ayşe
2025-07-05 13:00:38,İskender,150,65,8,Garson Ayşe
2025-07-05 11:30:38,Mercimek,40,12,3,Garson Ali
2025-07-05 16:47:38,Beyti,160,70,9,Garson Ali
2025-07-05 13:14:38,İskender,150,65,8,Garson Ali
2025-07-05 21:13:38,Beyti,160,70,9,Garson Ayşe
2025-07-05 11:59:38,Mercimek,40,12,3,Garson Ali
2025-07-05 17:19:38,Künefe,80,35,5,Garson Ali
2025-07-05 14:18:38,Beyti,160,70,9,Garson Mehmet
2025-07-05 18:15:38,Mercimek,40,12,3,Garson Ayşe
2025-07-05 19:24:38,İskender,150,65,8,Garson Ali
2025-07-05 21:30:38,Su,10,2,1,Garson Mehmet
2025-07-05 21:12:38,Su,10,2,1,Garson Ali
2025-07-05 17:17:38,Adana,140,60,7,Garson Ayşe
2025-07-05 19:58:38,Su,10,2,1,Garson Ayşe
2025-07-05 15:01:38,Su,10,2,1,Garson Ali
2025-07-05 23:38:38,Ayran,15,4,1,Garson Ali
2025-07-05 14:41:38,Su,10,2,1,Garson Ali
2025-07-05 22:44:38,Beyti,160,70,9,Garson Ali
2025-07-05 22:55:38,Ayran,15,4,1,Garson Ayşe
2025-07-05 22:52:38,Beyti,160,70,9,Garson Ayşe
2025-07-05 16:39:38,Su,10,2,1,Garson Ali
2025-07-05 21:33:38,Kola,25,15,1,Garson Mehmet
2025-07-05 19:01:38,Beyti,160,70,9,Garson Mehmet
2025-07-05 13:14:38,Adana,140,60,7,Garson Ayşe
2025-07-05 15:22:38,Beyti,160,70,9,Garson Ali
2025-07-04 20:10:38,İskender,150,65,8,Garson Ayşe
2025-07-04 13:01:38,İskender,150,65,8,Garson Ayşe
2025-07-04 16:36:38,Su,10,2,1,Garson Ali
2025-07-04 15:08:38,Mercimek,40,12,3,Garson Ali
2025-07-04 20:04:38,Mercimek,40,12,3,Garson Ali
2025-07-04 16:50:38,Beyti,160,70,9,Garson Ali
2025-07-04 14:32:38,Mercimek,40,12,3,Garson Ali
2025-07-04 18:08:38,Su,10,2,1,Garson Ali
2025-07-04 22:32:38,Su,10,2,1,Garson Ayşe
2025-07-04 19:50:38,Beyti,160,70,9,Garson Ali
2025-07-04 16:19:38,İskender,150,65,8,Garson Ali
2025-07-04 23:20:38,Ezogelin,40,12,3,Garson Zeynep
2025-07-04 15:47:38,Kola,25,15,1,Garson Ayşe
2025-07-04 23:04:38,Kola,25,15,1,Garson Ali
2025-07-04 11:45:38,Ayran,15,4,1,Garson Ali
2025-07-04 23:32:38,Beyti,160,70,9,Garson Ayşe
2025-07-04 19:04:38,İskender,150,65,8,Garson Ali
2025-07-04 22:37:38,Ayran,15,4,1,Garson Mehmet
2025-07-04 21:51:38,Ayran,15,4,1,Garson Ali
2025-07-04 12:57:38,Adana,140,60,7,Garson Mehmet
2025-07-04 21:05:38,Kola,25,15,1,Garson Ali
2025-07-04 12:00:38,Kola,25,15,1,Garson Ayşe
2025-07-04 17:03:38,Beyti,160,70,9,Garson Ali
2025-07-04 11:14:38,İskender,150,65,8,Garson Ali
2025-07-04 11:01:38,Beyti,160,70,9,Garson Ali
2025-07-04 23:30:38,Su,10,2,1,Garson Ali
2025-07-04 13:08:38,İskender,150,65,8,Garson Mehmet
2025-07-04 16:43:38,Beyti,160,70,9,Garson Ayşe
2025-07-04 15:02:38,Künefe,80,35,5,Garson Ali
2025-07-04 11:15:38,Su,10,2,1,Garson Mehmet
2025-07-04 16:45:38,Beyti,160,70,9,Garson Ayşe
2025-07-04 22:05:38,Beyti,160,70,9,Garson Ali
2025-07-04 23:57:38,Su,10,2,1,Garson Mehmet
2025-07-04 11:50:38,İskender,150,65,8,Garson Ali
2025-07-03 13:08:38,Su,10,2,1,Garson Ayşe
2025-07-03 16:22:38,Adana,140,60,7,Garson Zeynep
2025-07-03 16:18:38,İskender,150,65,8,Garson Zeynep
2025-07-03 22:43:38,Su,10,2,1,Garson Ali
2025-07-03 14:27:38,Su,10,2,1,Garson Ali
2025-07-03 16:36:38,Künefe,80,35,5,Garson Ali
2025-07-03 13:00:38,Adana,140,60,7,Garson Ayşe
2025-07-03 22:11:38,İskender,150,65,8,Garson Ali
2025-07-03 16:43:38,Beyti,160,70,9,Garson Zeynep
2025-07-03 23:25:38,Kola,25,15,1,Garson Ali
2025-07-03 14:45:38,Su,10,2,1,Garson Ali
2025-07-03 11:31:38,İskender,150,65,8,Garson Ayşe
2025-07-03 11:14:38,Ayran,15,4,1,Garson Ayşe
2025-07-03 18:52:38,Su,10,2,1,Garson Mehmet
2025-07-03 12:44:38,Kola,25,15,1,Garson Ayşe
2025-07-03 16:25:38,Su,10,2,1,Garson Ayşe
2025-07-03 16:44:38,İskender,150,65,8,Garson Ali
2025-07-03 22:31:38,Ayran,15,4,1,Garson Ali
2025-07-03 23:17:38,İskender,150,65,8,Garson Ali
2025-07-03 22:33:38,Su,10,2,1,Garson Ali
2025-07-03 21:27:38,Beyti,160,70,9,Garson Ali
2025-07-03 13:39:38,Beyti,160,70,9,Garson Ali
2025-07-03 16:54:38,Kola,25,15,1,Garson Ayşe
2025-07-03 11:01:38,Ayran,15,4,1,Garson Ali
2025-07-03 22:06:38,Kola,25,15,1,Garson Ali
2025-07-03 19:07:38,Kola,25,15,1,Garson Ali
2025-07-03 19:04:38,Mercimek,40,12,3,Garson Ali
2025-07-03 20:13:38,Su,10,2,1,Garson Ali
2025-07-03 11:20:38,Künefe,80,35,5,Garson Ali
2025-07-03 15:12:38,Beyti,160,70,9,Garson Ali
2025-07-03 14:02:38,Su,10,2,1,Garson Ayşe
2025-07-03 15:50:38,Ayran,15,4,1,Garson Ali
2025-07-03 19:48:38,Kola,25,15,1,Garson Ali
2025-07-03 21:50:38,Adana,140,60,7,Garson Ayşe
2025-07-03 21:47:38,İskender,150,65,8,Garson Ayşe
2025-07-03 19:10:38,İskender,150,65,8,Garson Ayşe
2025-07-03 20:24:38,Su,10,2,1,Garson Ali
2025-07-03 19:22:38,Beyti,160,70,9,Garson Ayşe
2025-07-02 14:02:38,İskender,150,65,8,Garson Ali
2025-07-02 21:38:38,Künefe,80,35,5,Garson Ayşe
2025-07-02 23:18:38,Kola,25,15,1,Garson Ali
2025-07-02 16:04:38,Ayran,15,4,1,Garson Ali
2025-07-02 22:52:38,Kola,25,15,1,Garson Ayşe
2025-07-02 12:32:38,Beyti,160,70,9,Garson Zeynep
2025-07-02 20:25:38,Adana,140,60,7,Garson Ali
2025-07-02 15:23:38,Beyti,160,70,9,Garson Ali
2025-07-02 14:48:38,Künefe,80,35,5,Garson Ayşe
2025-07-02 15:55:38,Beyti,160,70,9,Garson Mehmet
2025-07-02 19:43:38,İskender,150,65,8,Garson Mehmet
2025-07-02 18:08:38,Künefe,80,35,5,Garson Ali
2025-07-02 13:35:38,Kola,25,15,1,Garson Ali
2025-07-02 18:29:38,Kola,25,15,1,Garson Zeynep
2025-07-02 14:43:38,Beyti,160,70,9,Garson Ali
2025-07-02 20:42:38,Su,10,2,1,Garson Ali
2025-07-02 11:25:38,Su,10,2,1,Garson Ayşe
2025-07-02 21:42:38,Ezogelin,40,12,3,Garson Ali
2025-07-02 13:34:38,İskender,150,65,8,Garson Ali
2025-07-02 18:56:38,Su,10,2,1,Garson Ali
2025-07-02 13:50:38,Adana,140,60,7,Garson Ali
2025-07-01 18:50:38,Mercimek,40,12,3,Garson Ali
2025-07-01 15:51:38,Ayran,15,4,1,Garson Ayşe
2025-07-01 20:12:38,Adana,140,60,7,Garson Ali
2025-07-01 13:02:38,Beyti,160,70,9,Garson Ayşe
2025-07-01 21:57:38,İskender,150,65,8,Garson Ayşe
2025-07-01 18:58:38,Adana,140,60,7,Garson Ayşe
2025-07-01 13:55:38,İskender,150,65,8,Garson Ali
2025-07-01 20:49:38,Künefe,80,35,5,Garson Ali
2025-07-01 19:05:38,İskender,150,65,8,Garson Ali
2025-07-01 18:25:38,Beyti,160,70,9,Garson Ali
2025-07-01 20:16:38,İskender,150,65,8,Garson Ali
2025-07-01 20:55:38,Su,10,2,1,Garson Ali
2025-07-01 23:56:38,Beyti,160,70,9,Garson Ali
2025-07-01 15:36:38,Su,10,2,1,Garson Ali
2025-07-01 14:23:38,Adana,140,60,7,Garson Ayşe
2025-07-01 12:02:38,Kola,25,15,1,Garson Ali
2025-07-01 12:08:38,Kola,25,15,1,Garson Mehmet
2025-07-01 16:11:38,Beyti,160,70,9,Garson Ali
2025-07-01 15:27:38,Künefe,80,35,5,Garson Ayşe
2025-07-01 22:59:38,Adana,140,60,7,Garson Ayşe
2025-07-01 11:23:38,Su,10,2,1,Garson Ali
2025-07-01 19:40:38,Mercimek,40,12,3,Garson Ali
2025-07-01 17:56:38,Su,10,2,1,Garson Ali
2025-07-01 20:54:38,Su,10,2,1,Garson Ali
2025-07-01 23:28:38,İskender,150,65,8,Garson Ali
2025-07-01 22:40:38,Ayran,15,4,1,Garson Ali
2025-07-01 12:22:38,İskender,150,65,8,Garson Ali
2025-07-01 21:46:38,Beyti,160,70,9,Garson Ayşe
2025-07-01 17:09:38,Mercimek,40,12,3,Garson Ali
2025-07-01 22:59:38,Beyti,160,70,9,Garson Ayşe
2025-07-01 21:41:38,Beyti,160,70,9,Garson Ayşe
2025-07-01 14:00:38,Künefe,80,35,5,Garson Ayşe
2025-07-01 12:18:38,İskender,150,65,8,Garson Ayşe
2025-07-01 13:14:38,İskender,150,65,8,Garson Ali
2025-07-01 22:24:38,Su,10,2,1,Garson Mehmet
2025-07-01 15:20:38,Adana,140,60,7,Garson Ali
2025-06-30 16:30:38,İskender,150,65,8,Garson Ayşe
2025-06-30 11:02:38,Künefe,80,35,5,Garson Zeynep
2025-06-30 17:19:38,Ayran,15,4,1,Garson Ali
2025-06-30 17:22:38,İskender,150,65,8,Garson Ayşe
2025-06-30 14:32:38,Beyti,160,70,9,Garson Ali
2025-06-30 21:47:38,Su,10,2,1,Garson Ayşe
2025-06-30 11:36:38,Beyti,160,70,9,Garson Ayşe
2025-06-30 21:26:38,Kola,25,15,1,Garson Ali
2025-06-30 22:04:38,Beyti,160,70,9,Garson Ali
2025-06-30 22:46:38,İskender,150,65,8,Garson Mehmet
2025-06-30 21:34:38,Ayran,15,4,1,Garson Ayşe
2025-06-30 21:47:38,İskender,150,65,8,Garson Ali
2025-06-30 16:51:38,Su,10,2,1,Garson Ayşe
2025-06-30 14:24:38,İskender,150,65,8,Garson Ayşe
2025-06-30 13:12:38,Adana,140,60,7,Garson Ayşe
2025-06-30 11:07:38,Beyti,160,70,9,Garson Mehmet
2025-06-30 18:12:38,Su,10,2,1,Garson Ali
2025-06-30 16:13:38,Beyti,160,70,9,Garson Ali
2025-06-30 20:43:38,Ayran,15,4,1,Garson Ayşe
2025-06-30 14:49:38,Adana,140,60,7,Garson Ali
2025-06-30 12:04:38,Kola,25,15,1,Garson Mehmet
2025-06-30 17:48:38,İskender,150,65,8,Garson Ali
2025-06-30 20:37:38,Su,10,2,1,Garson Ayşe
2025-06-30 23:51:38,Beyti,160,70,9,Garson Ali
2025-06-30 12:16:38,Su,10,2,1,Garson Ali
2025-06-30 14:11:38,Ayran,15,4,1,Garson Ali
2025-06-30 20:55:38,Künefe,80,35,5,Garson Mehmet
2025-06-30 22:00:38,İskender,150,65,8,Garson Ayşe
2025-06-30 14:29:38,İskender,150,65,8,Garson Ali
2025-06-30 19:39:38,Künefe,80,35,5,Garson Ali
2025-06-30 15:23:38,Su,10,2,1,Garson Zeynep
2025-06-30 13:17:38,Ezogelin,40,12,3,Garson Ayşe
2025-06-30 16:29:38,İskender,150,65,8,Garson Ali
2025-06-30 15:24:38,Ezogelin,40,12,3,Garson Mehmet
2025-06-30 12:18:38,Kola,25,15,1,Garson Ayşe
2025-06-30 19:14:38,İskender,150,65,8,Garson Ayşe
2025-06-30 18:31:38,İskender,150,65,8,Garson Ali
2025-06-30 23:12:38,İskender,150,65,8,Garson Ali
2025-06-29 16:34:38,Ayran,15,4,1,Garson Ali
2025-06-29 20:04:38,İskender,150,65,8,Garson Ali
2025-06-29 17:40:38,İskender,150,65,8,Garson Ali
2025-06-29 15:18:38,İskender,150,65,8,Garson Ayşe
2025-06-29 23:12:38,İskender,150,65,8,Garson Ali
2025-06-29 23:02:38,Künefe,80,35,5,Garson Ali
2025-06-29 21:15:38,İskender,150,65,8,Garson Ali
2025-06-29 22:21:38,Su,10,2,1,Garson Ali
2025-06-29 18:12:38,Kola,25,15,1,Garson Ali
2025-06-29 15:43:38,Kola,25,15,1,Garson Ayşe
2025-06-29 13:06:38,Ayran,15,4,1,Garson Ali
2025-06-29 14:21:38,Su,10,2,1,Garson Ali
2025-06-29 21:04:38,Adana,140,60,7,Garson Ali
2025-06-29 17:23:38,Su,10,2,1,Garson Ali
2025-06-29 12:54:38,Adana,140,60,7,Garson Ali
2025-06-29 23:09:38,Su,10,2,1,Garson Ali
2025-06-29 23:54:38,Künefe,80,35,5,Garson Mehmet
2025-06-29 14:11:38,Beyti,160,70,9,Garson Ali
2025-06-29 14:02:38,Beyti,160,70,9,Garson Ayşe
2025-06-29 12:47:38,Kola,25,15,1,Garson Ali
2025-06-29 18:33:38,Beyti,160,70,9,Garson Ayşe
2025-06-29 22:22:38,İskender,150,65,8,Garson Ali
2025-06-29 13:02:38,Beyti,160,70,9,Garson Mehmet
2025-06-29 22:04:38,İskender,150,65,8,Garson Ali
2025-06-29 13:33:38,Adana,140,60,7,Garson Ayşe
2025-06-29 16:11:38,Ayran,15,4,1,Garson Ayşe
2025-06-29 12:59:38,İskender,150,65,8,Garson Ali
2025-06-29 15:38:38,Adana,140,60,7,Garson Ali
2025-06-29 22:52:38,Kola,25,15,1,Garson Ali
2025-06-29 15:23:38,Su,10,2,1,Garson Ali
2025-06-29 15:37:38,Su,10,2,1,Garson Ayşe
2025-06-29 17:11:38,Adana,140,60,7,Garson Ayşe
2025-06-29 22:00:38,İskender,150,65,8,Garson Ali
2025-06-29 21:39:38,Mercimek,40,12,3,Garson Ali
2025-06-29 18:55:38,Su,10,2,1,Garson Ali
2025-06-29 22:03:38,Ezogelin,40,12,3,Garson Zeynep
2025-06-29 14:53:38,Su,10,2,1,Garson Ali
2025-06-29 14:07:38,Adana,140,60,7,Garson Ayşe
2025-06-29 22:02:38,Ayran,15,4,1,Garson Ayşe
2025-06-29 22:50:38,Beyti,160,70,9,Garson Ayşe
2025-06-29 22:28:38,Adana,140,60,7,Garson Ali
2025-06-29 17:26:38,Beyti,160,70,9,Garson Ali
2025-06-29 14:50:38,Su,10,2,1,Garson Zeynep
2025-06-29 15:13:38,Su,10,2,1,Garson Mehmet
2025-06-29 14:43:38,Beyti,160,70,9,Garson Ali
2025-06-29 23:51:38,Künefe,80,35,5,Garson Ali
2025-06-29 18:54:38,Su,10,2,1,Garson Mehmet
2025-06-29 13:09:38,Kola,25,15,1,Garson Ayşe
2025-06-29 18:50:38,İskender,150,65,8,Garson Ali
2025-06-29 22:52:38,Su,10,2,1,Garson Ayşe
2025-06-29 20:12:38,İskender,150,65,8,Garson Ali
2025-06-29 16:31:38,Künefe,80,35,5,Garson Ali
2025-06-29 11:10:38,Kola,25,15,1,Garson Mehmet
2025-06-29 22:17:38,Su,10,2,1,Garson Mehmet
2025-06-29 22:32:38,Künefe,80,35,5,Garson Ayşe
2025-06-29 13:00:38,Ezogelin,40,12,3,Garson Ayşe
2025-06-29 19:28:38,Su,10,2,1,Garson Ali
2025-06-29 17:13:38,İskender,150,65,8,Garson Ali
2025-06-29 15:18:38,Beyti,160,70,9,Garson Ali
2025-06-28 14:23:38,İskender,150,65,8,Garson Ali
2025-06-28 18:21:38,İskender,150,65,8,Garson Ayşe
2025-06-28 17:03:38,Su,10,2,1,Garson Ayşe
2025-06-28 23:17:38,Ezogelin,40,12,3,Garson Ali
2025-06-28 15:03:38,Künefe,80,35,5,Garson Ayşe
2025-06-28 17:09:38,Adana,140,60,7,Garson Ali
2025-06-28 21:00:38,Su,10,2,1,Garson Ayşe
2025-06-28 17:21:38,Su,10,2,1,Garson Ali
2025-06-28 21:53:38,Beyti,160,70,9,Garson Mehmet
2025-06-28 22:17:38,Beyti,160,70,9,Garson Ali
2025-06-28 13:47:38,Su,10,2,1,Garson Mehmet
2025-06-28 21:56:38,Kola,25,15,1,Garson Ali
2025-06-28 23:50:38,Ayran,15,4,1,Garson Ali
2025-06-28 13:09:38,Ayran,15,4,1,Garson Ayşe
2025-06-28 15:10:38,Su,10,2,1,Garson Zeynep
2025-06-28 11:51:38,Beyti,160,70,9,Garson Ali
2025-06-28 20:29:38,Su,10,2,1,Garson Ali
2025-06-28 14:18:38,İskender,150,65,8,Garson Ali
2025-06-28 11:15:38,Adana,140,60,7,Garson Ali
2025-06-28 11:59:38,Beyti,160,70,9,Garson Ayşe
2025-06-28 17:54:38,Su,10,2,1,Garson Ali
2025-06-28 21:13:38,Ayran,15,4,1,Garson Ayşe
2025-06-28 14:18:38,Künefe,80,35,5,Garson Ali
2025-06-28 12:48:38,Adana,140,60,7,Garson Ali
2025-06-28 17:48:38,İskender,150,65,8,Garson Ayşe
2025-06-28 22:01:38,Su,10,2,1,Garson Ali
2025-06-28 16:24:38,Künefe,80,35,5,Garson Ali
2025-06-28 18:25:38,Kola,25,15,1,Garson Ali
2025-06-28 20:00:38,Su,10,2,1,Garson Ali
2025-06-28 23:18:38,Künefe,80,35,5,Garson Ayşe
2025-06-28 15:29:38,Kola,25,15,1,Garson Ali
2025-06-28 21:37:38,Su,10,2,1,Garson Mehmet
2025-06-28 16:24:38,İskender,150,65,8,Garson Ali
2025-06-28 18:43:38,Su,10,2,1,Garson Ali
2025-06-28 20:12:38,Su,10,2,1,Garson Ali
2025-06-28 17:11:38,Su,10,2,1,Garson Ayşe
2025-06-28 19:35:38,Beyti,160,70,9,Garson Ali
2025-06-28 21:22:38,Künefe,80,35,5,Garson Ayşe
2025-06-28 18:31:38,Künefe,80,35,5,Garson Ali
2025-06-28 13:10:38,Adana,140,60,7,Garson Ayşe
2025-06-28 22:23:38,Beyti,160,70,9,Garson Ali
2025-06-28 17:51:38,İskender,150,65,8,Garson Ayşe
2025-06-28 12:30:38,Ezogelin,40,12,3,Garson Ali
2025-06-28 15:06:38,Beyti,160,70,9,Garson Ali
2025-06-28 20:55:38,İskender,150,65,8,Garson Ali
2025-06-28 19:34:38,Künefe,80,35,5,Garson Ali
2025-06-28 18:21:38,Su,10,2,1,Garson Ali
2025-06-28 12:06:38,Adana,140,60,7,Garson Ayşe
2025-06-28 19:18:38,Kola,25,15,1,Garson Ali
2025-06-28 11:02:38,İskender,150,65,8,Garson Ayşe
2025-06-28 14:11:38,Kola,25,15,1,Garson Ali
2025-06-28 18:01:38,Su,10,2,1,Garson Ali
2025-06-28 18:24:38,Adana,140,60,7,Garson Ali
2025-06-28 16:41:38,Su,10,2,1,Garson Ayşe
2025-06-28 13:53:38,Su,10,2,1,Garson Ali
2025-06-28 23:10:38,Su,10,2,1,Garson Ali
2025-06-28 15:36:38,Su,10,2,1,Garson Ali
2025-06-28 19:10:38,Ayran,15,4,1,Garson Ali
2025-06-28 13:42:38,Su,10,2,1,Garson Ali
2025-06-28 16:19:38,Kola,25,15,1,Garson Ali
2025-06-27 15:56:38,Su,10,2,1,Garson Ali
2025-06-27 14:45:38,İskender,150,65,8,Garson Ali
2025-06-27 20:24:38,Su,10,2,1,Garson Ayşe
2025-06-27 16:47:38,Ezogelin,40,12,3,Garson Ali
2025-06-27 15:17:38,İskender,150,65,8,Garson Ali
2025-06-27 13:15:38,İskender,150,65,8,Garson Ayşe
2025-06-27 20:49:38,İskender,150,65,8,Garson Ali
2025-06-27 15:15:38,İskender,150,65,8,Garson Ali
2025-06-27 11:31:38,Su,10,2,1,Garson Ali
2025-06-27 20:46:38,İskender,150,65,8,Garson Ali
2025-06-27 16:36:38,Ayran,15,4,1,Garson Ayşe
2025-06-27 21:48:38,Ayran,15,4,1,Garson Ali
2025-06-27 20:29:38,Adana,140,60,7,Garson Ali
2025-06-27 20:18:38,Künefe,80,35,5,Garson Ali
2025-06-27 15:52:38,Su,10,2,1,Garson Ali
2025-06-27 12:57:38,İskender,150,65,8,Garson Ayşe
2025-06-27 18:56:38,Kola,25,15,1,Garson Ayşe
2025-06-27 19:56:38,Su,10,2,1,Garson Ali
2025-06-27 18:09:38,İskender,150,65,8,Garson Ayşe
2025-06-27 16:09:38,Beyti,160,70,9,Garson Ali
2025-06-27 16:53:38,Kola,25,15,1,Garson Ali
2025-06-27 20:12:38,Beyti,160,70,9,Garson Ayşe
2025-06-27 20:51:38,İskender,150,65,8,Garson Ali
2025-06-27 14:57:38,İskender,150,65,8,Garson Ali
2025-06-27 20:50:38,Künefe,80,35,5,Garson Ayşe
2025-06-27 18:38:38,Mercimek,40,12,3,Garson Ayşe
2025-06-27 13:17:38,Su,10,2,1,Garson Ali
2025-06-27 22:45:38,Kola,25,15,1,Garson Ali
2025-06-27 20:29:38,İskender,150,65,8,Garson Ali
2025-06-26 18:25:38,İskender,150,65,8,Garson Mehmet
2025-06-26 19:42:38,Beyti,160,70,9,Garson Mehmet
2025-06-26 12:36:38,Kola,25,15,1,Garson Ayşe
2025-06-26 18:23:38,Ayran,15,4,1,Garson Ayşe
2025-06-26 16:32:38,Ayran,15,4,1,Garson Zeynep
2025-06-26 15:27:38,Kola,25,15,1,Garson Ayşe
2025-06-26 13:42:38,Su,10,2,1,Garson Mehmet
2025-06-26 20:20:38,Beyti,160,70,9,Garson Ali
2025-06-26 19:25:38,Su,10,2,1,Garson Mehmet
2025-06-26 20:35:38,Su,10,2,1,Garson Ayşe
2025-06-26 20:12:38,Beyti,160,70,9,Garson Ali
2025-06-26 20:03:38,Beyti,160,70,9,Garson Ali
2025-06-26 18:07:38,Beyti,160,70,9,Garson Ali
2025-06-26 15:34:38,İskender,150,65,8,Garson Ali
2025-06-26 15:00:38,Adana,140,60,7,Garson Ali
2025-06-26 21:44:38,Su,10,2,1,Garson Mehmet
2025-06-26 14:21:38,Su,10,2,1,Garson Ali
2025-06-26 17:05:38,Mercimek,40,12,3,Garson Ali
2025-06-26 20:48:38,Su,10,2,1,Garson Ayşe
2025-06-26 17:44:38,Su,10,2,1,Garson Ayşe
2025-06-26 22:30:38,İskender,150,65,8,Garson Ayşe
2025-06-26 17:26:38,Su,10,2,1,Garson Ayşe
2025-06-26 21:06:38,İskender,150,65,8,Garson Zeynep
2025-06-26 12:03:38,Beyti,160,70,9,Garson Mehmet
2025-06-26 18:26:38,Beyti,160,70,9,Garson Ali
2025-06-26 18:59:38,Beyti,160,70,9,Garson Ayşe
2025-06-25 17:02:38,Su,10,2,1,Garson Ali
2025-06-25 13:43:38,Su,10,2,1,Garson Ali
2025-06-25 14:44:38,Adana,140,60,7,Garson Zeynep
2025-06-25 21:55:38,Beyti,160,70,9,Garson Ali
2025-06-25 21:00:38,Beyti,160,70,9,Garson Ayşe
2025-06-25 16:27:38,Su,10,2,1,Garson Ali
2025-06-25 16:15:38,Su,10,2,1,Garson Ali
2025-06-25 15:37:38,Su,10,2,1,Garson Ali
2025-06-25 20:37:38,Beyti,160,70,9,Garson Ali
2025-06-25 19:53:38,Su,10,2,1,Garson Ayşe
2025-06-25 18:00:38,Kola,25,15,1,Garson Ayşe
2025-06-25 15:51:38,Ayran,15,4,1,Garson Ayşe
2025-06-25 20:28:38,Ayran,15,4,1,Garson Ali
2025-06-25 20:26:38,Su,10,2,1,Garson Ayşe
2025-06-25 16:03:38,Kola,25,15,1,Garson Ayşe
2025-06-25 22:37:38,Ezogelin,40,12,3,Garson Ali
2025-06-25 12:35:38,Mercimek,40,12,3,Garson Zeynep
2025-06-25 11:51:38,Ayran,15,4,1,Garson Ali
2025-06-25 13:55:38,Mercimek,40,12,3,Garson Ayşe
2025-06-25 13:05:38,Adana,140,60,7,Garson Ali
2025-06-25 15:23:38,İskender,150,65,8,Garson Ali
2025-06-25 20:47:38,Beyti,160,70,9,Garson Ali
2025-06-25 13:13:38,Beyti,160,70,9,Garson Ali
2025-06-25 15:17:38,Beyti,160,70,9,Garson Ali
2025-06-25 19:40:38,Beyti,160,70,9,Garson Ali
2025-06-25 22:14:38,Kola,25,15,1,Garson Ayşe
2025-06-25 20:32:38,Kola,25,15,1,Garson Mehmet
2025-06-25 14:19:38,Adana,140,60,7,Garson Ayşe
2025-06-24 11:58:38,Künefe,80,35,5,Garson Ali
2025-06-24 11:25:38,Künefe,80,35,5,Garson Ali
2025-06-24 15:54:38,Kola,25,15,1,Garson Ali
2025-06-24 11:08:38,Adana,140,60,7,Garson Ali
2025-06-24 11:51:38,İskender,150,65,8,Garson Ayşe
2025-06-24 19:34:38,Kola,25,15,1,Garson Ali
2025-06-24 20:42:38,Kola,25,15,1,Garson Ali
2025-06-24 19:48:38,İskender,150,65,8,Garson Ayşe
2025-06-24 12:21:38,Künefe,80,35,5,Garson Ali
2025-06-24 12:50:38,Beyti,160,70,9,Garson Zeynep
2025-06-24 21:09:38,Adana,140,60,7,Garson Ayşe
2025-06-24 23:14:38,Su,10,2,1,Garson Ali
2025-06-24 14:54:38,Künefe,80,35,5,Garson Ayşe
2025-06-24 19:37:38,Su,10,2,1,Garson Ali
2025-06-24 15:24:38,Ayran,15,4,1,Garson Mehmet
2025-06-24 18:14:38,Mercimek,40,12,3,Garson Ayşe
2025-06-24 11:54:38,Adana,140,60,7,Garson Ayşe
2025-06-24 12:08:38,Künefe,80,35,5,Garson Ali
2025-06-24 16:00:38,Beyti,160,70,9,Garson Ali
2025-06-24 15:43:38,Künefe,80,35,5,Garson Ali
2025-06-24 19:24:38,Beyti,160,70,9,Garson Mehmet
2025-06-24 20:02:38,Mercimek,40,12,3,Garson Ali
2025-06-24 22:44:38,Ayran,15,4,1,Garson Ayşe
2025-06-24 13:32:38,Künefe,80,35,5,Garson Mehmet
2025-06-24 15:22:38,Su,10,2,1,Garson Ayşe
2025-06-24 17:27:38,Beyti,160,70,9,Garson Ayşe
2025-06-24 14:38:38,Beyti,160,70,9,Garson Ayşe
2025-06-24 23:13:38,Beyti,160,70,9,Garson Mehmet
2025-06-24 22:59:38,Ayran,15,4,1,Garson Ayşe
2025-06-24 16:39:38,Künefe,80,35,5,Garson Ali
2025-06-23 22:26:38,Künefe,80,35,5,Garson Ali
2025-06-23 12:15:38,Kola,25,15,1,Garson Ali
2025-06-23 22:48:38,Ezogelin,40,12,3,Garson Ayşe
2025-06-23 12:34:38,Su,10,2,1,Garson Ayşe
2025-06-23 19:30:38,Ayran,15,4,1,Garson Ali
2025-06-23 23:50:38,Künefe,80,35,5,Garson Ayşe
2025-06-23 11:05:38,Su,10,2,1,Garson Zeynep
2025-06-23 22:38:38,Su,10,2,1,Garson Ali
2025-06-23 12:53:38,Su,10,2,1,Garson Ali
2025-06-23 16:20:38,Su,10,2,1,Garson Ayşe
2025-06-23 15:18:38,Su,10,2,1,Garson Ayşe
2025-06-23 22:41:38,Adana,140,60,7,Garson Ayşe
2025-06-23 18:35:38,Kola,25,15,1,Garson Ayşe
2025-06-23 23:51:38,Beyti,160,70,9,Garson Ali
2025-06-23 19:36:38,Mercimek,40,12,3,Garson Ayşe
2025-06-23 21:41:38,Su,10,2,1,Garson Ali
2025-06-23 11:24:38,Su,10,2,1,Garson Zeynep
2025-06-23 11:56:38,İskender,150,65,8,Garson Ayşe
2025-06-23 17:48:38,Su,10,2,1,Garson Ayşe
2025-06-23 21:27:38,Su,10,2,1,Garson Ali
2025-06-23 20:37:38,Su,10,2,1,Garson Ali
2025-06-23 14:57:38,Künefe,80,35,5,Garson Ayşe
2025-06-23 22:23:38,Beyti,160,70,9,Garson Ali
2025-06-23 19:47:38,Kola,25,15,1,Garson Ali
2025-06-23 15:11:38,Ayran,15,4,1,Garson Ayşe
2025-06-23 21:48:38,İskender,150,65,8,Garson Ali
2025-06-23 14:53:38,Mercimek,40,12,3,Garson Ali
2025-06-23 14:12:38,Su,10,2,1,Garson Ayşe
2025-06-23 21:23:38,Su,10,2,1,Garson Mehmet
2025-06-23 20:00:38,Su,10,2,1,Garson Zeynep
2025-06-23 21:16:38,Su,10,2,1,Garson Ali
2025-06-23 20:01:38,Ayran,15,4,1,Garson Ali
2025-06-23 13:55:38,Künefe,80,35,5,Garson Ayşe
2025-06-23 22:06:38,İskender,150,65,8,Garson Ali
2025-06-23 15:22:38,İskender,150,65,8,Garson Mehmet
2025-06-23 11:46:38,Mercimek,40,12,3,Garson Ayşe
2025-06-23 22:47:38,İskender,150,65,8,Garson Ali
2025-06-22 17:52:38,İskender,150,65,8,Garson Ayşe
2025-06-22 17:48:38,Ayran,15,4,1,Garson Ali
2025-06-22 13:36:38,Beyti,160,70,9,Garson Ali
2025-06-22 15:16:38,Mercimek,40,12,3,Garson Ayşe
2025-06-22 22:34:38,Su,10,2,1,Garson Ali
2025-06-22 20:12:38,Su,10,2,1,Garson Ali
2025-06-22 16:24:38,Beyti,160,70,9,Garson Zeynep
2025-06-22 17:58:38,Su,10,2,1,Garson Ali
2025-06-22 12:27:38,Su,10,2,1,Garson Mehmet
2025-06-22 15:06:38,Ezogelin,40,12,3,Garson Mehmet
2025-06-22 18:37:38,İskender,150,65,8,Garson Ali
2025-06-22 12:48:38,Kola,25,15,1,Garson Zeynep
2025-06-22 11:12:38,Su,10,2,1,Garson Zeynep
2025-06-22 19:14:38,Ezogelin,40,12,3,Garson Zeynep
2025-06-22 18:27:38,Beyti,160,70,9,Garson Ayşe
2025-06-22 22:18:38,Beyti,160,70,9,Garson Ayşe
2025-06-22 23:08:38,Künefe,80,35,5,Garson Ayşe
2025-06-22 20:10:38,Künefe,80,35,5,Garson Ayşe
2025-06-22 23:48:38,Ayran,15,4,1,Garson Ali
2025-06-22 22:48:38,İskender,150,65,8,Garson Ali
2025-06-22 20:48:38,İskender,150,65,8,Garson Ayşe
2025-06-22 14:51:38,Künefe,80,35,5,Garson Mehmet
2025-06-22 13:33:38,Adana,140,60,7,Garson Ali
2025-06-22 11:22:38,Su,10,2,1,Garson Ali
2025-06-22 13:44:38,Ayran,15,4,1,Garson Ayşe
2025-06-22 11:58:38,Beyti,160,70,9,Garson Zeynep
2025-06-22 17:10:38,Ayran,15,4,1,Garson Ali
2025-06-22 16:35:38,Su,10,2,1,Garson Ayşe
2025-06-22 22:41:38,Adana,140,60,7,Garson Mehmet
2025-06-22 21:06:38,Su,10,2,1,Garson Ayşe
2025-06-22 19:08:38,Ezogelin,40,12,3,Garson Mehmet
2025-06-22 12:55:38,Su,10,2,1,Garson Ali
2025-06-22 23:47:38,Kola,25,15,1,Garson Ayşe
2025-06-22 16:48:38,Künefe,80,35,5,Garson Ali
2025-06-22 18:02:38,Su,10,2,1,Garson Ali
2025-06-22 20:49:38,Su,10,2,1,Garson Ali
2025-06-22 19:58:38,Beyti,160,70,9,Garson Ayşe
2025-06-22 18:05:38,Adana,140,60,7,Garson Ayşe
2025-06-22 12:07:38,İskender,150,65,8,Garson Zeynep
2025-06-22 15:05:38,Su,10,2,1,Garson Ayşe
2025-06-22 20:15:38,Su,10,2,1,Garson Ayşe
2025-06-22 13:16:38,Beyti,160,70,9,Garson Ali
2025-06-22 23:27:38,Mercimek,40,12,3,Garson Ayşe
2025-06-22 21:42:38,Künefe,80,35,5,Garson Mehmet
2025-06-22 12:33:38,Kola,25,15,1,Garson Ali
2025-06-22 11:53:38,Su,10,2,1,Garson Mehmet
2025-06-22 13:15:38,Ayran,15,4,1,Garson Zeynep
2025-06-22 14:41:38,Beyti,160,70,9,Garson Mehmet
2025-06-22 21:50:38,Su,10,2,1,Garson Ali
2025-06-22 22:46:38,Beyti,160,70,9,Garson Ali
2025-06-22 16:11:38,İskender,150,65,8,Garson Ayşe
2025-06-22 18:28:38,Beyti,160,70,9,Garson Ayşe
2025-06-22 19:16:38,Mercimek,40,12,3,Garson Ali
2025-06-22 15:15:38,Beyti,160,70,9,Garson Ayşe
2025-06-22 21:14:38,Beyti,160,70,9,Garson Ali
2025-06-22 13:37:38,Beyti,160,70,9,Garson Ali
2025-06-21 18:55:38,Beyti,160,70,9,Garson Zeynep
2025-06-21 14:32:38,İskender,150,65,8,Garson Ali
2025-06-21 18:42:38,Kola,25,15,1,Garson Ayşe
2025-06-21 13:32:38,Adana,140,60,7,Garson Ayşe
2025-06-21 11:07:38,Mercimek,40,12,3,Garson Ayşe
2025-06-21 12:46:38,Su,10,2,1,Garson Zeynep
2025-06-21 22:43:38,Künefe,80,35,5,Garson Ali
2025-06-21 14:40:38,Beyti,160,70,9,Garson Ayşe
2025-06-21 21:16:38,İskender,150,65,8,Garson Mehmet
2025-06-21 22:48:38,İskender,150,65,8,Garson Ayşe
2025-06-21 11:03:38,Mercimek,40,12,3,Garson Ayşe
2025-06-21 14:13:38,Su,10,2,1,Garson Ali
2025-06-21 12:38:38,Mercimek,40,12,3,Garson Ayşe
2025-06-21 13:06:38,Su,10,2,1,Garson Ali
2025-06-21 15:48:38,Ayran,15,4,1,Garson Ayşe
2025-06-21 14:03:38,İskender,150,65,8,Garson Ayşe
2025-06-21 14:59:38,İskender,150,65,8,Garson Ali
2025-06-21 15:50:38,Su,10,2,1,Garson Ali
2025-06-21 13:29:38,İskender,150,65,8,Garson Ali
2025-06-21 16:45:38,Beyti,160,70,9,Garson Mehmet
2025-06-21 12:55:38,Kola,25,15,1,Garson Ayşe
2025-06-21 18:15:38,Mercimek,40,12,3,Garson Mehmet
2025-06-21 14:42:38,Kola,25,15,1,Garson Ayşe
2025-06-21 15:25:38,Beyti,160,70,9,Garson Ayşe
2025-06-21 19:57:38,Kola,25,15,1,Garson Ali
2025-06-21 23:01:38,Su,10,2,1,Garson Ali
2025-06-21 18:30:38,Beyti,160,70,9,Garson Ayşe
2025-06-21 22:46:38,Su,10,2,1,Garson Ayşe
2025-06-21 16:50:38,Kola,25,15,1,Garson Ali
2025-06-21 20:45:38,Su,10,2,1,Garson Ayşe
2025-06-21 14:51:38,Kola,25,15,1,Garson Mehmet
2025-06-21 17:39:38,İskender,150,65,8,Garson Zeynep
2025-06-21 20:13:38,İskender,150,65,8,Garson Ayşe
2025-06-21 22:02:38,Su,10,2,1,Garson Ayşe
2025-06-21 23:58:38,Su,10,2,1,Garson Ayşe
2025-06-21 20:23:38,Künefe,80,35,5,Garson Ali
2025-06-21 23:15:38,İskender,150,65,8,Garson Ali
2025-06-21 13:15:38,Adana,140,60,7,Garson Zeynep
2025-06-21 11:51:38,İskender,150,65,8,Garson Ayşe
2025-06-21 20:43:38,Kola,25,15,1,Garson Ayşe
2025-06-21 17:54:38,Adana,140,60,7,Garson Ali
2025-06-21 16:10:38,Künefe,80,35,5,Garson Ayşe
2025-06-21 15:41:38,İskender,150,65,8,Garson Ali
2025-06-21 21:38:38,Beyti,160,70,9,Garson Ayşe
2025-06-21 11:28:38,Ayran,15,4,1,Garson Ali
2025-06-21 11:22:38,İskender,150,65,8,Garson Ali
2025-06-21 12:16:38,Kola,25,15,1,Garson Ali
2025-06-21 11:48:38,İskender,150,65,8,Garson Ali
2025-06-21 21:11:38,Künefe,80,35,5,Garson Ali
2025-06-21 21:07:38,Su,10,2,1,Garson Mehmet
2025-06-21 23:54:38,Su,10,2,1,Garson Ali
2025-06-21 14:59:38,İskender,150,65,8,Garson Ali
2025-06-21 11:03:38,Künefe,80,35,5,Garson Ali
2025-06-21 21:57:38,Ezogelin,40,12,3,Garson Ayşe
2025-06-21 17:56:38,Ayran,15,4,1,Garson Ali
2025-06-21 17:46:38,Künefe,80,35,5,Garson Ali
2025-06-20 13:04:38,İskender,150,65,8,Garson Ayşe
2025-06-20 20:03:38,Mercimek,40,12,3,Garson Ayşe
2025-06-20 13:56:38,Kola,25,15,1,Garson Ali
2025-06-20 22:49:38,Adana,140,60,7,Garson Ali
2025-06-20 16:17:38,Su,10,2,1,Garson Ali
2025-06-20 13:55:38,İskender,150,65,8,Garson Ali
2025-06-20 18:11:38,İskender,150,65,8,Garson Ayşe
2025-06-20 11:13:38,İskender,150,65,8,Garson Zeynep
2025-06-20 23:11:38,Adana,140,60,7,Garson Ali
2025-06-20 15:35:38,Beyti,160,70,9,Garson Mehmet
2025-06-20 16:07:38,Su,10,2,1,Garson Ayşe
2025-06-20 12:11:38,Su,10,2,1,Garson Ali
2025-06-20 21:08:38,Beyti,160,70,9,Garson Ali
2025-06-20 11:09:38,Su,10,2,1,Garson Ayşe
2025-06-20 12:59:38,Beyti,160,70,9,Garson Ayşe
2025-06-20 11:36:38,Adana,140,60,7,Garson Ali
2025-06-20 20:56:38,Su,10,2,1,Garson Ali
2025-06-20 18:45:38,İskender,150,65,8,Garson Ali
2025-06-20 23:15:38,Beyti,160,70,9,Garson Ayşe
2025-06-20 13:23:38,Beyti,160,70,9,Garson Zeynep
2025-06-20 21:42:38,Su,10,2,1,Garson Ayşe
2025-06-20 11:29:38,Su,10,2,1,Garson Ayşe
2025-06-20 22:04:38,İskender,150,65,8,Garson Mehmet
2025-06-20 15:55:38,Ayran,15,4,1,Garson Mehmet
2025-06-20 18:33:38,Beyti,160,70,9,Garson Ayşe
2025-06-20 23:39:38,Su,10,2,1,Garson Ali
2025-06-20 19:27:38,Su,10,2,1,Garson Ali
2025-06-20 18:47:38,Kola,25,15,1,Garson Ali
2025-06-20 21:12:38,Mercimek,40,12,3,Garson Ali
2025-06-20 20:14:38,Beyti,160,70,9,Garson Ali
2025-06-20 17:06:38,Su,10,2,1,Garson Ayşe
2025-06-19 12:52:38,Su,10,2,1,Garson Ali
2025-06-19 15:06:38,İskender,150,65,8,Garson Ayşe
2025-06-19 21:55:38,Ezogelin,40,12,3,Garson Zeynep
2025-06-19 20:15:38,Kola,25,15,1,Garson Mehmet
2025-06-19 20:14:38,Su,10,2,1,Garson Ayşe
2025-06-19 21:11:38,Su,10,2,1,Garson Ayşe
2025-06-19 17:24:38,İskender,150,65,8,Garson Ali
2025-06-19 11:01:38,Ayran,15,4,1,Garson Ali
2025-06-19 19:55:38,İskender,150,65,8,Garson Ali
2025-06-19 17:27:38,Su,10,2,1,Garson Ali
2025-06-19 14:39:38,Adana,140,60,7,Garson Ayşe
2025-06-19 21:44:38,Su,10,2,1,Garson Ayşe
2025-06-19 22:33:38,İskender,150,65,8,Garson Ali
2025-06-19 14:28:38,Kola,25,15,1,Garson Ali
2025-06-19 15:17:38,İskender,150,65,8,Garson Ayşe
2025-06-19 19:39:38,Ayran,15,4,1,Garson Ayşe
2025-06-19 22:36:38,Beyti,160,70,9,Garson Ali
2025-06-19 11:19:38,İskender,150,65,8,Garson Ayşe
2025-06-19 12:29:38,Beyti,160,70,9,Garson Ali
2025-06-19 14:35:38,Ezogelin,40,12,3,Garson Mehmet
2025-06-19 17:35:38,Beyti,160,70,9,Garson Ayşe
2025-06-19 12:44:38,Ezogelin,40,12,3,Garson Ayşe
2025-06-19 22:40:38,Beyti,160,70,9,Garson Ali
2025-06-19 16:55:38,Künefe,80,35,5,Garson Ayşe
2025-06-19 15:31:38,İskender,150,65,8,Garson Ali
2025-06-19 14:04:38,Kola,25,15,1,Garson Ali
2025-06-19 22:13:38,İskender,150,65,8,Garson Mehmet
2025-06-19 14:29:38,Beyti,160,70,9,Garson Ali
2025-06-19 14:15:38,Su,10,2,1,Garson Ali
2025-06-18 14:01:38,Su,10,2,1,Garson Ali
2025-06-18 11:57:38,İskender,150,65,8,Garson Ali
2025-06-18 16:28:38,İskender,150,65,8,Garson Ali
2025-06-18 16:27:38,Su,10,2,1,Garson Ali
2025-06-18 19:41:38,Beyti,160,70,9,Garson Mehmet
2025-06-18 15:31:38,İskender,150,65,8,Garson Ali
2025-06-18 22:56:38,Su,10,2,1,Garson Ali
2025-06-18 15:00:38,Su,10,2,1,Garson Ayşe
2025-06-18 17:55:38,Kola,25,15,1,Garson Ayşe
2025-06-18 23:11:38,Beyti,160,70,9,Garson Ali
2025-06-18 22:28:38,Ayran,15,4,1,Garson Ali
2025-06-18 15:55:38,Su,10,2,1,Garson Zeynep
2025-06-18 14:15:38,Su,10,2,1,Garson Zeynep
2025-06-18 23:31:38,Su,10,2,1,Garson Ali
2025-06-18 13:03:38,Su,10,2,1,Garson Mehmet
2025-06-18 11:18:38,İskender,150,65,8,Garson Ayşe
2025-06-18 11:41:38,Beyti,160,70,9,Garson Ayşe
2025-06-18 15:44:38,Su,10,2,1,Garson Ali
2025-06-18 22:04:38,Mercimek,40,12,3,Garson Ayşe
2025-06-18 18:29:38,Adana,140,60,7,Garson Ali
2025-06-17 22:46:38,Künefe,80,35,5,Garson Mehmet
2025-06-17 17:55:38,Künefe,80,35,5,Garson Ali
2025-06-17 21:21:38,Su,10,2,1,Garson Ayşe
2025-06-17 15:33:38,İskender,150,65,8,Garson Ali
2025-06-17 19:10:38,Beyti,160,70,9,Garson Ali
2025-06-17 20:40:38,Beyti,160,70,9,Garson Ali
2025-06-17 22:32:38,İskender,150,65,8,Garson Ali
2025-06-17 17:25:38,Künefe,80,35,5,Garson Ali
2025-06-17 22:29:38,Kola,25,15,1,Garson Ayşe
2025-06-17 20:35:38,Beyti,160,70,9,Garson Ali
2025-06-17 22:02:38,Künefe,80,35,5,Garson Ali
2025-06-17 17:02:38,Kola,25,15,1,Garson Ayşe
2025-06-17 12:14:38,Künefe,80,35,5,Garson Ayşe
2025-06-17 22:11:38,Su,10,2,1,Garson Ayşe
2025-06-17 22:20:38,İskender,150,65,8,Garson Ali
2025-06-17 13:43:38,Su,10,2,1,Garson Ayşe
2025-06-17 17:07:38,İskender,150,65,8,Garson Ayşe
2025-06-17 18:46:38,Künefe,80,35,5,Garson Ali
2025-06-17 15:59:38,Su,10,2,1,Garson Mehmet
2025-06-17 21:53:38,Ayran,15,4,1,Garson Ali
2025-06-17 12:53:38,Künefe,80,35,5,Garson Ayşe
2025-06-17 18:55:38,Kola,25,15,1,Garson Ali
2025-06-16 23:50:38,Su,10,2,1,Garson Ayşe
2025-06-16 22:09:38,Su,10,2,1,Garson Ali
2025-06-16 18:24:38,Kola,25,15,1,Garson Zeynep
2025-06-16 21:29:38,Su,10,2,1,Garson Ayşe
2025-06-16 20:22:38,Mercimek,40,12,3,Garson Ali
2025-06-16 23:36:38,Beyti,160,70,9,Garson Mehmet
2025-06-16 12:11:38,Su,10,2,1,Garson Ali
2025-06-16 20:54:38,Su,10,2,1,Garson Ayşe
2025-06-16 23:31:38,Beyti,160,70,9,Garson Ali
2025-06-16 18:49:38,Ayran,15,4,1,Garson Ali
2025-06-16 18:22:38,Ayran,15,4,1,Garson Ayşe
2025-06-16 18:25:38,Ayran,15,4,1,Garson Ali
2025-06-16 22:51:38,Kola,25,15,1,Garson Ayşe
2025-06-16 17:53:38,Kola,25,15,1,Garson Ayşe
2025-06-16 19:56:38,Beyti,160,70,9,Garson Ali
2025-06-16 16:55:38,Su,10,2,1,Garson Ayşe
2025-06-16 23:45:38,İskender,150,65,8,Garson Ayşe
2025-06-16 20:36:38,İskender,150,65,8,Garson Ali
2025-06-16 22:24:38,Kola,25,15,1,Garson Ali
2025-06-16 22:21:38,Künefe,80,35,5,Garson Ali
2025-06-16 16:25:38,Beyti,160,70,9,Garson Ali
2025-06-16 22:38:38,Beyti,160,70,9,Garson Mehmet
2025-06-16 21:07:38,Mercimek,40,12,3,Garson Mehmet
2025-06-16 20:23:38,Beyti,160,70,9,Garson Ali
2025-06-16 22:49:38,Kola,25,15,1,Garson Ali
2025-06-16 21:12:38,İskender,150,65,8,Garson Ayşe
2025-06-16 22:44:38,İskender,150,65,8,Garson Ayşe
2025-06-16 18:47:38,Adana,140,60,7,Garson Ali
2025-06-16 12:07:38,İskender,150,65,8,Garson Mehmet
2025-06-16 17:21:38,Ayran,15,4,1,Garson Ali
2025-06-16 13:55:38,Adana,140,60,7,Garson Ayşe
2025-06-15 15:54:38,Ayran,15,4,1,Garson Ali
2025-06-15 11:18:38,Su,10,2,1,Garson Ali
2025-06-15 21:32:38,İskender,150,65,8,Garson Ali
2025-06-15 18:57:38,Ezogelin,40,12,3,Garson Mehmet
2025-06-15 14:05:38,İskender,150,65,8,Garson Ali
2025-06-15 21:24:38,İskender,150,65,8,Garson Mehmet
2025-06-15 20:17:38,Künefe,80,35,5,Garson Ayşe
2025-06-15 17:35:38,Ayran,15,4,1,Garson Ayşe
2025-06-15 21:55:38,Su,10,2,1,Garson Ali
2025-06-15 19:57:38,Ayran,15,4,1,Garson Ayşe
2025-06-15 22:57:38,Su,10,2,1,Garson Ali
2025-06-15 13:52:38,Su,10,2,1,Garson Ayşe
2025-06-15 14:30:38,Mercimek,40,12,3,Garson Ayşe
2025-06-15 19:17:38,İskender,150,65,8,Garson Ali
2025-06-15 20:19:38,Ayran,15,4,1,Garson Ali
2025-06-15 12:35:38,Su,10,2,1,Garson Ayşe
2025-06-15 17:09:38,Ezogelin,40,12,3,Garson Ayşe
2025-06-15 17:13:38,Beyti,160,70,9,Garson Ayşe
2025-06-15 13:36:38,Beyti,160,70,9,Garson Ali
2025-06-15 12:54:38,Su,10,2,1,Garson Ali
2025-06-15 17:38:38,İskender,150,65,8,Garson Ali
2025-06-15 13:47:38,İskender,150,65,8,Garson Ali
2025-06-15 19:07:38,İskender,150,65,8,Garson Ayşe
2025-06-15 14:47:38,Ayran,15,4,1,Garson Ali
2025-06-15 16:41:38,İskender,150,65,8,Garson Ali
2025-06-15 19:35:38,Mercimek,40,12,3,Garson Ali
2025-06-15 14:48:38,Ayran,15,4,1,Garson Ayşe
2025-06-15 20:01:38,Künefe,80,35,5,Garson Ali
2025-06-15 16:25:38,Ayran,15,4,1,Garson Mehmet
2025-06-15 17:55:38,Adana,140,60,7,Garson Ali
2025-06-15 12:01:38,Su,10,2,1,Garson Ali
2025-06-15 12:27:38,Kola,25,15,1,Garson Ayşe
2025-06-15 12:35:38,Adana,140,60,7,Garson Ali
2025-06-15 21:07:38,İskender,150,65,8,Garson Ali
2025-06-15 11:39:38,Künefe,80,35,5,Garson Ali
2025-06-15 14:18:38,İskender,150,65,8,Garson Ali
2025-06-15 18:02:38,İskender,150,65,8,Garson Ali
2025-06-15 23:45:38,İskender,150,65,8,Garson Ali
2025-06-15 16:26:38,Mercimek,40,12,3,Garson Ali
2025-06-15 22:39:38,Mercimek,40,12,3,Garson Ayşe
2025-06-15 14:35:38,Beyti,160,70,9,Garson Ali
2025-06-15 23:50:38,İskender,150,65,8,Garson Ayşe
2025-06-15 17:44:38,Adana,140,60,7,Garson Ali
2025-06-15 11:35:38,Beyti,160,70,9,Garson Ali
2025-06-15 20:14:38,Su,10,2,1,Garson Ali
2025-06-15 13:02:38,İskender,150,65,8,Garson Ayşe
2025-06-15 12:26:38,İskender,150,65,8,Garson Zeynep
2025-06-15 19:36:38,Beyti,160,70,9,Garson Ali
2025-06-15 12:42:38,Su,10,2,1,Garson Ayşe
2025-06-15 21:53:38,İskender,150,65,8,Garson Ali
2025-06-15 21:09:38,Künefe,80,35,5,Garson Ali
2025-06-15 12:31:38,Adana,140,60,7,Garson Ali
2025-06-15 21:04:38,Adana,140,60,7,Garson Ayşe
2025-06-15 12:54:38,Adana,140,60,7,Garson Ali
2025-06-15 12:38:38,Beyti,160,70,9,Garson Ali
2025-06-15 22:08:38,İskender,150,65,8,Garson Ali
2025-06-15 14:25:38,Künefe,80,35,5,Garson Ali
2025-06-15 16:21:38,Mercimek,40,12,3,Garson Zeynep
2025-06-15 11:56:38,Adana,140,60,7,Garson Ayşe
2025-06-15 11:39:38,Künefe,80,35,5,Garson Ali
2025-06-15 15:25:38,İskender,150,65,8,Garson Ali
2025-06-15 18:23:38,İskender,150,65,8,Garson Mehmet
2025-06-15 17:41:38,Su,10,2,1,Garson Zeynep
2025-06-15 17:30:38,Su,10,2,1,Garson Mehmet
2025-06-15 14:47:38,İskender,150,65,8,Garson Ali
2025-06-15 23:42:38,Beyti,160,70,9,Garson Ali
2025-06-15 21:06:38,İskender,150,65,8,Garson Ali
2025-06-15 11:50:38,Su,10,2,1,Garson Ayşe
2025-06-15 11:20:38,Su,10,2,1,Garson Ayşe
2025-06-15 13:05:38,Su,10,2,1,Garson Ali
2025-06-15 15:56:38,İskender,150,65,8,Garson Ayşe
2025-06-15 16:55:38,Su,10,2,1,Garson Mehmet
2025-06-15 16:54:38,Ezogelin,40,12,3,Garson Zeynep
2025-06-15 21:26:38,Mercimek,40,12,3,Garson Ayşe
2025-06-15 23:17:38,Su,10,2,1,Garson Zeynep
2025-06-15 15:48:38,Su,10,2,1,Garson Ayşe
2025-06-15 20:39:38,İskender,150,65,8,Garson Ayşe
2025-12-12 14:03:48,Mercimek,40,12,3,Garson Ali
2025-12-12 14:03:48,Ezogelin,40,12,3,Garson Ali
2025-12-12 14:03:50,Künefe,80,35,5,Garson Ali
2025-12-12 14:03:54,Beyti,160,70,9,Garson Ali
2025-12-12 14:03:54,Beyti,160,70,9,Garson Ali
2025-12-12 14:04:10,Su,10,2,1,Garson Ali
2025-12-12 14:04:12,Mercimek,40,12,3,Garson Ali
2025-12-12 14:04:12,Ezogelin,40,12,3,Garson Ali
2025-12-12 14:04:14,Künefe,80,35,5,Garson Ali
2025-12-12 14:04:16,Adana,140,60,7,Garson Ali
2025-12-12 14:04:18,Beyti,160,70,9,Garson Ali
2025-12-12 14:51:51,Su,10,2,1,Yönetici
2025-12-12 14:51:51,Su,10,2,1,Yönetici
2025-12-12 14:51:51,Su,10,2,1,Yönetici
2025-12-12 14:52:03,Adana,140,60,7,Yönetici
2025-12-12 14:52:03,Adana,140,60,7,Yönetici
2025-12-12 14:52:03,Adana,140,60,7,Yönetici
2025-12-12 14:52:03,İskender,150,65,8,Yönetici
2025-12-12 15:23:41,Beyti,160,70,9,Ali
2025-12-12 15:23:41,Beyti,160,70,9,Ali
2025-12-12 15:23:41,Beyti,160,70,9,Ali
2025-12-12 15:23:41,Beyti,160,70,9,Ali
2025-12-12 15:23:41,Beyti,160,70,9,Ali
2025-12-12 15:25:22,Beyti,160,70,9,Ali
2025-12-12 15:25:22,Beyti,160,70,9,Ali
2025-12-12 15:25:22,Beyti,160,70,9,Ali
